"SNDB_record_number","SNDB_study_number","notes","latitude","longitude","elevation_m","MAT","MAP","climate_type","biome_name","treatment","treatment_level","lyr_top","lyr_btm","horizon","soil_type","ecosystem","wetland_type","plant_species","year_sampled","fraction_scheme","aggregate_size","gluN","murA","galN","manN","microbial_necromass_C","fungal_necromass_C","bacterial_necromass_C","bacterial_biomass_C","fungal_biomass_C","microbial_biomass_C","microbial_biomass_N","SOC","soil_C","soil_N","pH","pH_method","clay","silt","sand","elevation"
"1","165",,"52.1","-102.92","512","0.11","466.98","cold/snow","Boreal Forests/Taigas",,,"0","10",,"Argic Cryoborolls","grassland",,,,"bulk soil",,"1576","151","952","50","19040.6","12245.6","6795",,,,,,"34.8","3.25",,,"23.4","19.4","57.2",
"2","165",,"51.6","-104.41","580","1.66","410.73","cold/snow","Temperate Grasslands, Savannas & Shrublands",,,"0","10",,"Typic Cryoborolls","grassland",,,,"bulk soil",,"1278","118","822","46","15297.2","9987.2","5310",,,,,,"26.4","2.5",,,"18.8","19","62.2",
"3","165",,"50.57","-106.27","244","2.97","371.69","cold/snow","Temperate Grasslands, Savannas & Shrublands",,,"0","10",,"Typic Cryoborolls","grassland",,,,"bulk soil",,"1534","68","782","53","15993.1","12933.1","3060",,,,,,"22.7","2.4",,,"16.9","25","58.1",
"4","165",,"47.42","-94.74","233","4.41","647.61","cold/snow","Temperate Broadleaf & Mixed Forests",,,"0","10",,"Typic Haoloborolls","grassland",,,,"bulk soil",,"1161","44","555","36","11864.2","9884.2","1980",,,,,,"16","1.68",,,"26.8","17.2","56",
"5","165",,"47.28","-100.98","197","5.08","420.65","cold/snow","Temperate Grasslands, Savannas & Shrublands",,,"0","10",,"Aridic Argiborolls","grassland",,,,"bulk soil",,"781","70","434","17","9280.4","6130.4","3150",,,,,,"11.3","1.31",,,"25.1","20.7","54.2",
"6","165",,"48.65","-108.73","688","3.83","335.79","arid","Temperate Grasslands, Savannas & Shrublands",,,"0","10",,"Pachic Udic Haploborolls","grassland",,,,"bulk soil",,"1849","124","996","62","20629.2","15049.2","5580",,,,,,"32.7","2.94",,,"40.3","24.8","34.9",
"7","165",,"45.01","-106.78","33","6.73","348.22","arid","Temperate Grasslands, Savannas & Shrublands",,,"0","10",,"Ustic Haplargids","grassland",,,,"bulk soil",,"883","84","451","30","10648.7","6868.7","3780",,,,,,"14.1","1.43",,,"38.2","32.8","29",
"8","165",,"41.71","-104.37","252","8.75","411.21","arid","Temperate Grasslands, Savannas & Shrublands",,,"0","10",,"Aridic Paleustolls","grassland",,,,"bulk soil",,"576","19","264","13","5795.1","4940.1","855",,,,,,"7.7","0.88",,,"25.6","14.5","59.9",
"9","165",,"41.29","-99.91","154","9.44","578.96","cold/snow","Temperate Grasslands, Savannas & Shrublands",,,"0","10",,"Typic Argiudolls","grassland",,,,"bulk soil",,"1494","56","709","35","15247.1","12727.1","2520",,,,,,"19.7","2.06",,,"36.3","23.7","40",
"10","165",,"41.52","-100.05","28","9.28","559.23","cold/snow","Temperate Grasslands, Savannas & Shrublands",,,"0","10",,"Typic Argiustolls","grassland",,,,"bulk soil",,"862","38","396","21","8980.2","7270.2","1710",,,,,,"14","1.41",,,"21.5","21.7","56.8",
"11","165",,"40.14","-96.98","422","11.22","765.49","cold/snow","Temperate Grasslands, Savannas & Shrublands",,,"0","10",,"Entic Argiudolls","grassland",,,,"bulk soil",,"901","52","546","45","9781.5","7441.5","2340",,,,,,"15.6","1.4",,,"25.9","30.2","43.9",
"12","165",,"41.44","-96.43","357","9.9","750.48","cold/snow","Temperate Grasslands, Savannas & Shrublands",,,"0","10",,"Pachic Argiudolls","grassland",,,,"bulk soil",,"886","60","396","47","9903.8","7203.8","2700",,,,,,"15","1.57",,,"32.2","15.9","51.9",
"13","165",,"38.37","-95.42","309","13.65","1029.41","temperate","Temperate Grasslands, Savannas & Shrublands",,,"0","10",,"Mollic Albaqualfs","grassland",,,,"bulk soil",,"804","30","313","37","8200.9","6850.9","1350",,,,,,"10.1","1.54",,,"15.5","46.7","37.8",
"14","165",,"33.3","-103.36","1244","14.77","411.84","arid","Temperate Grasslands, Savannas & Shrublands",,,"0","10",,"Aridic Paleustalfs","grassland",,,,"bulk soil",,"160","12","70","4","1826","1286","540",,,,,,"4.26","0.47",,,"11.3","2","86.7",
"15","165",,"32.82","-98.47","337","18.73","757.98","temperate","Temperate Grasslands, Savannas & Shrublands",,,"0","10",,"Udertic Paleustolls","grassland",,,,"bulk soil",,"423","28","201","14","4707.6","3447.6","1260",,,,,,"12.9","0.99",,,"27.3","13.4","59.3",
"16","165",,"31.72","-94.59","133","18.51","1165.29","temperate","Temperate Conifer Forests",,,"0","10",,"Typic Argiaquolls","grassland",,,,"bulk soil",,"676","31","260","18","7081.1","5686.1","1395",,,,,,"11.5","1.04",,,"22.2","17.9","59.9",
"17","165",,"30.19","-97.05","167","19.94","902.28","temperate","Temperate Broadleaf & Mixed Forests",,,"0","10",,"Pachic Argiustolls","grassland",,,,"bulk soil",,"244","9","122","6","2485.5","2080.5","405",,,,,,"11.2","0.89",,,"27.9","8.4","63.7",
"18","164",,"52.26","13.13","167","9.05","561.79","temperate","Temperate Broadleaf & Mixed Forests",,,"0","10",,,"grassland",,,,"bulk soil",,"830","64",,,"9528.4","6648.4","2880",,,"344",,,"16.3","1.7","6.9",,"17","77","6",
"19","163",,"51.283","9.983",,"7.08","684.49","temperate","Temperate Broadleaf & Mixed Forests","amendment","OFM","0","20",,"Eutric Cambisols","cropland",,,,"bulk soil",,"317","27.2",,,"3727.8","2503.8","1224","1224","2503.77",,,"14.4",,"1.23","7.8","water","14.1","41.6","44.3",
"20","163",,"51.317","9.867",,"7.08","684.49","temperate","Temperate Broadleaf & Mixed Forests","amendment","CFM","0","20",,"Eutric Cambisols","cropland",,,,"bulk soil",,"316","24.2",,,"3622.3","2533.3","1089","1089","2533.29",,,"10.6",,"1.12","7.9","water","17.5","45.8","36.7",
"21","162",,"51.25","4.767",,"10.19","800.05","temperate","Temperate Broadleaf & Mixed Forests",,,"0","10",,"Luvisols","grassland",,,,"bulk soil",,"885","26","299",,"8801.2","7631.2","1170","1170","7631.18",,,,"21.00","2","6.32",,"2.5","4.5","93",
"22","161",,"50.617","3.567",,"10.09","760.28","temperate","Temperate Broadleaf & Mixed Forests",,,"0","10",,"Luvisols","cropland",,,,"bulk soil",,"164","11","77",,"1829.8","1334.8","495","1151.55","3016.47",,,"11.3",,"1.1",,,"17.3","66.5","16.2",
"23","160",,"40.02","72.39","2900","10.92","236.51","arid","Montane Grasslands & Shrublands",,,"0","20",,,"grassland",,,,"aggregate","0.250-2mm","6200","300","2500","140","65448.9","51948.9","13500",,,,,,,,,,,,,
"24","160",,"40.02","72.39","2900","10.92","236.51","arid","Montane Grasslands & Shrublands",,,"0","20",,,"grassland",,,,"aggregate","<0.250mm","7100","400","3200","800","76765.2","58765.2","18000",,,,,,,,,,,,,
"25","160","calculated FNC is negative, but AS values are correct (as reported in the text)","40.02","72.39","2900","10.92","236.51","arid","Montane Grasslands & Shrublands",,,"0","20",,,"grassland",,,,"aggregate","0.002-0.02mm","3200","3100","1400","1600","139500","0","139500",,,,,,,,,,,,,
"26","160",,"40.02","72.39","2900","10.92","236.51","arid","Montane Grasslands & Shrublands",,,"0","20",,,"grassland",,,,"aggregate","<0.002mm","12000","4300","6900","400","246300.5","52800.5","193500",,,,,,,,,,,,,
"27","160",,"40.02","72.39","2900","10.92","236.51","arid","Montane Grasslands & Shrublands",,,"0","1.5","litter",,"forest",,,,"bulk soil",,"5600","2000","700","1400","114725.8","24725.8","90000",,,,,"465.7","465.7","11.5",,,,,,
"28","160",,"40.02","72.39","2900","10.92","236.51","arid","Montane Grasslands & Shrublands",,,"1.5","4.5","Of",,"forest",,,,"bulk soil",,"11200","2600","5800","300","184423.6","67423.6","117000",,,,,"340.3","340.3","15.5","7.1","CaCl2",,,,
"29","160",,"40.02","72.39","2900","10.92","236.51","arid","Montane Grasslands & Shrublands",,,"4.5","6.5","Oh",,"forest",,,,"bulk soil",,"11400","2200","6000","300","173358.4","74358.4","99000",,,,,"258.6","258.6","13.2","7.2","CaCl2",,,,
"30","160",,"40.02","72.39","2900","10.92","236.51","arid","Montane Grasslands & Shrublands",,,"6.5","16.5","A",,"forest",,,,"bulk soil",,"4800","1300","2500","600","85011.8","26511.8","58500",,,,,"130.8","130.8","8.6","7","CaCl2",,,,
"31","160",,"40.02","72.39","2900","10.92","236.51","arid","Montane Grasslands & Shrublands",,,"0","10",,,"forest",,,,"aggregate","0.250-2mm","5100","1200","2400","700","84495.5","30495.5","54000",,,,,"130.8","130.8",,,,,,,
"32","160",,"40.02","72.39","2900","10.92","236.51","arid","Montane Grasslands & Shrublands",,,"0","10",,,"forest",,,,"aggregate","0.020-0.250mm","6600","2600","2400","2700","143023.6","26023.6","117000",,,,,"130.8","130.8",,,,,,,
"33","160","calculated FNC is negative, but AS values are correct (as reported in the text)","40.02","72.39","2900","10.92","236.51","arid","Montane Grasslands & Shrublands",,,"0","10",,,"forest",,,,"aggregate","0.002-0.02mm","4100","3600","2300","800","162000","0","162000",,,,,"130.8","130.8",,,,,,,
"34","160",,"40.02","72.39","2900","10.92","236.51","arid","Montane Grasslands & Shrublands",,,"0","10",,,"forest",,,,"aggregate","<0.002mm","11100","4900","6000","300","257498.3","36998.3","220500",,,,,"130.8","130.8",,,,,,,
"35","160",,"40.02","72.39","2900","10.92","236.51","arid","Montane Grasslands & Shrublands",,,"0","10","A",,"grassland",,,,"bulk soil",,"7100","500","3500","300","79981.5","57481.5","22500",,,,,"87.7","87.7","11.5","5.6","CaCl2",,,,
"36","159",,"41.517","123.4",,"8.39","695.67","cold/snow","Temperate Broadleaf & Mixed Forests",,,"0","20",,,"cropland",,,,"bulk soil",,"495","15",,,"4937.4","4262.4","675","675","4262.41",,,"10.02",,"1.21","3.51",,"4.4",,,
"37","159",,"43.6","124.667",,"5.98","578.92","cold/snow","Temperate Broadleaf & Mixed Forests",,,"0","20",,,"cropland",,,,"bulk soil",,"572.23","35.3",,,"6285.4","4696.9","1588.5","1588.5","4696.85",,,"12.51",,"1.52","6",,,,,
"38","158",,"41.31","123.24","55","8.18","795.71","cold/snow","Temperate Broadleaf & Mixed Forests",,,"0","20",,"Alfisols","cropland",,,,"bulk soil",,"690","37","103",,"7400","5735","1665",,,,,,"11.37","1.21","6",,,,,
"39","158",,"41.31","123.24","55","8.18","795.71","cold/snow","Temperate Broadleaf & Mixed Forests",,,"0","20",,"Alfisols","cropland",,,,"bulk soil",,"549","29","249",,"5873.7","4568.7","1305",,,,,,"11.37","1.21","6",,,,,
"40","157",,"51.46","9.98","228","7.08","684.49","temperate","Temperate Broadleaf & Mixed Forests","amendment","control","0","10",,,"cropland",,,"1999","bulk soil",,"600","31",,,"6397.1","5002.1","1395","314",,,,,"12.00","1.1","6.9","water","12","14","74",
"41","157",,"51.46","9.98","228","7.08","684.49","temperate","Temperate Broadleaf & Mixed Forests","amendment","maize straw","0","10",,,"cropland",,,"1999","bulk soil",,"680","41",,,"7438.7","5593.7","1845","393",,,,,,,"6.9","water","12","14","74",
"42","157",,"51.46","9.98","228","7.08","684.49","temperate","Temperate Broadleaf & Mixed Forests","amendment","extracted maize straw","0","10",,,"cropland",,,"1999","bulk soil",,"740","36",,,"7817.9","6197.9","1620","322",,,,,,,"6.9","water","12","14","74",
"43","157",,"51.46","9.98","228","7.08","684.49","temperate","Temperate Broadleaf & Mixed Forests","amendment","fumigated + extracted maize","0","10",,,"cropland",,,"1999","bulk soil",,"680","35",,,"7245.7","5670.7","1575","324",,,,,,,"6.9","water","12","14","74",
"44","156",,"47.5","7.55","301","9","1089.28","temperate","Temperate Broadleaf & Mixed Forests","amendment","biodynamic organic","0","5",,"Haplic Luvisol","cropland",,,,"bulk soil",,"780","68","300",,"9207.1","6147.1","3060","3","6.2",,,"16",,"2","5.8","0.1 M KCl",,,,
"45","156",,"47.5","7.55","301","9","1089.28","temperate","Temperate Broadleaf & Mixed Forests","amendment","bioorganic","0","5",,"Haplic Luvisol","cropland",,,,"bulk soil",,"740","60","260",,"8589.8","5889.8","2700","2.7","5.9",,,"14.4",,"1.8","5.4","0.1 M KCl","16","72","12",
"46","156",,"47.5","7.55","301","9","1089.28","temperate","Temperate Broadleaf & Mixed Forests","amendment","conventional1","0","5",,"Haplic Luvisol","cropland",,,,"bulk soil",,"710","55","230",,"8159","5684","2475","2.5","5.7",,,"13.5",,"1.9","5.3","0.1 M KCl","16","72","12",
"47","156",,"47.5","7.55","301","9","1089.28","temperate","Temperate Broadleaf & Mixed Forests","amendment","conventional2","0","5",,"Haplic Luvisol","cropland",,,,"bulk soil",,"660","45","210",,"7387.3","5362.3","2025","2","5.4",,,"12.3",,,"4.5","0.1 M KCl",,,,
"48","155",,"52.25","10.25","90","9","697.7","temperate","Temperate Broadleaf & Mixed Forests",,,"0","10",,"Planosols","forest",,,,"bulk soil",,"2730","210","1840","160","31324.2","21874.2","9450",,,"610",,,"59.9","4.3","3.9",,"15","77","8",
"49","155",,"52.25","10.25","90","9","697.7","temperate","Temperate Broadleaf & Mixed Forests",,,"0","10",,"Planosols","forest",,,,"bulk soil",,"2640","140","1550","49","28262.8","21962.8","6300",,,"520",,,"58","2.4","3.9",,"6","39","55",
"50","155",,"52.25","10.25","90","9","697.7","temperate","Temperate Broadleaf & Mixed Forests",,,"0","10",,"Gleysols","cropland",,,,"bulk soil",,"1180","140","690","33","15122.8","8822.8","6300",,,"450",,,"18.6","1.8","7",,"35","55","10",
"51","155",,"52.25","10.25","90","9","697.7","temperate","Temperate Broadleaf & Mixed Forests",,,"0","10",,"Gleysols","cropland",,,,"bulk soil",,"1190","117","840",,"14473.1","9208.1","5265",,,"360",,,"15.1","1.4","7.3",,"34","56","10",
"52","155",,"52.25","10.25","90","9","697.7","temperate","Temperate Broadleaf & Mixed Forests",,,"0","10",,"Gleysols","cropland",,,,"bulk soil",,"1400","110","910",,"16137.9","11187.9","4950",,,"200",,,"14","1.2","7.8",,"18","66","16",
"53","155",,"52.25","10.25","90","9","697.7","temperate","Temperate Broadleaf & Mixed Forests",,,"0","10",,"Gleysols","cropland",,,,"bulk soil",,"980","67","540",,"10974.9","7959.9","3015",,,"180",,,"7.8","0.7","7.4",,"8","8","84",
"54","154",,"47.433","126.633",,"1.97","543.87","cold/snow","Temperate Broadleaf & Mixed Forests","amendment","CK","0","20",,,"cropland",,,,"bulk soil",,"1065.42","60.75",,,"11542.7","8808.9","2733.8","2733.65","8808.83",,,"25.63",,"1.99","6.49",,"35.78",,,
"55","154",,"47.433","126.633",,"1.97","543.87","cold/snow","Temperate Broadleaf & Mixed Forests","amendment","OM0","0","20",,,"cropland",,,,"bulk soil",,"1158.88","74.77",,,"12834.7","9470.1","3364.6","3364.49","9469.98",,,"26.45",,"2.08","6.02",,,,,
"56","154",,"47.433","126.633",,"1.97","543.87","cold/snow","Temperate Broadleaf & Mixed Forests","amendment","OM1","0","20",,,"cropland",,,,"bulk soil",,"1154.21","70.09",,,"12642.2","9488.1","3154.1","3154.21","9487.94",,,"28.83",,"2.2","5.88",,,,,
"57","154",,"47.433","126.633",,"1.97","543.87","cold/snow","Temperate Broadleaf & Mixed Forests","amendment","OM2","0","20",,,"cropland",,,,"bulk soil",,"1214.95","79.44",,,"13489.6","9914.8","3574.8","3574.77","9914.61",,,"29.36",,"2.29","5.94",,,,,
"58","154",,"47.433","126.633",,"1.97","543.87","cold/snow","Temperate Broadleaf & Mixed Forests","amendment","OM3","0","20",,,"cropland",,,,"bulk soil",,"1280.37","70.09",,,"13777.7","10623.6","3154.1","3154.21","10623.38",,,"30.25",,"2.51","6.04",,,,,
"59","154",,"47.433","126.633",,"1.97","543.87","cold/snow","Temperate Broadleaf & Mixed Forests","amendment","CK","0","20",,,"cropland",,,,"bulk soil",,"1089","58.6",,,"11685.7","9048.7","2637","2637","9048.62",,,"27.23",,"2.18","6.11",,,,,
"60","154",,"47.433","126.633",,"1.97","543.87","cold/snow","Temperate Broadleaf & Mixed Forests","amendment","NPK","0","20",,,"cropland",,,,"bulk soil",,"1135","64.4",,,"12286.3","9388.3","2898","2898","9388.15",,,"27.77",,"2.13","6.12",,"40.8",,,
"61","154",,"47.433","126.633",,"1.97","543.87","cold/snow","Temperate Broadleaf & Mixed Forests","amendment","NPKS1","0","20",,,"cropland",,,,"bulk soil",,"1167","66.6",,,"12645.1","9648.1","2997","2997","9647.91",,,"28.79",,"2.22","6.05",,"40.8",,,
"62","154",,"47.433","126.633",,"1.97","543.87","cold/snow","Temperate Broadleaf & Mixed Forests","amendment","NPKS2","0","20",,,"cropland",,,,"bulk soil",,"1120","71",,,"12363.6","9168.6","3195","3195","9168.41",,,"28.44",,"2.17","5.89",,"40.8",,,
"63","154",,"47.433","126.633",,"1.97","543.87","cold/snow","Temperate Broadleaf & Mixed Forests","amendment","NPKM","0","20",,,"cropland",,,,"bulk soil",,"1179","88.9",,,"13470.3","9469.8","4000.5","4000.5","9469.59",,,"29.79",,"2.41","5.78",,"40.8",,,
"64","153",,"47.43","126.63","196","1.97","543.87","cold/snow","Temperate Broadleaf & Mixed Forests","amendment","CK","0","20",,,"cropland",,"maize-soybean-wheat","2011","bulk soil",,"1089","58.6","565.4",,"11685.7","9048.7","2637",,,"286",,"26.9","27.23","2.18","6.12","water","41.3","32.8","26",
"65","153",,"47.43","126.63","196","1.97","543.87","cold/snow","Temperate Broadleaf & Mixed Forests","amendment","NPK","0","20",,,"cropland",,"maize-soybean-wheat","2011","bulk soil",,"1135","64.4","590.9",,"12286.3","9388.3","2898",,,"275",,,"27.77","2.13","6.05","water","41.3","32.8","26",
"66","153",,"47.43","126.63","196","1.97","543.87","cold/snow","Temperate Broadleaf & Mixed Forests","amendment","NPKS1","0","20",,,"cropland",,"maize-soybean-wheat","2011","bulk soil",,"1167","66.6","594.8",,"12645.1","9648.1","2997",,,"288",,,"28.79","2.22","5.89","water","41.3","32.8","26",
"67","153",,"47.43","126.63","196","1.97","543.87","cold/snow","Temperate Broadleaf & Mixed Forests","amendment","NPKS2","0","20",,,"cropland",,"maize-soybean-wheat","2011","bulk soil",,"1120","71","620.6",,"12363.6","9168.6","3195",,,"329",,,"28.44","2.17","5.78","water","41.3","32.8","26",
"68","153",,"47.43","126.63","196","1.97","543.87","cold/snow","Temperate Broadleaf & Mixed Forests","amendment","NPKM","0","20",,,"cropland",,"maize-soybean-wheat","2011","bulk soil",,"1179","88.9","590.6",,"13470.3","9469.8","4000.5",,,"361",,,"29.79","2.41","6.1","water","41.3","32.8","26",
"69","152",,"24.367","56.567","180","27.37","83.72","arid","Deserts & Xeric Shrublands","amendment","Initial contents","0","10",,"hyperthermic Typic Torrifluvent","cropland",,,"2010","bulk soil",,"80","26","31",,"1556.2","386.2","1170",,,,,"7.6",,"0.40",,,"5","13","82",
"70","152",,"24.367","56.567","180","27.37","83.72","arid","Deserts & Xeric Shrublands","amendment","Mineral","0","10",,"hyperthermic Typic Torrifluvent","cropland",,,"2010","bulk soil",,"53","23","26",,"1216.7","181.7","1035",,,,,"8.5",,"0.54",,,"5","13","82",
"71","152",,"24.367","56.567","180","27.37","83.72","arid","Deserts & Xeric Shrublands","amendment","Manure","0","10",,"hyperthermic Typic Torrifluvent","cropland",,,"2010","bulk soil",,"70","28","32",,"1530.6","270.6","1260",,,,,"9.1",,"0.63",,,"5","13","82",
"72","152",,"24.367","56.567","180","27.37","83.72","arid","Deserts & Xeric Shrublands","amendment","Manure fed charcoal","0","10",,"hyperthermic Typic Torrifluvent","cropland",,,"2010","bulk soil",,"64","29","30",,"1508.7","203.7","1305",,,,,"10.6",,"0.67",,,"5","13","82",
"73","152",,"24.367","56.567","180","27.37","83.72","arid","Deserts & Xeric Shrublands","amendment","Manure mix charcoal","0","10",,"hyperthermic Typic Torrifluvent","cropland",,,"2010","bulk soil",,"70","27","31",,"1498.4","283.4","1215",,,,,"10.5",,"0.64",,,"5","13","82",
"74","152",,"24.367","56.567","180","27.37","83.72","arid","Deserts & Xeric Shrublands",,"Manure fed tannin","0","10",,"hyperthermic Typic Torrifluvent","cropland",,,"2010","bulk soil",,"80","30","34",,"1684.9","334.9","1350",,,,,"9.6",,"0.70",,,"5","13","82",
"75","152",,"24.367","56.567","180","27.37","83.72","arid","Deserts & Xeric Shrublands",,"Manure mix tannin","0","10",,"hyperthermic Typic Torrifluvent","cropland",,,"2010","bulk soil",,"66","28","31",,"1494.6","234.6","1260",,,,,"10.3",,"0.68",,,"5","13","82",
"76","152",,"24.367","56.567","180","27.37","83.72","arid","Deserts & Xeric Shrublands",,"Mineral","0","10",,"hyperthermic Typic Torrifluvent","cropland",,,"2010","bulk soil",,"66","25","24",,"1398.1","273.1","1125",,,,,"5.7",,"0.32",,,"5","13","82",
"77","152",,"24.367","56.567","180","27.37","83.72","arid","Deserts & Xeric Shrublands",,"Manure","0","10",,"hyperthermic Typic Torrifluvent","cropland",,,"2010","bulk soil",,"127","41","44",,"2461.7","616.7","1845",,,,,"7.6",,"0.54",,,"5","13","82",
"78","152",,"24.367","56.567","180","27.37","83.72","arid","Deserts & Xeric Shrublands",,"Manure fed charcoal","0","10",,"hyperthermic Typic Torrifluvent","cropland",,,"2010","bulk soil",,"126","44","45",,"2549.2","569.2","1980",,,,,"9.3",,"0.54",,,"5","13","82",
"79","152",,"24.367","56.567","180","27.37","83.72","arid","Deserts & Xeric Shrublands",,"Manure mix charcoal","0","10",,"hyperthermic Typic Torrifluvent","cropland",,,"2010","bulk soil",,"109","36","38",,"2138.9","518.9","1620",,,,,"9.1",,"0.46",,,"5","13","82",
"80","152",,"24.367","56.567","180","27.37","83.72","arid","Deserts & Xeric Shrublands",,"Manure fed tannin","0","10",,"hyperthermic Typic Torrifluvent","cropland",,,"2010","bulk soil",,"117","38","41",,"2275.2","565.2","1710",,,,,"7.8",,"0.57",,,"5","13","82",
"81","152",,"24.367","56.567","180","27.37","83.72","arid","Deserts & Xeric Shrublands",,"Manure mix tannin","0","10",,"hyperthermic Typic Torrifluvent","cropland",,,"2010","bulk soil",,"116","42","41",,"2394.8","504.8","1890",,,,,"8",,"0.54",,,"5","13","82",
"82","151",,"47.433","126.633",,"1.97","543.87","cold/snow","Temperate Broadleaf & Mixed Forests","amendment","CK","0","20",,"phaeozems/udolls","cropland",,,,"bulk soil",,"1037","86.8",,,"12124.7","8218.7","3906",,,"157",,"27.1",,"2","6.1",,"41","33","26",
"83","151",,"47.433","126.633",,"1.97","543.87","cold/snow","Temperate Broadleaf & Mixed Forests","amendment","NP","0","20",,"phaeozems/udolls","cropland",,,,"bulk soil",,"1105","89.9",,,"12836.4","8790.9","4045.5",,,"193",,"29.2",,,,,"41","33","26",
"84","151",,"47.433","126.633",,"1.97","543.87","cold/snow","Temperate Broadleaf & Mixed Forests","amendment","NPM","0","20",,"phaeozems/udolls","cropland",,,,"bulk soil",,"1422","105",,,"16175.1","11450.1","4725",,,"333",,"33.4",,,,,"41","33","26",
"85","151",,"47.433","126.633",,"1.97","543.87","cold/snow","Temperate Broadleaf & Mixed Forests","amendment","CK","0","20",,"phaeozems/udolls","cropland",,,,"aggregate",">2mm","1054","80.6",,,"12078.3","8451.3","3627",,,,,"34.8",,,,,"41","33","26",
"86","151",,"47.433","126.633",,"1.97","543.87","cold/snow","Temperate Broadleaf & Mixed Forests","amendment","NP","0","20",,"phaeozems/udolls","cropland",,,,"aggregate",">2mm","1139","86.6",,,"13036.3","9139.3","3897",,,,,"38.3",,,,,"41","33","26",
"87","151",,"47.433","126.633",,"1.97","543.87","cold/snow","Temperate Broadleaf & Mixed Forests","amendment","NPM","0","20",,"phaeozems/udolls","cropland",,,,"aggregate",">2mm","1467","103",,,"16515.8","11880.8","4635",,,,,"53.9",,,,,"41","33","26",
"88","151",,"47.433","126.633",,"1.97","543.87","cold/snow","Temperate Broadleaf & Mixed Forests","amendment","CK","0","20",,"phaeozems/udolls","cropland",,,,"aggregate","0.250-2mm","1140","87.1",,,"13061.4","9141.9","3919.5",,,,,"33.8",,,,,"41","33","26",
"89","151",,"47.433","126.633",,"1.97","543.87","cold/snow","Temperate Broadleaf & Mixed Forests","amendment","NP","0","20",,"phaeozems/udolls","cropland",,,,"aggregate","0.250-2mm","1164","87.3",,,"13283.8","9355.3","3928.5",,,,,"33.1",,,,,"41","33","26",
"90","151",,"47.433","126.633",,"1.97","543.87","cold/snow","Temperate Broadleaf & Mixed Forests","amendment","NPM","0","20",,"phaeozems/udolls","cropland",,,,"aggregate","0.250-2mm","1492","103",,,"16740.8","12105.8","4635",,,,,"46",,,,,"41","33","26",
"91","151",,"47.433","126.633",,"1.97","543.87","cold/snow","Temperate Broadleaf & Mixed Forests","amendment","CK","0","20",,"phaeozems/udolls","cropland",,,,"aggregate","0.053-0.250mm","1143","90.7",,,"13204.2","9122.7","4081.5",,,,,"32.1",,,,,"41","33","26",
"92","151",,"47.433","126.633",,"1.97","543.87","cold/snow","Temperate Broadleaf & Mixed Forests","amendment","NP","0","20",,"phaeozems/udolls","cropland",,,,"aggregate","0.053-0.250mm","1100","97.7",,,"13042.3","8645.8","4396.5",,,,,"32.8",,,,,"41","33","26",
"93","151",,"47.433","126.633",,"1.97","543.87","cold/snow","Temperate Broadleaf & Mixed Forests","amendment","NPM","0","20",,"phaeozems/udolls","cropland",,,,"aggregate","0.053-0.250mm","1394","129",,,"16695","10890","5805",,,,,"37.9",,,,,"41","33","26",
"94","151",,"47.433","126.633",,"1.97","543.87","cold/snow","Temperate Broadleaf & Mixed Forests","amendment","CK","0","20",,"phaeozems/udolls","cropland",,,,"aggregate","<0.053mm","798","77.3",,,"9668.2","6189.7","3478.5",,,,,"20",,,,,"41","33","26",
"95","151",,"47.433","126.633",,"1.97","543.87","cold/snow","Temperate Broadleaf & Mixed Forests","amendment","NP","0","20",,"phaeozems/udolls","cropland",,,,"aggregate","<0.053mm","803","69.4",,,"9459.1","6336.1","3123",,,,,"20",,,,,"41","33","26",
"96","151",,"47.433","126.633",,"1.97","543.87","cold/snow","Temperate Broadleaf & Mixed Forests","amendment","NPM","0","20",,"phaeozems/udolls","cropland",,,,"aggregate","<0.053mm","975","79.7",,,"11338.4","7751.9","3586.5",,,,,"22.8",,,,,"41","33","26",
"97","151",,"47.43","126.63","196","1.97","543.87","cold/snow","Temperate Broadleaf & Mixed Forests","amendment","manure","0","20",,,"cropland",,,,"bulk soil",,"1037","86.8",,,"12124.7","8218.7","3906",,,,,"27.1",,"2","5.8",,"41","33","26",
"98","151",,"47.43","126.63","196","1.97","543.87","cold/snow","Temperate Broadleaf & Mixed Forests","amendment","manure","0","20",,,"cropland",,,,"bulk soil",,"1105","89.9",,,"12836.4","8790.9","4045.5",,,,,"29.2",,"2","6.1",,"41","33","26",
"99","151",,"47.43","126.63","196","1.97","543.87","cold/snow","Temperate Broadleaf & Mixed Forests","amendment","manure","0","20",,,"cropland",,,,"bulk soil",,"1422","105",,,"16175.1","11450.1","4725",,,,,"33.4",,"2","6.1",,"41","33","26",
"100","150",,"50.95","10.78","310","5.92","1142.5","temperate","Temperate Broadleaf & Mixed Forests","tillage","Mouldboard","0","5",,,"cropland",,,"2010","bulk soil",,"1054","89","604","37","12348.5","8343.5","4005",,,"289","36","13.9",,"1.5","6.2",,"18",,,
"101","150",,"50.95","10.78","310","5.92","1142.5","temperate","Temperate Broadleaf & Mixed Forests","tillage","Mouldboard","5","10",,,"cropland",,,"2010","bulk soil",,"1098","95","645","43","12937.5","8662.5","4275",,,"276","38","14.2",,"1.6","8.1",,"29","68","3",
"102","150",,"50.95","10.78","310","5.92","1142.5","temperate","Temperate Broadleaf & Mixed Forests","tillage","Mouldboard","10","15",,,"cropland",,,"2010","bulk soil",,"1007","90","577","35","11957.7","7907.7","4050",,,"332","47","14.9",,"1.6","8.1",,"29","68","3",
"103","150",,"50.95","10.78","310","5.92","1142.5","temperate","Temperate Broadleaf & Mixed Forests","tillage","Mouldboard","15","20",,,"cropland",,,"2010","bulk soil",,"1124","98","663","43","13268","8858","4410",,,"272","37","14.2",,"1.6","8.1",,"29","68","3",
"104","150",,"50.95","10.78","310","5.92","1142.5","temperate","Temperate Broadleaf & Mixed Forests","tillage","Mouldboard","20","30",,,"cropland",,,"2010","bulk soil",,"837","74","501","36","9913.1","6583.1","3330",,,"208","27","11.9",,"1.4","8.1",,"29","68","3",
"105","150",,"50.95","10.78","310","5.92","1142.5","temperate","Temperate Broadleaf & Mixed Forests","tillage","Mouldboard","30","40",,,"cropland",,,"2010","bulk soil",,"421","35","283","20","4914.7","3339.7","1575",,,"128","16","6.8",,"1","8.1",,"29","68","3",
"106","150",,"50.95","10.78","310","5.92","1142.5","temperate","Temperate Broadleaf & Mixed Forests","tillage","Grubber","0","5",,,"cropland",,,"2010","bulk soil",,"1431","130","861","45","17060.2","11210.2","5850",,,"517","42","21.5",,"2.3","8.1",,"29","68","3",
"107","150",,"50.95","10.78","310","5.92","1142.5","temperate","Temperate Broadleaf & Mixed Forests","tillage","Grubber","5","10",,,"cropland",,,"2010","bulk soil",,"1249","98","749","38","14393","9983","4410",,,"455","124","19",,"2.1","8.1",,"29","68","3",
"108","150",,"50.95","10.78","310","5.92","1142.5","temperate","Temperate Broadleaf & Mixed Forests","tillage","Grubber","10","15",,,"cropland",,,"2010","bulk soil",,"1016","76","624","34","11588.4","8168.4","3420",,,"272","68","15.2",,"1.6","8.1",,"29","68","3",
"109","150",,"50.95","10.78","310","5.92","1142.5","temperate","Temperate Broadleaf & Mixed Forests","tillage","Grubber","15","20",,,"cropland",,,"2010","bulk soil",,"963","76","622","36","11111.4","7691.4","3420",,,"187","49","13.2",,"1.5","8.1",,"29","68","3",
"110","150",,"50.95","10.78","310","5.92","1142.5","temperate","Temperate Broadleaf & Mixed Forests","tillage","Grubber","20","30",,,"cropland",,,"2010","bulk soil",,"1021","79","685","45","11729.9","8174.9","3555",,,"166","49","12.4",,"1.4","8.1",,"29","68","3",
"111","150",,"50.95","10.78","310","5.92","1142.5","temperate","Temperate Broadleaf & Mixed Forests","tillage","Grubber","30","40",,,"cropland",,,"2010","bulk soil",,"720","62","533","45","8474.1","5684.1","2790",,,"89","8","9",,"1.1","8.1",,"29","68","3",
"112","150",,"50.95","10.78","310","5.92","1142.5","temperate","Temperate Broadleaf & Mixed Forests","tillage","No tillage","0","5",,,"cropland",,,"2010","bulk soil",,"1325","117","797","33","15688.1","10423.1","5265",,,"744","87","24.1",,"2.5","8.1",,"29","68","3",
"113","150",,"50.95","10.78","310","5.92","1142.5","temperate","Temperate Broadleaf & Mixed Forests","tillage","No tillage","5","10",,,"cropland",,,"2010","bulk soil",,"1184","101","728","37","13904.5","9359.5","4545",,,"387","52","16.8",,"1.7","8.1",,"29","68","3",
"114","150",,"50.95","10.78","310","5.92","1142.5","temperate","Temperate Broadleaf & Mixed Forests","tillage","No tillage","10","15",,,"cropland",,,"2010","bulk soil",,"941","82","598","41","11106.4","7416.4","3690",,,"266","36","14.3",,"1.5","8.1",,"29","68","3",
"115","150",,"50.95","10.78","310","5.92","1142.5","temperate","Temperate Broadleaf & Mixed Forests","tillage","No tillage","15","20",,,"cropland",,,"2010","bulk soil",,"906","79","570","42","10694.9","7139.9","3555",,,"226","29","13.3",,"1.4","8.1",,"29","68","3",
"116","150",,"50.95","10.78","310","5.92","1142.5","temperate","Temperate Broadleaf & Mixed Forests","tillage","No tillage","20","30",,,"cropland",,,"2010","bulk soil",,"797","64","497","27","9231.4","6351.4","2880",,,"184","23","11.9",,"1.4","8.1",,"29","68","3",
"117","150",,"50.95","10.78","310","5.92","1142.5","temperate","Temperate Broadleaf & Mixed Forests","tillage","No tillage","30","40",,,"cropland",,,"2010","bulk soil",,"378","29","263","18","4334.7","3029.7","1305",,,"84","11","6.3",,"0.8","8.1",,"29","68","3",
"118","150",,"49.23","9","95","10.1","744.37","temperate","Temperate Broadleaf & Mixed Forests","tillage","Mouldboard","0","5",,,"cropland",,,"2010","bulk soil",,"862","69","492","28","9977.2","6872.2","3105",,,"208","8","11.9",,"1","8.1",,"29","68","3",
"119","150",,"49.23","9","95","10.1","744.37","temperate","Temperate Broadleaf & Mixed Forests","tillage","Mouldboard","5","10",,,"cropland",,,"2010","bulk soil",,"839","65","491","25","9641.6","6716.6","2925",,,"216","18","10.8",,"1","7.2",,"23","76","1",
"120","150",,"49.23","9","95","10.1","744.37","temperate","Temperate Broadleaf & Mixed Forests","tillage","Mouldboard","10","15",,,"cropland",,,"2010","bulk soil",,"830","63","488","25","9496.3","6661.3","2835",,,"220","22","10.8",,"1","7.2",,"23","76","1",
"121","150",,"49.23","9","95","10.1","744.37","temperate","Temperate Broadleaf & Mixed Forests","tillage","Mouldboard","15","20",,,"cropland",,,"2010","bulk soil",,"764","59","446","26","8773.6","6118.6","2655",,,"220","22","10.4",,"1","7.2",,"23","76","1",
"122","150",,"49.23","9","95","10.1","744.37","temperate","Temperate Broadleaf & Mixed Forests","tillage","Mouldboard","20","30",,,"cropland",,,"2010","bulk soil",,"740","54","445","20","8396.8","5966.8","2430",,,"222","23","10.5",,"1","7.2",,"23","76","1",
"123","150",,"49.23","9","95","10.1","744.37","temperate","Temperate Broadleaf & Mixed Forests","tillage","Mouldboard","30","40",,,"cropland",,,"2010","bulk soil",,"313","39","326","18","4071.4","2316.4","1755",,,"156","17","8.6",,"1","7.2",,"23","76","1",
"124","150",,"49.23","9","95","10.1","744.37","temperate","Temperate Broadleaf & Mixed Forests","tillage","Grubber","0","5",,,"cropland",,,"2010","bulk soil",,"894","81","548","21","10651.2","7006.2","3645",,,"539","71","18.9",,"2","7.2",,"23","76","1",
"125","150",,"49.23","9","95","10.1","744.37","temperate","Temperate Broadleaf & Mixed Forests","tillage","Grubber","5","10",,,"cropland",,,"2010","bulk soil",,"844","71","526","24","9879.6","6684.6","3195",,,"429","57","16.3",,"1.7","7.2",,"23","76","1",
"126","150",,"49.23","9","95","10.1","744.37","temperate","Temperate Broadleaf & Mixed Forests","tillage","Grubber","10","15",,,"cropland",,,"2010","bulk soil",,"702","57","446","23","8151.3","5586.3","2565",,,"352","47","13.9",,"1.6","7.2",,"23","76","1",
"127","150",,"49.23","9","95","10.1","744.37","temperate","Temperate Broadleaf & Mixed Forests","tillage","Grubber","15","20",,,"cropland",,,"2010","bulk soil",,"600","48","393","19","6943.8","4783.8","2160",,,"235","34","11.7",,"1.4","7.2",,"23","76","1",
"128","150",,"49.23","9","95","10.1","744.37","temperate","Temperate Broadleaf & Mixed Forests","tillage","Grubber","20","30",,,"cropland",,,"2010","bulk soil",,"652","60","430","20","7797.8","5097.8","2700",,,"184","26","9.5",,"1.4","7.2",,"23","76","1",
"129","150",,"49.23","9","95","10.1","744.37","temperate","Temperate Broadleaf & Mixed Forests","tillage","Grubber","30","40",,,"cropland",,,"2010","bulk soil",,"358","24","210","15","3993.9","2913.9","1080",,,"68","10","5.6",,"1.4","7.2",,"23","76","1",
"130","150",,"49.23","9","95","10.1","744.37","temperate","Temperate Broadleaf & Mixed Forests","tillage","No tillage","0","5",,,"cropland",,,"2010","bulk soil",,"1344","110","795","27","15633.9","10683.9","4950",,,"419","40","18.5",,"1.9","7.2",,"23","76","1",
"131","150",,"49.23","9","95","10.1","744.37","temperate","Temperate Broadleaf & Mixed Forests","tillage","No tillage","5","10",,,"cropland",,,"2010","bulk soil",,"1013","79","592","26","11657.9","8102.9","3555",,,"250","29","14.9",,"1.5","7.2",,"23","76","1",
"132","150",,"49.23","9","95","10.1","744.37","temperate","Temperate Broadleaf & Mixed Forests","tillage","No tillage","10","15",,,"cropland",,,"2010","bulk soil",,"677","52","406","21","7765.5","5425.5","2340",,,"178","20","11.6",,"1.2","7.2",,"23","76","1",
"133","150",,"49.23","9","95","10.1","744.37","temperate","Temperate Broadleaf & Mixed Forests","tillage","No tillage","15","20",,,"cropland",,,"2010","bulk soil",,"724","57","428","23","8349.3","5784.3","2565",,,"153","19","11",,"1.2","7.2",,"23","76","1",
"134","150",,"49.23","9","95","10.1","744.37","temperate","Temperate Broadleaf & Mixed Forests","tillage","No tillage","20","30",,,"cropland",,,"2010","bulk soil",,"577","44","346","20","6608.2","4628.2","1980",,,"119","17","8.8",,"1.1","7.2",,"23","76","1",
"135","150",,"49.23","9","95","10.1","744.37","temperate","Temperate Broadleaf & Mixed Forests","tillage","No tillage","30","40",,,"cropland",,,"2010","bulk soil",,"272","17","153","14","2994.8","2229.8","765",,,"47","8","5.1",,"1.2","7.2",,"23","76","1",
"136","150",,"51.13","13.23","290","9.11","598.29","temperate","Temperate Broadleaf & Mixed Forests","tillage","Mouldboard","0","5",,,"cropland",,,"2010","bulk soil",,"589","46","349","20","6780.5","4710.5","2070",,,"247","28","12.7",,"1.3","7.2",,"23","76","1",
"137","150",,"51.13","13.23","290","9.11","598.29","temperate","Temperate Broadleaf & Mixed Forests","tillage","Mouldboard","5","10",,,"cropland",,,"2010","bulk soil",,"621","47","371","20","7100.7","4985.7","2115",,,"235","42","11.8",,"1.2","7.4",,"16","81","3",
"138","150",,"51.13","13.23","290","9.11","598.29","temperate","Temperate Broadleaf & Mixed Forests","tillage","Mouldboard","10","15",,,"cropland",,,"2010","bulk soil",,"693","51","387","21","7877.3","5582.3","2295",,,"255","47","12",,"1.2","7.4",,"16","81","3",
"139","150",,"51.13","13.23","290","9.11","598.29","temperate","Temperate Broadleaf & Mixed Forests","tillage","Mouldboard","15","20",,,"cropland",,,"2010","bulk soil",,"653","51","388","21","7517.3","5222.3","2295",,,"246","46","12",,"1.3","7.4",,"16","81","3",
"140","150",,"51.13","13.23","290","9.11","598.29","temperate","Temperate Broadleaf & Mixed Forests","tillage","Mouldboard","20","30",,,"cropland",,,"2010","bulk soil",,"698","48","429","22","7825.8","5665.8","2160",,,"235","41","11.6",,"1.2","7.4",,"16","81","3",
"141","150",,"51.13","13.23","290","9.11","598.29","temperate","Temperate Broadleaf & Mixed Forests","tillage","Mouldboard","30","40",,,"cropland",,,"2010","bulk soil",,"397","26","233","16","4409.2","3239.2","1170",,,"96","17","7.1",,"0.8","7.4",,"16","81","3",
"142","150",,"51.13","13.23","290","9.11","598.29","temperate","Temperate Broadleaf & Mixed Forests","tillage","Grubber","0","5",,,"cropland",,,"2010","bulk soil",,"996","72","528","17","11279.7","8039.7","3240",,,"447","52","17.8",,"1.7","7.4",,"16","81","3",
"143","150",,"51.13","13.23","290","9.11","598.29","temperate","Temperate Broadleaf & Mixed Forests","tillage","Grubber","5","10",,,"cropland",,,"2010","bulk soil",,"1101","76","592","23","12353.4","8933.4","3420",,,"415","75","16.4",,"1.6","7.4",,"16","81","3",
"144","150",,"51.13","13.23","290","9.11","598.29","temperate","Temperate Broadleaf & Mixed Forests","tillage","Grubber","10","15",,,"cropland",,,"2010","bulk soil",,"785","55","433","19","8834","6359","2475",,,"221","39","11.5",,"1.1","7.4",,"16","81","3",
"145","150",,"51.13","13.23","290","9.11","598.29","temperate","Temperate Broadleaf & Mixed Forests","tillage","Grubber","15","20",,,"cropland",,,"2010","bulk soil",,"586","40","339","14","6560.5","4760.5","1800",,,"151","24","9.7",,"1","7.4",,"16","81","3",
"146","150",,"51.13","13.23","290","9.11","598.29","temperate","Temperate Broadleaf & Mixed Forests","tillage","Grubber","20","30",,,"cropland",,,"2010","bulk soil",,"542","37","302","12","6068","4403","1665",,,"130","20","9",,"0.9","7.4",,"16","81","3",
"147","150",,"51.13","13.23","290","9.11","598.29","temperate","Temperate Broadleaf & Mixed Forests","tillage","Grubber","30","40",,,"cropland",,,"2010","bulk soil",,"340","20","180","10","3703.3","2803.3","900",,,"69","11","5.8",,"0.6","7.4",,"16","81","3",
"148","150",,"51.13","13.23","290","9.11","598.29","temperate","Temperate Broadleaf & Mixed Forests","tillage","No tillage","0","5",,,"cropland",,,"2010","bulk soil",,"1062","77","644","19","12034.5","8569.5","3465",,,"459","61","16.8",,"1.7","7.4",,"16","81","3",
"149","150",,"51.13","13.23","290","9.11","598.29","temperate","Temperate Broadleaf & Mixed Forests","tillage","No tillage","5","10",,,"cropland",,,"2010","bulk soil",,"939","65","588","21","10541.6","7616.6","2925",,,"331","60","13",,"1.3","7.4",,"16","81","3",
"150","150",,"51.13","13.23","290","9.11","598.29","temperate","Temperate Broadleaf & Mixed Forests","tillage","No tillage","10","15",,,"cropland",,,"2010","bulk soil",,"586","38","371","16","6496.2","4786.2","1710",,,"157","26","9.1",,"0.9","7.4",,"16","81","3",
"151","150",,"51.13","13.23","290","9.11","598.29","temperate","Temperate Broadleaf & Mixed Forests","tillage","No tillage","15","20",,,"cropland",,,"2010","bulk soil",,"522","33","338","15","5759.4","4274.4","1485",,,"140","22","8.8",,"0.9","7.4",,"16","81","3",
"152","150",,"51.13","13.23","290","9.11","598.29","temperate","Temperate Broadleaf & Mixed Forests","tillage","No tillage","20","30",,,"cropland",,,"2010","bulk soil",,"498","33","270","16","5543.4","4058.4","1485",,,"126","19","8.2",,"0.8","7.4",,"16","81","3",
"153","150",,"51.13","13.23","290","9.11","598.29","temperate","Temperate Broadleaf & Mixed Forests","tillage","No tillage","30","40",,,"cropland",,,"2010","bulk soil",,"256","15","137","10","2786.4","2111.4","675",,,"38","7","4.1",,"0.5","7.4",,"16","81","3",
"154","150",,"51.48","12.36","110","9.18","561.47","temperate","Temperate Broadleaf & Mixed Forests","tillage","Mouldboard","0","5",,,"cropland",,,"2010","bulk soil",,"716","54","358","14","8180.8","5750.8","2430",,,"183","24","10.5",,"1.1","7.4",,"16","81","3",
"155","150",,"51.48","12.36","110","9.18","561.47","temperate","Temperate Broadleaf & Mixed Forests","tillage","Mouldboard","5","10",,,"cropland",,,"2010","bulk soil",,"728","54","366","14","8288.8","5858.8","2430",,,"202","34","10.4",,"1.1","7.6",,"14","53","32",
"156","150",,"51.48","12.36","110","9.18","561.47","temperate","Temperate Broadleaf & Mixed Forests","tillage","Mouldboard","10","15",,,"cropland",,,"2010","bulk soil",,"644","47","322","12","7307.7","5192.7","2115",,,"206","34","10.4",,"1.1","7.6",,"14","53","32",
"157","150",,"51.48","12.36","110","9.18","561.47","temperate","Temperate Broadleaf & Mixed Forests","tillage","Mouldboard","15","20",,,"cropland",,,"2010","bulk soil",,"696","49","345","16","7840","5635","2205",,,"246","43","10.9",,"1.2","7.6",,"14","53","32",
"158","150",,"51.48","12.36","110","9.18","561.47","temperate","Temperate Broadleaf & Mixed Forests","tillage","Mouldboard","20","30",,,"cropland",,,"2010","bulk soil",,"697","50","352","17","7881.1","5631.1","2250",,,"198","34","10.4",,"1.1","7.6",,"14","53","32",
"159","150",,"51.48","12.36","110","9.18","561.47","temperate","Temperate Broadleaf & Mixed Forests","tillage","Mouldboard","30","40",,,"cropland",,,"2010","bulk soil",,"569","41","305","20","6439.7","4594.7","1845",,,"116","18","7.6",,"0.8","7.6",,"14","53","32",
"160","150",,"51.48","12.36","110","9.18","561.47","temperate","Temperate Broadleaf & Mixed Forests","tillage","Grubber","0","5",,,"cropland",,,"2010","bulk soil",,"906","79","460","19","10694.9","7139.9","3555",,,"389","44","13.6",,"1.4","7.6",,"14","53","32",
"161","150",,"51.48","12.36","110","9.18","561.47","temperate","Temperate Broadleaf & Mixed Forests","tillage","Grubber","5","10",,,"cropland",,,"2010","bulk soil",,"849","73","426","18","9988.9","6703.9","3285",,,"430","66","13.3",,"1.4","7.6",,"14","53","32",
"162","150",,"51.48","12.36","110","9.18","561.47","temperate","Temperate Broadleaf & Mixed Forests","tillage","Grubber","10","15",,,"cropland",,,"2010","bulk soil",,"849","75","430","19","10053.2","6678.2","3375",,,"339","51","13",,"1.4","7.6",,"14","53","32",
"163","150",,"51.48","12.36","110","9.18","561.47","temperate","Temperate Broadleaf & Mixed Forests","tillage","Grubber","15","20",,,"cropland",,,"2010","bulk soil",,"770","64","401","17","8988.4","6108.4","2880",,,"222","33","10.6",,"1.1","7.6",,"14","53","32",
"164","150",,"51.48","12.36","110","9.18","561.47","temperate","Temperate Broadleaf & Mixed Forests","tillage","Grubber","20","30",,,"cropland",,,"2010","bulk soil",,"558","46","301","15","6501.5","4431.5","2070",,,"165","22","8.1",,"0.9","7.6",,"14","53","32",
"165","150",,"51.48","12.36","110","9.18","561.47","temperate","Temperate Broadleaf & Mixed Forests","tillage","Grubber","30","40",,,"cropland",,,"2010","bulk soil",,"315","22","150","10","3542.6","2552.6","990",,,"106","10","5.6",,"0.6","7.6",,"14","53","32",
"166","150",,"51.48","12.36","110","9.18","561.47","temperate","Temperate Broadleaf & Mixed Forests","tillage","No tillage","0","5",,,"cropland",,,"2010","bulk soil",,"1018","85","577","17","11895.8","8070.8","3825",,,"476","65","16",,"1.7","7.6",,"14","53","32",
"167","150",,"51.48","12.36","110","9.18","561.47","temperate","Temperate Broadleaf & Mixed Forests","tillage","No tillage","5","10",,,"cropland",,,"2010","bulk soil",,"942","75","541","14","10890.2","7515.2","3375",,,"379","52","14.3",,"1.5","7.6",,"14","53","32",
"168","150",,"51.48","12.36","110","9.18","561.47","temperate","Temperate Broadleaf & Mixed Forests","tillage","No tillage","10","15",,,"cropland",,,"2010","bulk soil",,"722","58","409","12","8363.4","5753.4","2610",,,"251","34","10.9",,"1.2","7.6",,"14","53","32",
"169","150",,"51.48","12.36","110","9.18","561.47","temperate","Temperate Broadleaf & Mixed Forests","tillage","No tillage","15","20",,,"cropland",,,"2010","bulk soil",,"598","50","339","14","6990.1","4740.1","2250",,,"194","24","9.3",,"1","7.6",,"14","53","32",
"170","150",,"51.48","12.36","110","9.18","561.47","temperate","Temperate Broadleaf & Mixed Forests","tillage","No tillage","20","30",,,"cropland",,,"2010","bulk soil",,"553","46","316","11","6456.5","4386.5","2070",,,"159","19","8.4",,"0.9","7.6",,"14","53","32",
"171","150",,"51.48","12.36","110","9.18","561.47","temperate","Temperate Broadleaf & Mixed Forests","tillage","No tillage","30","40",,,"cropland",,,"2010","bulk soil",,"323","24","177","9","3678.9","2598.9","1080",,,"93","9","4.8",,"0.5","7.6",,"14","53","32",
"172","149",,"47.44","126.63",,"1.97","543.87","cold/snow","Temperate Broadleaf & Mixed Forests",,"Bare soil <2 um","0","20",,"Mollisol","cropland",,,,"aggregate","<0.002mm","502.006","30.3644",,,"5494.7","4128.3","1366.4",,,,,,"36.28",,"5.8",,"9.4",,,
"173","149",,"47.44","126.63",,"1.97","543.87","cold/snow","Temperate Broadleaf & Mixed Forests",,"Bare soil 2- 20 um","0","20",,"Mollisol","cropland",,,,"aggregate","0.002-0.020mm","1212.31","119.242",,,"14746","9380.1","5365.9",,,,,,"35.50",,"5.5",,"7.7",,,
"174","149",,"47.44","126.63",,"1.97","543.87","cold/snow","Temperate Broadleaf & Mixed Forests",,"Bare soil 20- 250 um","0","20",,"Mollisol","cropland",,,,"aggregate","0.020-0.250mm","486.154","41.4921",,,"5709.8","3842.7","1867.1",,,,,,"11.90",,,,"41.3","32.8","26",
"175","149",,"47.44","126.63",,"1.97","543.87","cold/snow","Temperate Broadleaf & Mixed Forests",,"Grassland <2 um","0","20",,"Mollisol","grassland",,,,"aggregate","<0.002mm","1950.77","190.883",,,"23696.2","15106.5","8589.7",,,,,,"54.60",,,,"41.3","32.8","26",
"176","149",,"47.44","126.63",,"1.97","543.87","cold/snow","Temperate Broadleaf & Mixed Forests",,"Grassland 2- 20 um","0","20",,"Mollisol","grassland",,,,"aggregate","0.002-0.020mm","1138.46","115.445",,,"13959.2","8764.2","5195",,,,,,"38.30",,,,"41.3","32.8","26",
"177","149",,"47.44","126.63",,"1.97","543.87","cold/snow","Temperate Broadleaf & Mixed Forests",,"Grassland 20- 250 um","0","20",,"Mollisol","grassland",,,,"aggregate","0.020-0.250mm","676.923","59.3145",,,"8000.1","5330.9","2669.2",,,,,,"28.70",,,,"41.3","32.8","26",
"178","149",,"47.44","126.63",,"1.97","543.87","cold/snow","Temperate Broadleaf & Mixed Forests",,"Arable soil <2 um","0","20",,"Mollisol","cropland",,,,"aggregate","<0.002mm","1827.69","198.665",,,"22838.8","13898.9","8939.9",,,,,,"40.10",,,,"41.3","32.8","26",
"179","149",,"47.44","126.63",,"1.97","543.87","cold/snow","Temperate Broadleaf & Mixed Forests",,"Arable soil 2- -20 um","0","20",,"Mollisol","cropland",,,,"aggregate","0.002-0.020mm","1298.46","112.418",,,"15301.8","10243","5058.8",,,,,,"38.00",,,,"41.3","32.8","26",
"180","149",,"47.44","126.63",,"1.97","543.87","cold/snow","Temperate Broadleaf & Mixed Forests",,"Arable soil 20- -250 um","0","20",,"Mollisol","cropland",,,,"aggregate","0.020-0.250mm","369.231","29.2628",,,"4264.2","2947.4","1316.8",,,,,,"12.80",,,,"41.3","32.8","26",
"181","148",,"29.26","111.53","88","16.86","1339.81","temperate","Tropical & Subtropical Moist Broadleaf Forests","amendment","nitrogen","0","15",,"ultisols","cropland",,,,"bulk soil",,"725","49","414",,"8101","5896","2205",,,,,,"17.00","1.6","5.36",,"30.6","63.1","6.3",
"182","148",,"29.26","111.53","88","16.86","1339.81","temperate","Tropical & Subtropical Moist Broadleaf Forests","amendment","nitrogen","0","15",,"ultisols","cropland",,,,"bulk soil",,"776","54","448",,"8720.8","6290.8","2430",,,,,,"17.00","1.6","5.36",,"30.6","63.1","6.3",
"183","148",,"29.26","111.53",,"16.86","1339.81","temperate","Tropical & Subtropical Moist Broadleaf Forests",,,"0","15",,"ultisols","cropland",,,,"bulk soil",,"764","50","449",,"8484.1","6234.1","2250",,,,,,"17.00","1.6","5.36",,"30.6","63.1","6.3",
"184","148",,"29.26","111.53",,"16.86","1339.81","temperate","Tropical & Subtropical Moist Broadleaf Forests",,,"0","15",,"ultisols","cropland",,,,"bulk soil",,"802","53","476",,"8922.6","6537.6","2385",,,,,,"17.00","1.6","5.36",,"30.6","63.1","6.3",
"185","148",,"29.26","111.53",,"16.86","1339.81","temperate","Tropical & Subtropical Moist Broadleaf Forests",,,"0","15",,"ultisols","cropland",,,,"bulk soil",,"803","55","487",,"8996","6521","2475",,,,,,"17.00","1.6","5.36",,"30.6","63.1","6.3",
"186","148",,"29.26","111.53",,"16.86","1339.81","temperate","Tropical & Subtropical Moist Broadleaf Forests","amendment","N",,,,,"cropland",,,,"bulk soil",,"449","50",,,"5649.1","3399.1","2250",,,,,,,,,,,,,
"187","147",,"47.35","133.31","54","2.33","534.41","cold/snow","Flooded Grasslands & Savannas",,,"0","20",,,"grassland",,,,"bulk soil",,"1889","131",,,"21214.3","15319.3","5895",,,,,,"37.83","3.59","5.5",,,,,
"188","147",,"47.35","133.31","54","2.33","534.41","cold/snow","Flooded Grasslands & Savannas",,,"0","20",,,"cropland",,,,"bulk soil",,"1398","97",,,"15701.8","11336.8","4365",,,,,,"26.11","2.33","5.19",,,,,
"189","147",,"47.35","133.31","54","2.33","534.41","cold/snow","Flooded Grasslands & Savannas",,,"0","20",,,"cropland",,,,"bulk soil",,"1318","92",,,"14821","10681","4140",,,,,,"25.75","2.31","5.09",,,,,
"190","147",,"47.35","133.31","54","2.33","534.41","cold/snow","Flooded Grasslands & Savannas",,,"0","20",,,"cropland",,,,"bulk soil",,"1199","83",,,"13460.5","9725.5","3735",,,,,,"25.49","2.22","5.19",,,,,
"191","147",,"47.35","133.31","54","2.33","534.41","cold/snow","Flooded Grasslands & Savannas",,,"0","20",,,"cropland",,,,"bulk soil",,"1697","118",,,"19068.2","13758.2","5310",,,,,,"34.72","3.5","5.44",,,,,
"192","147",,"47.35","133.31","54","2.33","534.41","cold/snow","Flooded Grasslands & Savannas",,,"0","20",,,"cropland",,,,"bulk soil",,"1920","134",,,"21589.8","15559.8","6030",,,,,,"36.23","3.59","5.43",,,,,
"193","147",,"47.583","133.517",,"1.87","554.89","cold/snow","Flooded Grasslands & Savannas","cultivation years","NAT","0","20",,,"wetland","freshwater marsh","Calamagrostis angustifolia","2014","bulk soil",,,,,,"22367.219","16479.51","5887.709",,,,,"37.87375415",,,"5.5",,,,,
"194","147",,"47.583","133.517",,"1.87","554.89","cold/snow","Flooded Grasslands & Savannas","cultivation years","CU05","0","20",,,"wetland",,,,"bulk soil",,,,,,"18603.947","14203.34","4400.607",,,,,"26.1627907",,,"5.19",,,,,
"195","147",,"47.583","133.517",,"1.87","554.89","cold/snow","Flooded Grasslands & Savannas","cultivation years","CU15","0","20",,,"wetland",,,,"bulk soil",,,,,,"15204.854","11016.69","4188.164",,,,,"25.91362126",,,"5.09",,,,,
"196","147",,"47.583","133.517",,"1.87","554.89","cold/snow","Flooded Grasslands & Savannas","cultivation years","CU25","0","20",,,"wetland",,,,"bulk soil",,,,,,"13990.897","10197.27","3793.627",,,,,"25.49833887",,,"5.19",,,,,
"197","147",,"47.583","133.517",,"1.87","554.89","cold/snow","Flooded Grasslands & Savannas","cultivation years","RE06","0","20",,,"wetland",,,,"bulk soil",,,,,,"17056.145","11684.37","5371.775",,,,,"34.80066445",,,"5.44",,,,,
"198","147",,"47.583","133.517",,"1.87","554.89","cold/snow","Flooded Grasslands & Savannas","cultivation years","RE12","0","20",,,"wetland",,,,"bulk soil",,,,,,"18421.853","12352.05","6069.803",,,,,"36.21262458",,,"5.43",,,,,
"199","146",,,,,,,,,,,"0","15",,,"cropland",,,,"bulk soil",,"783","38","377",,"8269.2","6559.2","1710",,,,,,"27.6","2.11","6.91",,"7.9","66.9","25.2",
"200","146",,,,,,,,,,,"0","15",,,"cropland",,,,"bulk soil",,"339","18","180",,"3629.9","2819.9","810",,,,,,"14.1","1.26","7.32",,"8.4","67.9","23.7",
"201","146",,,,,,,,,,,"0","15",,,"cropland",,,,"bulk soil",,"711","57","460",,"8232.3","5667.3","2565",,,,,,"27.3","2.89","5.27",,"6.7","69.4","23.9",
"202","146",,,,,,,,,,,"0","15",,,"cropland",,,,"bulk soil",,"673","59","407",,"7954.6","5299.6","2655",,,,,,"25.7","2.21","5.27",,"7.4","70.1","22.5",
"203","145",,"34.85","92.93",,"-4.73","282.44","polar","Montane Grasslands & Shrublands","vegetation","Swamp meadow","0","10",,,"grassland",,,,"bulk soil",,"1086","67",,,"11928.9","8913.9","3015",,,,,,"39.30","1.61","6.13",,"6","42","52",
"204","145",,"34.85","92.93",,"-4.73","282.44","polar","Montane Grasslands & Shrublands","vegetation","Swamp meadow","0","10",,,"grassland",,,,"bulk soil",,"1281","78.1",,,"14040.9","10526.4","3514.5",,,,,,"37.20","1.96","8.77",,,,,
"205","145",,"34.85","92.93",,"-4.73","282.44","polar","Montane Grasslands & Shrublands","vegetation","Swamp meadow","10","20",,,"grassland",,,,"bulk soil",,"620","67.4",,,"7747.8","4714.8","3033",,,,,,"46.80","1.53","8.6",,,,,
"206","145",,"34.85","92.93",,"-4.73","282.44","polar","Montane Grasslands & Shrublands","vegetation","Swamp meadow","10","20",,,"grassland",,,,"bulk soil",,"729","73.4",,,"8921.8","5618.8","3303",,,,,,"44.40","1.61","8.76",,,,,
"207","145",,"34.85","92.93",,"-4.73","282.44","polar","Montane Grasslands & Shrublands","vegetation","Alpine steppe","0","10",,,"grassland",,,,"bulk soil",,"146","28.1",,,"2217.8","953.3","1264.5",,,,,,"7.80","0.39","8.8",,,,,
"208","145",,"34.85","92.93",,"-4.73","282.44","polar","Montane Grasslands & Shrublands","vegetation","Alpine steppe","0","10",,,"grassland",,,,"bulk soil",,"138","27.5",,,"2126.5","889","1237.5",,,,,,"6.16","0.4","8.58",,,,,
"209","145",,"34.85","92.93",,"-4.73","282.44","polar","Montane Grasslands & Shrublands","vegetation","Alpine steppe","10","20",,,"grassland",,,,"bulk soil",,"127","18.4",,,"1734.8","906.8","828",,,,,,"8.89","0.35","8.59",,,,,
"210","145",,"34.85","92.93",,"-4.73","282.44","polar","Montane Grasslands & Shrublands","vegetation","Alpine steppe","10","20",,,"grassland",,,,"bulk soil",,"114","17.4",,,"1585.6","802.6","783",,,,,,"7.91","0.27","8.57",,,,,
"211","144","corrected values","31.5","120.55",,"16.54","1042.8","temperate","Temperate Broadleaf & Mixed Forests","warming; eCO2","control","0","15",,"Gleyic Stagnic Anthrosol","cropland",,,"2018","bulk soil",,"559","19.8",,,"5667.8","4776.8","891",,,"497",,"19.8","19.80","1.81","7.51","water","27.6","38.6","33.8",
"212","144","corrected values","31.5","120.55",,"16.54","1042.8","temperate","Temperate Broadleaf & Mixed Forests","warming; eCO2","eCO2","0","15",,"Gleyic Stagnic Anthrosol","cropland",,,"2018","bulk soil",,"679","21.5",,,"6802.5","5835","967.5",,,"635",,"22.1","22.10","1.98","7.27","water","27.6","38.6","33.8",
"213","144","corrected values","31.5","120.55",,"16.54","1042.8","temperate","Temperate Broadleaf & Mixed Forests","warming; eCO2","warming","0","15",,"Gleyic Stagnic Anthrosol","cropland",,,"2018","bulk soil",,"564","24.2",,,"5854.3","4765.3","1089",,,"556",,"21","21.00","1.99","7.45","water","27.6","38.6","33.8",
"214","144","corrected values","31.5","120.55",,"16.54","1042.8","temperate","Temperate Broadleaf & Mixed Forests","warming; eCO2","eCO2 + warming","0","15",,"Gleyic Stagnic Anthrosol","cropland",,,"2018","bulk soil",,"727","27.8",,,"7437.1","6186.1","1251",,,"710",,"24.9","24.90","2.2","7.15","water","27.6","38.6","33.8",
"215","143",,"41.49","123.34",,"8.18","795.71","cold/snow","Temperate Broadleaf & Mixed Forests",,,"0","20",,,"cropland",,,,"aggregate",">2mm",,,,,"4865.42665","3881.32615","984.1005",,,,,,,,"6",,,,"16.7",
"216","143",,"41.49","123.34",,"8.18","795.71","cold/snow","Temperate Broadleaf & Mixed Forests",,,"0","20",,,"cropland",,,,"aggregate","0.250-2mm",,,,,"5021.05364","4068.05714","952.9965",,,,,,,,"6",,,,,
"217","143",,"41.49","123.34",,"8.18","795.71","cold/snow","Temperate Broadleaf & Mixed Forests",,,"0","20",,,"cropland",,,,"aggregate","0.250-2mm",,,,,"4757.33032","3824.91682","932.4135",,,,,,,,"6",,,,,
"218","143",,"41.49","123.34",,"8.18","795.71","cold/snow","Temperate Broadleaf & Mixed Forests",,,"0","20",,,"cropland",,,,"aggregate","<0.250mm",,,,,"5057.12273","4103.43773","953.685",,,,,,,,"6",,,,,
"219","143",,"41.49","123.34",,"8.18","795.71","cold/snow","Temperate Broadleaf & Mixed Forests",,,"0","20",,,"cropland",,,,"aggregate",">2mm",,,,,"5293.84553","4705.75403","588.0915",,,,,,,,"6",,,,,
"220","143",,"41.49","123.34",,"8.18","795.71","cold/snow","Temperate Broadleaf & Mixed Forests",,,"0","20",,,"cropland",,,,"aggregate","0.250-2mm",,,,,"5035.63915","4311.09415","724.545",,,,,,,,"6",,,,,
"221","143",,"41.49","123.34",,"8.18","795.71","cold/snow","Temperate Broadleaf & Mixed Forests",,,"0","20",,,"cropland",,,,"aggregate","0.250-2mm",,,,,"3989.29897","3285.35497","703.944",,,,,,,,"6",,,,,
"222","143",,"41.49","123.34",,"8.18","795.71","cold/snow","Temperate Broadleaf & Mixed Forests",,,"0","20",,,"cropland",,,,"aggregate","<0.250mm",,,,,"4283.25161","3317.33561","965.916",,,,,,,,"6",,,,,
"223","143",,"41.49","123.34",,"8.18","795.71","cold/snow","Temperate Broadleaf & Mixed Forests",,,"0","20",,,"cropland",,,,"aggregate",">2mm",,,,,"6363.61587","5124.89637","1238.7195",,,,,,,,"6",,,,,
"224","143",,"41.49","123.34",,"8.18","795.71","cold/snow","Temperate Broadleaf & Mixed Forests",,,"0","20",,,"cropland",,,,"aggregate","0.250-2mm",,,,,"5137.72685","4170.80735","966.9195",,,,,,,,"6",,,,,
"225","143",,"41.49","123.34",,"8.18","795.71","cold/snow","Temperate Broadleaf & Mixed Forests",,,"0","20",,,"cropland",,,,"aggregate","0.250-2mm",,,,,"6469.00536","5281.91436","1187.091",,,,,,,,"6",,,,,
"226","143",,"41.49","123.34",,"8.18","795.71","cold/snow","Temperate Broadleaf & Mixed Forests",,,"0","20",,,"cropland",,,,"aggregate","<0.250mm",,,,,"7264.80937","5909.94487","1354.8645",,,,,,,,"6",,,,,
"227","143",,"41.49","123.34",,"8.18","795.71","cold/snow","Temperate Broadleaf & Mixed Forests",,,"0","20",,,"cropland",,,,"aggregate",">2mm",,,,,"6930.20157","5595.55557","1334.646",,,,,,,,"5.7",,,,,
"228","143",,"41.49","123.34",,"8.18","795.71","cold/snow","Temperate Broadleaf & Mixed Forests",,,"0","20",,,"cropland",,,,"aggregate","0.250-2mm",,,,,"6690.72749","5292.95999","1397.7675",,,,,,,,"5.7",,,,,
"229","143",,"41.49","123.34",,"8.18","795.71","cold/snow","Temperate Broadleaf & Mixed Forests",,,"0","20",,,"cropland",,,,"aggregate","0.250-2mm",,,,,"7400.43396","5855.81346","1544.6205",,,,,,,,"5.7",,,,,
"230","143",,"41.49","123.34",,"8.18","795.71","cold/snow","Temperate Broadleaf & Mixed Forests",,,"0","20",,,"cropland",,,,"aggregate","<0.250mm",,,,,"7346.29833","5728.10283","1618.1955",,,,,,,,"5.7",,,,,
"231","143",,"41.49","123.34",,"8.18","795.71","cold/snow","Temperate Broadleaf & Mixed Forests",,,"0","20",,,"cropland",,,,"aggregate",">2mm",,,,,"7156.16786","5903.52986","1252.638",,,,,,,,"5.7",,,,,
"232","143",,"41.49","123.34",,"8.18","795.71","cold/snow","Temperate Broadleaf & Mixed Forests",,,"0","20",,,"cropland",,,,"aggregate","0.250-2mm",,,,,"7425.86805","5994.96705","1430.901",,,,,,,,"5.7",,,,,
"233","143",,"41.49","123.34",,"8.18","795.71","cold/snow","Temperate Broadleaf & Mixed Forests",,,"0","20",,,"cropland",,,,"aggregate","0.250-2mm",,,,,"6894.17725","5211.75775","1682.4195",,,,,,,,"5.7",,,,,
"234","143",,"41.49","123.34",,"8.18","795.71","cold/snow","Temperate Broadleaf & Mixed Forests",,,"0","20",,,"cropland",,,,"aggregate","<0.250mm",,,,,"6884.93784","5066.12784","1818.81",,,,,,,,"5.7",,,,,
"235","143",,"41.49","123.34",,"8.18","795.71","cold/snow","Temperate Broadleaf & Mixed Forests",,,"0","20",,,"cropland",,,,"aggregate",">2mm",,,,,"8227.73451","6272.17851","1955.556",,,,,,,,"5.7",,,,,
"236","143",,"41.49","123.34",,"8.18","795.71","cold/snow","Temperate Broadleaf & Mixed Forests",,,"0","20",,,"cropland",,,,"aggregate","0.250-2mm",,,,,"7537.28396","5801.19296","1736.091",,,,,,,,"5.7",,,,,
"237","143",,"41.49","123.34",,"8.18","795.71","cold/snow","Temperate Broadleaf & Mixed Forests",,,"0","20",,,"cropland",,,,"aggregate","0.250-2mm",,,,,"8896.64295","6950.85645","1945.7865",,,,,,,,"5.7",,,,,
"238","143",,"41.49","123.34",,"8.18","795.71","cold/snow","Temperate Broadleaf & Mixed Forests",,,"0","20",,,"cropland",,,,"aggregate","<0.250mm",,,,,"9542.51123","7240.55423","2301.957",,,,,,,,"5.7",,,,,
"239","142",,"48.71","9.21","354","9.3","692.29","temperate","Temperate Broadleaf & Mixed Forests",,,"0","20",,"Calcaric Phaeozem","cropland",,,,"bulk soil",,"707","36","347","18","7520.9","5900.9","1620",,,,,,"20.1","1.52","7.5",,"14.7","24.4","60.9",
"240","142",,"48.71","9.21","354","9.3","692.29","temperate","Temperate Broadleaf & Mixed Forests",,,"0","20",,"Calcaric Phaeozem","cropland",,,,"aggregate","0.250-2mm","354","36","94",,"4343.9","2723.9","1620",,,,,,"9.9","0.28","7.5",,"14.7","24.4","60.9",
"241","142",,"48.71","9.21","354","9.3","692.29","temperate","Temperate Broadleaf & Mixed Forests",,,"0","20",,"Calcaric Phaeozem","cropland",,,,"aggregate","0.063-0.250mm","125","7","33","12","1350.1","1035.1","315",,,,,,"9.9","0.47","7.5",,"14.7","24.4","60.9",
"242","142",,"48.71","9.21","354","9.3","692.29","temperate","Temperate Broadleaf & Mixed Forests",,,"0","20",,"Calcaric Phaeozem","cropland",,,,"aggregate","0.002-0.020mm","1050","43","471","42","10833","8898","1935",,,,,,"25","2.23","7.5",,"14.7","24.4","60.9",
"243","142",,"48.71","9.21","354","9.3","692.29","temperate","Temperate Broadleaf & Mixed Forests",,,"0","20",,"Calcaric Phaeozem","cropland",,,,"aggregate","<0.002mm","2130","173","1330","63","24734.2","16949.2","7785",,,,,,"61.1","5.51","7.5",,"14.7","24.4","60.9",
"244","141",,"37","-4.5","1300","17.07","510.06","temperate","Mediterranean Forests, Woodlands & Scrub",,,"0","5",,,"forest",,,,"bulk soil",,"761","47",,,"8360.7","6245.7","2115",,,,,"18.7",,,"6.9",,"18.56",,,
"245","141",,"37","-4.5","1300","17.07","510.06","temperate","Mediterranean Forests, Woodlands & Scrub",,,"0","5",,,"forest",,,,"aggregate","0.250-2mm","511","23",,,"5338.7","4303.7","1035",,,,,"18.7",,,"6.6",,"30.16",,,
"246","141",,"37","-4.5","1300","17.07","510.06","temperate","Mediterranean Forests, Woodlands & Scrub",,,"0","5",,,"forest",,,,"aggregate","0.002-0.250mm","546","25",,,"5718.1","4593.1","1125",,,,,"18.7",,,"6.6",,"30.16",,,
"247","141",,"37","-4.5","1300","17.07","510.06","temperate","Mediterranean Forests, Woodlands & Scrub",,,"0","5",,,"forest",,,,"aggregate","0.002-0.250mm","735","56",,,"8416.1","5896.1","2520",,,,,"18.7",,,"6.6",,"30.16",,,
"248","141",,"37","-4.5","1300","17.07","510.06","temperate","Mediterranean Forests, Woodlands & Scrub",,,"0","5",,,"forest",,,,"aggregate","<0.002mm","1216","132",,,"15189.5","9249.5","5940",,,,,"18.7",,,"6.6",,"30.16",,,
"249","141",,"37","-4.5","1300","17.07","510.06","temperate","Mediterranean Forests, Woodlands & Scrub",,,"0","5",,,"forest",,,,"bulk soil",,"431","16",,,"4393.6","3673.6","720",,,,,"13.8",,,"6.6",,"30.16",,,
"250","141",,"37","-4.5","1300","17.07","510.06","temperate","Mediterranean Forests, Woodlands & Scrub",,,"0","5",,,"forest",,,,"aggregate","0.250-2mm","273","11",,,"2810.8","2315.8","495",,,,,"13.8",,,"6.9",,"18.56",,,
"251","141",,"37","-4.5","1300","17.07","510.06","temperate","Mediterranean Forests, Woodlands & Scrub",,,"0","5",,,"forest",,,,"aggregate","0.002-0.250mm","312","10",,,"3129.6","2679.6","450",,,,,"13.8",,,"6.9",,"18.56",,,
"252","141",,"37","-4.5","1300","17.07","510.06","temperate","Mediterranean Forests, Woodlands & Scrub",,,"0","5",,,"forest",,,,"aggregate","0.002-0.250mm","424","33",,,"4877.4","3392.4","1485",,,,,"13.8",,,"6.9",,"18.56",,,
"253","141",,"37","-4.5","1300","17.07","510.06","temperate","Mediterranean Forests, Woodlands & Scrub",,,"0","5",,,"forest",,,,"aggregate","<0.002mm","810","79",,,"9830.9","6275.9","3555",,,,,"13.8",,,"6.9",,"18.56",,,
"254","140",,"48.5","11.45","473","8.29","837.11","temperate","Temperate Broadleaf & Mixed Forests",,,"0","20",,"Cambisols","forest",,,,"bulk soil",,"617","40","302",,"6839.5","5039.5","1800",,,"168","19",,"13","1.6",,,"19","54","27",
"255","140",,"48.5","11.45","473","8.29","837.11","temperate","Temperate Broadleaf & Mixed Forests",,,"0","20",,"Cambisols","forest",,,,"bulk soil",,"658","43","275",,"7305","5370","1935",,,"222","24",,"12.3","1.6",,,"23","50","27",
"256","140",,"48.5","11.45","473","8.29","837.11","temperate","Temperate Broadleaf & Mixed Forests",,,"0","20",,"Cambisols","forest",,,,"bulk soil",,"672","42","288",,"7398.8","5508.8","1890",,,"193","21",,"11.3","1.6",,,"19","54","27",
"257","140",,"48.5","11.45","473","8.29","837.11","temperate","Temperate Broadleaf & Mixed Forests",,,"0","20",,"Cambisols","forest",,,,"bulk soil",,"604","41","289",,"6754.7","4909.7","1845",,,"197","22",,"14","1.6",,,"19","54","27",
"258","140",,"48.5","11.45","473","8.29","837.11","temperate","Temperate Broadleaf & Mixed Forests",,,"0","20",,"Cambisols","forest",,,,"bulk soil",,"625","43","280",,"7008","5073","1935",,,"189","20",,"12.5","1.6",,,"19","54","27",
"259","140",,"48.5","11.45","473","8.29","837.11","temperate","Temperate Broadleaf & Mixed Forests",,,"0","20",,"Cambisols","forest",,,,"bulk soil",,"634","40","298",,"6992.5","5192.5","1800",,,"184","19",,"12.1","1.6",,,"19","54","27",
"260","140",,"48.5","11.45","473","8.29","837.11","temperate","Temperate Broadleaf & Mixed Forests",,,"0","20",,"Cambisols","forest",,,,"bulk soil",,"654","42","287",,"7236.8","5346.8","1890",,,"212","26",,"13.3","1.6",,,"19","54","27",
"261","140",,"48.833","11.75",,"7.89","724.56","temperate","Temperate Broadleaf & Mixed Forests","management","Integrated","0","25",,,"cropland",,,,"bulk soil",,"658","42.7",,,"7295.4","5373.9","1921.5","1921.5","5373.76",,,"12.3",,"1.33",,,,,,
"262","140",,"48.833","11.75",,"7.89","724.56","temperate","Temperate Broadleaf & Mixed Forests","management","Organic farming","0","25",,,"cropland",,,,"bulk soil",,"617","40.1",,,"6842.7","5038.2","1804.5","1804.5","5038.15",,,"13",,"1.46",,,"23",,,
"263","139",,"6.05","160.33","650",,,,,,,"0","5",,,"forest",,,,"bulk soil",,"524","53",,,"6420.6","4035.6","2385",,,,,"28.9",,,"4.52",,,,,
"264","139",,"6.05","160.33","650",,,,,,,"5","15",,,"forest",,,,"bulk soil",,"487","67",,,"6537.9","3522.9","3015",,,,,"15.1",,,,,,,,
"265","139",,"6.05","160.33","650",,,,,,,"30","50",,,"forest",,,,"bulk soil",,"277","53",,,"4197.6","1812.6","2385",,,,,"8.04",,,,,,,,
"266","139",,"6.05","160.33","650",,,,,,,"50","75",,,"forest",,,,"bulk soil",,"260","42",,,"3690.8","1800.8","1890",,,,,"5.72",,,,,,,,
"267","139",,"6.05","160.33","700",,,,,,,"0","5",,,"forest",,,,"bulk soil",,"618","102",,,"8842.6","4252.6","4590",,,,,"32.7",,,,,,,,
"268","139",,"6.05","160.33","700",,,,,,,"5","15",,,"forest",,,,"bulk soil",,"357","47",,,"4724.7","2609.7","2115",,,,,"19.6",,,,,,,,
"269","139",,"6.05","160.33","700",,,,,,,"30","50",,,"forest",,,,"bulk soil",,"251","38",,,"3481.2","1771.2","1710",,,,,"8.25",,,,,,,,
"270","139",,"6.05","160.33","700",,,,,,,"50","75",,,"forest",,,,"bulk soil",,"47","5",,,"583.8","358.8","225",,,,,"4.54",,,,,,,,
"271","139",,"6.05","160.33","650",,,,,,,"0","5",,,"forest",,,,"bulk soil",,"422","43",,,"5181","3246","1935",,,,,"28.9",,,,,,,,
"272","139",,"6.05","160.33","650",,,,,,,"5","15",,,"forest",,,,"bulk soil",,"509","70",,,"6832.4","3682.4","3150",,,,,"15.1",,,,,,,,
"273","139",,"6.05","160.33","650",,,,,,,"30","50",,,"forest",,,,"bulk soil",,"287","53",,,"4287.6","1902.6","2385",,,,,"8.04",,,,,,,,
"274","139",,"6.05","160.33","650",,,,,,,"50","75",,,"forest",,,,"bulk soil",,"272","43",,,"3831","1896","1935",,,,,"5.72",,,,,,,,
"275","139",,"6.05","160.33","700",,,,,,,"0","5",,,"forest",,,,"bulk soil",,"625","99",,,"8809.1","4354.1","4455",,,,,"32.7",,,,,,,,
"276","139",,"6.05","160.33","700",,,,,,,"5","15",,,"forest",,,,"bulk soil",,"334","78",,,"5514.7","2004.7","3510",,,,,"19.6",,,,,,,,
"277","139",,"6.05","160.33","700",,,,,,,"30","50",,,"forest",,,,"bulk soil",,"275","39",,,"3729.4","1974.4","1755",,,,,"8.25",,,,,,,,
"278","139",,"6.05","160.33","700",,,,,,,"50","75",,,"forest",,,,"bulk soil",,"217","69",,,"4172.2","1067.2","3105",,,,,"4.54",,,,,,,,
"279","138",,"45.37","-75.8","59","5.9","878.14","cold/snow","Temperate Broadleaf & Mixed Forests","amendment","nitrogen","0","15",,"Gleysol/Endoaquoll","cropland",,,,"aggregate","<0.005mm","470","101","304","89","7478.5","2933.5","4545",,,,,"19.7","19.7","1.9","9.1",,"36","28","36",
"280","138",,"45.37","-75.8","59","5.9","878.14","cold/snow","Temperate Broadleaf & Mixed Forests","amendment",,"0","15",,"Gleysol/Endoaquoll","cropland",,,,"aggregate","<0.005mm","568","119","321","85","8939.4","3584.4","5355",,,,,"25.3","25.3","2.4","6.5",,"36","28","36",
"281","138",,"45.37","-75.8",,"5.9","878.14","cold/snow","Temperate Broadleaf & Mixed Forests",,,"0","15",,"Gleysol/Endoaquoll","cropland",,,,"aggregate","<0.005mm","776","273","401","91","15764.5","3479.5","12285",,,,,"38.1","38.1","3.9",,,"36","28","36",
"282","138",,"45.37","-75.8",,"5.9","878.14","cold/snow","Temperate Broadleaf & Mixed Forests",,,"0","15",,"Gleysol/Endoaquoll","cropland",,,,"aggregate","<0.005mm","492","117","326","101","8191.1","2926.1","5265",,,,,"30.3","30.3","2.9",,,"36","28","36",
"283","138",,"45.37","-75.8",,"5.9","878.14","cold/snow","Temperate Broadleaf & Mixed Forests",,,"0","15",,"Gleysol/Endoaquoll","cropland",,,,"aggregate","<0.005mm","426","79","297","86","6374.9","2819.9","3555",,,,,"38.1","38.1","3.7",,,"36","28","36",
"284","137",,"49.52","10.27","430","9.68","659.91","temperate","Temperate Broadleaf & Mixed Forests",,,"0","0","O",,"forest",,,,"bulk soil",,"65","2",,,"649.3","559.3","90",,,,,"56.6",,,,,,,,
"285","137",,"49.52","10.27","430","9.68","659.91","temperate","Temperate Broadleaf & Mixed Forests",,,"0","10",,,"forest",,,,"bulk soil",,"21","1",,,"221.2","176.2","45",,,,,"18.3",,,,,,,,
"286","136",,"13.96","77.57","575","25.26","732.15","equatorial","Deserts & Xeric Shrublands","amendment","Low-N","0","10",,"Nitisol","cropland",,"maize","2018","bulk soil",,"750","44","237",,"8165.2","6185.2","1980",,,"165","29","9.2",,"0.86","7","water","28",,,
"287","136",,"13.96","77.57","575","25.26","732.15","equatorial","Deserts & Xeric Shrublands","amendment","High-N","0","10",,"Nitisol","cropland",,"maize","2018","bulk soil",,"694","49","272",,"7822","5617","2205",,,"179","29","9.2",,"0.86","7","water","30",,,
"288","136",,"13.96","77.57","575","25.26","732.15","equatorial","Deserts & Xeric Shrublands","amendment","Low-N","0","10",,"Nitisol","cropland",,"millet","2018","bulk soil",,"772","49","293",,"8524","6319","2205",,,"166","28","9.2",,"0.86","7.3","water","32",,,
"289","136",,"13.96","77.57","575","25.26","732.15","equatorial","Deserts & Xeric Shrublands","amendment","High-N","0","10",,"Nitisol","cropland",,"millet","2018","bulk soil",,"782","50","266",,"8646.1","6396.1","2250",,,"180","31","9.2",,"0.86","7.2","water","28",,,
"290","136",,"13.96","77.57","575","25.26","732.15","equatorial","Deserts & Xeric Shrublands","amendment","Low-N","0","10",,"Acrisol","cropland",,"maize","2018","bulk soil",,"363","35","126",,"4392.7","2817.7","1575",,,"80","13","4.5",,"0.43","5","water","18",,,
"291","136",,"13.96","77.57","575","25.26","732.15","equatorial","Deserts & Xeric Shrublands","amendment","High-N","0","10",,"Acrisol","cropland",,"maize","2018","bulk soil",,"423","40","143",,"5093.5","3293.5","1800",,,"95","14","4.4",,"0.43","4.9","water","18",,,
"292","136",,"13.96","77.57","575","25.26","732.15","equatorial","Deserts & Xeric Shrublands","amendment","Low-N","0","10",,"Acrisol","cropland",,"millet","2018","bulk soil",,"425","42","170",,"5175.8","3285.8","1890",,,"102","17","5.3",,"0.5","5.5","water","19",,,
"293","136",,"13.96","77.57","575","25.26","732.15","equatorial","Deserts & Xeric Shrublands","amendment","High-N","0","10",,"Acrisol","cropland",,"millet","2018","bulk soil",,"480","44","164",,"5735.2","3755.2","1980",,,"107","17","4.8",,"0.46","5.2","water","17",,,
"294","135",,"42.26","128.17","600","1.76","764.26","cold/snow","Temperate Broadleaf & Mixed Forests",,,"0","15",,"Mollisols","forest",,,,"bulk soil",,"372","50","115","31","4956.1","2706.1","2250",,,,,,"89.2","7.47","5.86",,"11.1","56.7","32.2",
"295","135",,"27.03","118.09","381","17.13","1754.03","temperate","Tropical & Subtropical Moist Broadleaf Forests",,,"0","15",,"Ultisols","forest",,,,"bulk soil",,"107","42","52","15","2313.8","423.8","1890",,,,,,"46.3","3.01","4.13",,"13.4","31.4","55.2",
"296","135",,"34.49","112.27","441","12.27","652.47","temperate","Temperate Broadleaf & Mixed Forests",,,"0","15",,"Inceptisols","cropland",,,,"bulk soil",,"9","5","2","3","241.8","16.8","225",,,,,,"19","1.35","8.24",,"10.3","48","41.7",
"297","134",,"43.5","124.8","205","5.62","637.32","cold/snow","Temperate Broadleaf & Mixed Forests","amendment","N0","0","20",,"Typic Hapludoll","cropland",,,,"bulk soil",,"906","98.5",,,"11322","6889.5","4432.5",,,,,"15.6",,"1.5","6.1","water","41","33","26",
"298","134",,"43.5","124.8","205","5.62","637.32","cold/snow","Temperate Broadleaf & Mixed Forests","amendment","Nlow, 60.3 mgN/kg soil","0","20",,"Typic Hapludoll","cropland",,,,"bulk soil",,"906","93.6",,,"11164.4","6952.4","4212",,,,,"15.6",,"1.5","6.1","water",,,,
"299","134",,"43.5","124.8","205","5.62","637.32","cold/snow","Temperate Broadleaf & Mixed Forests","amendment","Nmed, 167.2 mgN/kg soil","0","20",,"Typic Hapludoll","cropland",,,,"bulk soil",,"943","110",,,"12024.9","7074.9","4950",,,,,"15.6",,"1.5","6.1","water",,,,
"300","134",,"43.5","124.8","205","5.62","637.32","cold/snow","Temperate Broadleaf & Mixed Forests","amendment","Nhigh, 701.9 mgN/kg soil","0","20",,"Typic Hapludoll","cropland",,,,"bulk soil",,"965","107",,,"12126.4","7311.4","4815",,,,,"15.6",,"1.5","6.1","water",,,,
"301","134",,"43.5","124.8","205","5.62","637.32","cold/snow","Temperate Broadleaf & Mixed Forests","amendment","N0","0","20",,"Typic Hapludoll","cropland",,,,"bulk soil",,"890","96.3",,,"11107.3","6773.8","4333.5",,,,,"15.6",,"1.5","6.1","water",,,,
"302","134",,"43.5","124.8","205","5.62","637.32","cold/snow","Temperate Broadleaf & Mixed Forests","amendment","Nlow","0","20",,"Typic Hapludoll","cropland",,,,"bulk soil",,"933","99.4",,,"11594","7121","4473",,,,,"15.6",,"1.5","6.1","water",,,,
"303","134",,"43.5","124.8","205","5.62","637.32","cold/snow","Temperate Broadleaf & Mixed Forests","amendment","Nmed","0","20",,"Typic Hapludoll","cropland",,,,"bulk soil",,"998","109",,,"12487.8","7582.8","4905",,,,,"15.6",,"1.5","6.1","water",,,,
"304","134",,"43.5","124.8","205","5.62","637.32","cold/snow","Temperate Broadleaf & Mixed Forests","amendment","Nhigh","0","20",,"Typic Hapludoll","cropland",,,,"bulk soil",,"1105","116",,,"13675.9","8455.9","5220",,,,,"15.6",,"1.5","6.1","water",,,,
"305","134",,"43.5","124.8","205","5.62","637.32","cold/snow","Temperate Broadleaf & Mixed Forests","amendment","N0","0","20",,"Typic Hapludoll","cropland",,,,"bulk soil",,"969","108",,,"12194.6","7334.6","4860",,,,,"15.6",,"1.5","6.1","water",,,,
"306","134",,"43.5","124.8","205","5.62","637.32","cold/snow","Temperate Broadleaf & Mixed Forests","amendment","Nlow","0","20",,"Typic Hapludoll","cropland",,,,"bulk soil",,"937","115",,,"12131.7","6956.7","5175",,,,,"15.6",,"1.5","6.1","water",,,,
"307","134",,"43.5","124.8","205","5.62","637.32","cold/snow","Temperate Broadleaf & Mixed Forests","amendment","Nmed","0","20",,"Typic Hapludoll","cropland",,,,"bulk soil",,"1067","123",,,"13559","8024","5535",,,,,"15.6",,"1.5","6.1","water",,,,
"308","134",,"43.5","124.8","205","5.62","637.32","cold/snow","Temperate Broadleaf & Mixed Forests","amendment","Nhigh","0","20",,"Typic Hapludoll","cropland",,,,"bulk soil",,"1142","131",,,"14491.3","8596.3","5895",,,,,"15.6",,"1.5","6.1","water",,,,
"309","134",,"43.5","124.8","205","5.62","637.32","cold/snow","Temperate Broadleaf & Mixed Forests","amendment","N0","0","20",,"Typic Hapludoll","cropland",,,,"bulk soil",,"1062","113",,,"13192.4","8107.4","5085",,,,,"15.6",,"1.5","6.1","water",,,,
"310","134",,"43.5","124.8","205","5.62","637.32","cold/snow","Temperate Broadleaf & Mixed Forests","amendment","Nlow","0","20",,"Typic Hapludoll","cropland",,,,"bulk soil",,"1107","108",,,"13436.6","8576.6","4860",,,,,"15.6",,"1.5","6.1","water",,,,
"311","134",,"43.5","124.8","205","5.62","637.32","cold/snow","Temperate Broadleaf & Mixed Forests","amendment","Nmed","0","20",,"Typic Hapludoll","cropland",,,,"bulk soil",,"1149","119",,,"14168.4","8813.4","5355",,,,,"15.6",,"1.5","6.1","water",,,,
"312","134",,"43.5","124.8","205","5.62","637.32","cold/snow","Temperate Broadleaf & Mixed Forests","amendment","Nhigh","0","20",,"Typic Hapludoll","cropland",,,,"bulk soil",,"1136","120",,,"14083.6","8683.6","5400",,,,,"15.6",,"1.5","6.1","water",,,,
"313","134",,"43.5","124.8","205","5.62","637.32","cold/snow","Temperate Broadleaf & Mixed Forests","amendment","N0","0","20",,"Typic Hapludoll","cropland",,,,"bulk soil",,"1142","109",,,"13783.8","8878.8","4905",,,,,"15.6",,"1.5","6.1","water",,,,
"314","134",,"43.5","124.8","205","5.62","637.32","cold/snow","Temperate Broadleaf & Mixed Forests","amendment","Nlow","0","20",,"Typic Hapludoll","cropland",,,,"bulk soil",,"1170","106",,,"13939.3","9169.3","4770",,,,,"15.6",,"1.5","6.1","water",,,,
"315","134",,"43.5","124.8","205","5.62","637.32","cold/snow","Temperate Broadleaf & Mixed Forests","amendment","Nmed","0","20",,"Typic Hapludoll","cropland",,,,"bulk soil",,"1242","118",,,"14973.2","9663.2","5310",,,,,"15.6",,"1.5","6.1","water",,,,
"316","134",,"43.5","124.8","205","5.62","637.32","cold/snow","Temperate Broadleaf & Mixed Forests","amendment","Nhigh","0","20",,"Typic Hapludoll","cropland",,,,"bulk soil",,"1220","116",,,"14710.9","9490.9","5220",,,,,"15.6",,"1.5","6.1","water",,,,
"317","134",,"43.5","124.8","205","5.62","637.32","cold/snow","Temperate Broadleaf & Mixed Forests","amendment","N0","0","20",,"Typic Hapludoll","cropland",,,,"bulk soil",,"1197","104",,,"14117.9","9437.9","4680",,,,,"15.6",,"1.5","6.1","water",,,,
"318","134",,"43.5","124.8","205","5.62","637.32","cold/snow","Temperate Broadleaf & Mixed Forests","amendment","Nlow","0","20",,"Typic Hapludoll","cropland",,,,"bulk soil",,"1204","105",,,"14213.1","9488.1","4725",,,,,"15.6",,"1.5","6.1","water",,,,
"319","134",,"43.5","124.8","205","5.62","637.32","cold/snow","Temperate Broadleaf & Mixed Forests","amendment","Nmed","0","20",,"Typic Hapludoll","cropland",,,,"bulk soil",,"1298","103",,,"14994.8","10359.8","4635",,,,,"15.6",,"1.5","6.1","water",,,,
"320","134",,"43.5","124.8","205","5.62","637.32","cold/snow","Temperate Broadleaf & Mixed Forests","amendment","Nhigh","0","20",,"Typic Hapludoll","cropland",,,,"bulk soil",,"1301","107",,,"15150.4","10335.4","4815",,,,,"15.6",,"1.5","6.1","water",,,,
"321","134",,"43.5","124.8","205","5.62","637.32","cold/snow","Temperate Broadleaf & Mixed Forests","amendment","N0","0","20",,"Typic Hapludoll","cropland",,,,"bulk soil",,"1168","103",,,"13824.8","9189.8","4635",,,,,"15.6",,"1.5","6.1","water",,,,
"322","134",,"43.5","124.8","205","5.62","637.32","cold/snow","Temperate Broadleaf & Mixed Forests","amendment","Nlow","0","20",,"Typic Hapludoll","cropland",,,,"bulk soil",,"1117","107",,,"13494.4","8679.4","4815",,,,,"15.6",,"1.5","6.1","water",,,,
"323","134",,"43.5","124.8","205","5.62","637.32","cold/snow","Temperate Broadleaf & Mixed Forests","amendment","Nmed","0","20",,"Typic Hapludoll","cropland",,,,"bulk soil",,"1295","106",,,"15064.3","10294.3","4770",,,,,"15.6",,"1.5","6.1","water",,,,
"324","134",,"43.5","124.8","205","5.62","637.32","cold/snow","Temperate Broadleaf & Mixed Forests","amendment","Nhigh","0","20",,"Typic Hapludoll","cropland",,,,"bulk soil",,"1318","106",,,"15271.3","10501.3","4770",,,,,"15.6",,"1.5","6.1","water",,,,
"325","134",,"43.5","124.8","205","5.62","637.32","cold/snow","Temperate Broadleaf & Mixed Forests","amendment","N0","0","20",,"Typic Hapludoll","cropland",,,,"bulk soil",,"1150","97",,,"13469.8","9104.8","4365",,,,,"15.6",,"1.5","6.1","water",,,,
"326","134",,"43.5","124.8","205","5.62","637.32","cold/snow","Temperate Broadleaf & Mixed Forests","amendment","Nlow","0","20",,"Typic Hapludoll","cropland",,,,"bulk soil",,"1101","101",,,"13157.5","8612.5","4545",,,,,"15.6",,"1.5","6.1","water",,,,
"327","134",,"43.5","124.8","205","5.62","637.32","cold/snow","Temperate Broadleaf & Mixed Forests","amendment","Nmed","0","20",,"Typic Hapludoll","cropland",,,,"bulk soil",,"1212","104",,,"14252.9","9572.9","4680",,,,,"15.6",,"1.5","6.1","water",,,,
"328","134",,"43.5","124.8","205","5.62","637.32","cold/snow","Temperate Broadleaf & Mixed Forests","amendment","Nhigh","0","20",,"Typic Hapludoll","cropland",,,,"bulk soil",,"1254","104",,,"14630.9","9950.9","4680",,,,,"15.6",,"1.5","6.1","water",,,,
"329","133",,"26.45","115.04","100","18.48","1526.47","temperate","Tropical & Subtropical Moist Broadleaf Forests",,,"0","10",,,"forest",,,,"bulk soil",,"1031","20",,,"9922.3","9022.3","900",,,,,"17.1",,,"4.85",,,,,
"330","133",,"26.45","115.04","100","18.48","1526.47","temperate","Tropical & Subtropical Moist Broadleaf Forests",,,"0","10",,,"forest",,,,"bulk soil",,"1291","26",,,"12455.2","11285.2","1170",,,,,"19.5",,,"4.7",,,,,
"331","133",,"26.45","115.04","100","18.48","1526.47","temperate","Tropical & Subtropical Moist Broadleaf Forests",,,"0","10",,,"forest",,,,"bulk soil",,"1340","27",,,"12928.4","11713.4","1215",,,,,"22.9",,,"4.6",,,,,
"332","133",,"26.45","115.04","100","18.48","1526.47","temperate","Tropical & Subtropical Moist Broadleaf Forests",,,"0","10",,,"forest",,,,"bulk soil",,"1215","25",,,"11739.1","10614.1","1125",,,,,"19.6",,,"4.4",,,,,
"333","132",,"23.17","112.53",,"21.99","1715.28","temperate","Tropical & Subtropical Moist Broadleaf Forests",,,"0","10",,,"forest",,,,"bulk soil",,"860.987","46.4602",,,"9243.2","7152.5","2090.7",,,,,,"38.45","2.84","7.13",,,,,
"334","132",,"21.84","111.41",,"23.06","1959.96","temperate","Tropical & Subtropical Moist Broadleaf Forests",,,"0","10",,,"grassland",,,,"bulk soil",,"1399.1","83.6283",,,"15281.7","11518.4","3763.3",,,,,,"37.66","4.02","3.82",,,,,
"335","132",,"23.1","113.21",,"22.38","1769.01","temperate","Tropical & Subtropical Moist Broadleaf Forests",,,"0","10",,,"cropland",,,,"bulk soil",,"466.368","61.0619",,,"6161.3","3413.5","2747.8",,,,,,"33.08","3.4","4.83",,,,,
"336","132",,"42.23","128.05",,"1.76","764.26","cold/snow","Temperate Broadleaf & Mixed Forests",,,"0","10",,,"forest",,,,"bulk soil",,"4197.31","100.885",,,"41020.5","36480.7","4539.8",,,,,,"98.11","6.83","5.67",,,,,
"337","132",,"49.19","119.55",,"-0.84","379.38","cold/snow","Temperate Grasslands, Savannas & Shrublands",,,"0","10",,,"grassland",,,,"bulk soil",,"2511.21","203.097",,,"29133.1","19993.7","9139.4",,,,,,"34.50","3.61","5.82",,,,,
"338","132",,"47.27","126.55",,"1.97","543.87","cold/snow","Temperate Broadleaf & Mixed Forests",,,"0","10",,,"cropland",,,,"bulk soil",,"1470.85","131.416",,,"17464.4","11550.7","5913.7",,,,,,"27.52","1.92","6.29",,,,,
"339","131",,"37.833","118.833",,"13.75","547.54","cold/snow","Flooded Grasslands & Savannas",,,"0","20",,,"wetland",,,,"bulk soil",,,,,,"3354.777",,,,,,,"3.764706",,,,,,,,
"340","131",,"37.833","118.833",,"13.75","547.54","cold/snow","Flooded Grasslands & Savannas",,,"0","20",,,"wetland",,,,"bulk soil",,,,,,"3077.12",,,,,,,"4.470588",,,,,,,,
"341","131",,"37.833","118.833",,"13.75","547.54","cold/snow","Flooded Grasslands & Savannas",,,"0","20",,,"wetland",,,,"bulk soil",,,,,,"3018.893",,,,,,,"3.647059",,,,,,,,
"342","131",,"37.833","118.833",,"13.75","547.54","cold/snow","Flooded Grasslands & Savannas",,,"0","20",,,"wetland",,,,"bulk soil",,,,,,"2896.558",,,,,,,"3.470588",,,,,,,,
"343","131",,"37.833","118.833",,"13.75","547.54","cold/snow","Flooded Grasslands & Savannas",,,"0","20",,,"wetland",,,,"bulk soil",,,,,,"2482.77",,,,,,,"2.058824",,,,,,,,
"344","131",,"37.833","118.833",,"13.75","547.54","cold/snow","Flooded Grasslands & Savannas",,,"0","20",,,"wetland",,,,"bulk soil",,,,,,"2263.367",,,,,,,"5.823529",,,,,,,,
"345","131",,"37.833","118.833",,"13.75","547.54","cold/snow","Flooded Grasslands & Savannas",,,"0","20",,,"wetland",,,,"bulk soil",,,,,,"2256.83",,,,,,,"5.882353",,,,,,,,
"346","131",,"37.833","118.833",,"13.75","547.54","cold/snow","Flooded Grasslands & Savannas",,,"0","20",,,"wetland",,,,"bulk soil",,,,,,"2069.513",,,,,,,"4.352941",,,,,,,,
"347","131",,"37.833","118.833",,"13.75","547.54","cold/snow","Flooded Grasslands & Savannas",,,"0","20",,,"wetland",,,,"bulk soil",,,,,,"1983.711",,,,,,,"4.705882",,,,,,,,
"348","131",,"37.833","118.833",,"13.75","547.54","cold/snow","Flooded Grasslands & Savannas",,,"0","20",,,"wetland",,,,"bulk soil",,,,,,"2017.047",,,,,,,"3.235294",,,,,,,,
"349","131",,"37.833","118.833",,"13.75","547.54","cold/snow","Flooded Grasslands & Savannas",,,"0","20",,,"wetland",,,,"bulk soil",,,,,,"2017.116",,,,,,,"2.588235",,,,,,,,
"350","131",,"37.833","118.833",,"13.75","547.54","cold/snow","Flooded Grasslands & Savannas",,,"0","20",,,"wetland",,,,"bulk soil",,,,,,"1908.575",,,,,,,"1.941176",,,,,,,,
"351","131",,"37.833","118.833",,"13.75","547.54","cold/snow","Flooded Grasslands & Savannas",,,"0","20",,,"wetland",,,,"bulk soil",,,,,,"1856.336",,,,,,,"2.705882",,,,,,,,
"352","131",,"37.833","118.833",,"13.75","547.54","cold/snow","Flooded Grasslands & Savannas",,,"0","20",,,"wetland",,,,"bulk soil",,,,,,"1800.325",,,,,,,"3.941176",,,,,,,,
"353","131",,"37.833","118.833",,"13.75","547.54","cold/snow","Flooded Grasslands & Savannas",,,"0","20",,,"wetland",,,,"bulk soil",,,,,,"1684.387",,,,,,,"4.529412",,,,,,,,
"354","131",,"37.833","118.833",,"13.75","547.54","cold/snow","Flooded Grasslands & Savannas",,,"0","20",,,"wetland",,,,"bulk soil",,,,,,"1635.679",,,,,,,"3.588235",,,,,,,,
"355","131",,"37.833","118.833",,"13.75","547.54","cold/snow","Flooded Grasslands & Savannas",,,"0","20",,,"wetland",,,,"bulk soil",,,,,,"1695.705",,,,,,,"4.470588",,,,,,,,
"356","131",,"37.833","118.833",,"13.75","547.54","cold/snow","Flooded Grasslands & Savannas",,,"0","20",,,"wetland",,,,"bulk soil",,,,,,"1725.718",,,,,,,"2.882353",,,,,,,,
"357","131",,"37.833","118.833",,"13.75","547.54","cold/snow","Flooded Grasslands & Savannas",,,"0","20",,,"wetland",,,,"bulk soil",,,,,,"1845.888",,,,,,,"2.705882",,,,,,,,
"358","131",,"37.833","118.833",,"13.75","547.54","cold/snow","Flooded Grasslands & Savannas",,,"0","20",,,"wetland",,,,"bulk soil",,,,,,"1662.428",,,,,,,"3.764706",,,,,,,,
"359","131",,"37.833","118.833",,"13.75","547.54","cold/snow","Flooded Grasslands & Savannas",,,"0","20",,,"wetland",,,,"bulk soil",,,,,,"1594.907",,,,,,,"3",,,,,,,,
"360","131",,"37.833","118.833",,"13.75","547.54","cold/snow","Flooded Grasslands & Savannas",,,"0","20",,,"wetland",,,,"bulk soil",,,,,,"1553.704",,,,,,,"1.882353",,,,,,,,
"361","131",,"37.833","118.833",,"13.75","547.54","cold/snow","Flooded Grasslands & Savannas",,,"0","20",,,"wetland",,,,"bulk soil",,,,,,"1493.871",,,,,,,"1.176471",,,,,,,,
"362","131",,"37.833","118.833",,"13.75","547.54","cold/snow","Flooded Grasslands & Savannas",,,"0","20",,,"wetland",,,,"bulk soil",,,,,,"1400.386",,,,,,,"2",,,,,,,,
"363","131",,"37.833","118.833",,"13.75","547.54","cold/snow","Flooded Grasslands & Savannas",,,"0","20",,,"wetland",,,,"bulk soil",,,,,,"1362.922",,,,,,,"2.058824",,,,,,,,
"364","131",,"37.833","118.833",,"13.75","547.54","cold/snow","Flooded Grasslands & Savannas",,,"0","20",,,"wetland",,,,"bulk soil",,,,,,"1396.515",,,,,,,"2.117647",,,,,,,,
"365","131",,"37.833","118.833",,"13.75","547.54","cold/snow","Flooded Grasslands & Savannas",,,"0","20",,,"wetland",,,,"bulk soil",,,,,,"1142.368",,,,,,,"2.941176",,,,,,,,
"366","131",,"37.833","118.833",,"13.75","547.54","cold/snow","Flooded Grasslands & Savannas",,,"0","20",,,"wetland",,,,"bulk soil",,,,,,"1232.175",,,,,,,"3.411765",,,,,,,,
"367","131",,"37.833","118.833",,"13.75","547.54","cold/snow","Flooded Grasslands & Savannas",,,"0","20",,,"wetland",,,,"bulk soil",,,,,,"1284.586",,,,,,,"3.529412",,,,,,,,
"368","131",,"37.833","118.833",,"13.75","547.54","cold/snow","Flooded Grasslands & Savannas",,,"0","20",,,"wetland",,,,"bulk soil",,,,,,"1423.007",,,,,,,"4.588235",,,,,,,,
"369","131",,"37.833","118.833",,"13.75","547.54","cold/snow","Flooded Grasslands & Savannas",,,"0","20",,,"wetland",,,,"bulk soil",,,,,,"1363.505",,,,,,,"4.235294",,,,,,,,
"370","131",,"37.833","118.833",,"13.75","547.54","cold/snow","Flooded Grasslands & Savannas",,,"0","20",,,"wetland",,,,"bulk soil",,,,,,"1139.075",,,,,,,"2.705882",,,,,,,,
"371","131",,"37.833","118.833",,"13.75","547.54","cold/snow","Flooded Grasslands & Savannas",,,"0","20",,,"wetland",,,,"bulk soil",,,,,,"1079.286",,,,,,,"2",,,,,,,,
"372","131",,"37.833","118.833",,"13.75","547.54","cold/snow","Flooded Grasslands & Savannas",,,"0","20",,,"wetland",,,,"bulk soil",,,,,,"959.6",,,,,,,"3.117647",,,,,,,,
"373","131",,"37.833","118.833",,"13.75","547.54","cold/snow","Flooded Grasslands & Savannas",,,"0","20",,,"wetland",,,,"bulk soil",,,,,,"967.17",,,,,,,"2.823529",,,,,,,,
"374","131",,"37.833","118.833",,"13.75","547.54","cold/snow","Flooded Grasslands & Savannas",,,"0","20",,,"wetland",,,,"bulk soil",,,,,,"1094.628",,,,,,,"4.117647",,,,,,,,
"375","131",,"37.833","118.833",,"13.75","547.54","cold/snow","Flooded Grasslands & Savannas",,,"0","20",,,"wetland",,,,"bulk soil",,,,,,"869.932",,,,,,,"4.764706",,,,,,,,
"376","131",,"37.833","118.833",,"13.75","547.54","cold/snow","Flooded Grasslands & Savannas",,,"0","20",,,"wetland",,,,"bulk soil",,,,,,"881.344",,,,,,,"4.705882",,,,,,,,
"377","131",,"37.833","118.833",,"13.75","547.54","cold/snow","Flooded Grasslands & Savannas",,,"0","20",,,"wetland",,,,"bulk soil",,,,,,"799.003",,,,,,,"5.470588",,,,,,,,
"378","131",,"37.833","118.833",,"13.75","547.54","cold/snow","Flooded Grasslands & Savannas",,,"0","20",,,"wetland",,,,"bulk soil",,,,,,"869.818",,,,,,,"5.764706",,,,,,,,
"379","131",,"37.833","118.833",,"13.75","547.54","cold/snow","Flooded Grasslands & Savannas",,,"0","20",,,"wetland",,,,"bulk soil",,,,,,"720.085",,,,,,,"6.411765",,,,,,,,
"380","131",,"37.833","118.833",,"13.75","547.54","cold/snow","Flooded Grasslands & Savannas",,,"0","20",,,"wetland",,,,"bulk soil",,,,,,"754.058",,,,,,,"7.882353",,,,,,,,
"381","131",,"37.833","118.833",,"13.75","547.54","cold/snow","Flooded Grasslands & Savannas",,,"0","20",,,"wetland",,,,"bulk soil",,,,,,"641.962",,,,,,,"8.058824",,,,,,,,
"382","131",,"37.833","118.833",,"13.75","547.54","cold/snow","Flooded Grasslands & Savannas",,,"0","20",,,"wetland",,,,"bulk soil",,,,,,"574.598",,,,,,,"8.235294",,,,,,,,
"383","131",,"37.833","118.833",,"13.75","547.54","cold/snow","Flooded Grasslands & Savannas",,,"0","20",,,"wetland",,,,"bulk soil",,,,,,"519.111",,,,,,,"2.882353",,,,,,,,
"384","131",,"37.833","118.833",,"13.75","547.54","cold/snow","Flooded Grasslands & Savannas",,,"0","20",,,"wetland",,,,"bulk soil",,,,,,"492.816",,,,,,,"3",,,,,,,,
"385","131",,"37.833","118.833",,"13.75","547.54","cold/snow","Flooded Grasslands & Savannas",,,"0","20",,,"wetland",,,,"bulk soil",,,,,,"1629.586",,,,,,,"6.588235",,,,,,,,
"386","131",,"37.833","118.833",,"13.75","547.54","cold/snow","Flooded Grasslands & Savannas",,,"0","20",,,"wetland",,,,"bulk soil",,,,,,"1562.415",,,,,,,"8.058824",,,,,,,,
"387","131",,"37.833","118.833",,"13.75","547.54","cold/snow","Flooded Grasslands & Savannas",,,"0","20",,,"wetland",,,,"bulk soil",,,,,,"1416.622",,,,,,,"8.176471",,,,,,,,
"388","131",,"37.833","118.833",,"13.75","547.54","cold/snow","Flooded Grasslands & Savannas",,,"0","20",,,"wetland",,,,"bulk soil",,,,,,"1472.776",,,,,,,"9.411765",,,,,,,,
"389","131",,"37.833","118.833",,"13.75","547.54","cold/snow","Flooded Grasslands & Savannas",,,"0","20",,,"wetland",,,,"bulk soil",,,,,,"1521.548",,,,,,,"9.058824",,,,,,,,
"390","131",,"37.833","118.833",,"13.75","547.54","cold/snow","Flooded Grasslands & Savannas",,,"0","20",,,"wetland",,,,"bulk soil",,,,,,"1117.708",,,,,,,"8.823529",,,,,,,,
"391","131",,"37.833","118.833",,"13.75","547.54","cold/snow","Flooded Grasslands & Savannas",,,"0","20",,,"wetland",,,,"bulk soil",,,,,,"1050.611",,,,,,,"9.235294",,,,,,,,
"392","131",,"37.833","118.833",,"13.75","547.54","cold/snow","Flooded Grasslands & Savannas",,,"0","20",,,"wetland",,,,"bulk soil",,,,,,"796.292",,,,,,,"9.882353",,,,,,,,
"393","131",,"37.833","118.833",,"13.75","547.54","cold/snow","Flooded Grasslands & Savannas",,,"0","20",,,"wetland",,,,"bulk soil",,,,,,"575.986",,,,,,,"10.76471",,,,,,,,
"394","131",,"37.833","118.833",,"13.75","547.54","cold/snow","Flooded Grasslands & Savannas",,,"0","20",,,"wetland",,,,"bulk soil",,,,,,"400.264",,,,,,,"12",,,,,,,,
"395","131",,"37.833","118.833",,"13.75","547.54","cold/snow","Flooded Grasslands & Savannas",,,"0","20",,,"wetland",,,,"bulk soil",,,,,,"419.181",,,,,,,"13.76471",,,,,,,,
"396","131",,"37.833","118.833",,"13.75","547.54","cold/snow","Flooded Grasslands & Savannas",,,"0","20",,,"wetland",,,,"bulk soil",,,,,,"423.275",,,,,,,"6.352941",,,,,,,,
"397","131",,"37.833","118.833",,"13.75","547.54","cold/snow","Flooded Grasslands & Savannas",,,"0","20",,,"wetland",,,,"bulk soil",,,,,,"311.011",,,,,,,"6.176471",,,,,,,,
"398","131",,"37.833","118.833",,"13.75","547.54","cold/snow","Flooded Grasslands & Savannas",,,"0","20",,,"wetland",,,,"bulk soil",,,,,,"228.695",,,,,,,"4.705882",,,,,,,,
"399","131",,"37.833","118.833",,"13.75","547.54","cold/snow","Flooded Grasslands & Savannas",,,"0","20",,,"wetland",,,,"bulk soil",,,,,,"352.479",,,,,,,"5",,,,,,,,
"400","131",,"37.833","118.833",,"13.75","547.54","cold/snow","Flooded Grasslands & Savannas",,,"0","20",,,"wetland",,,,"bulk soil",,,,,,"812.331",,,,,,,"4.529412",,,,,,,,
"401","131",,"37.833","118.833",,"13.75","547.54","cold/snow","Flooded Grasslands & Savannas",,,"0","20",,,"wetland",,,,"bulk soil",,,,,,"726.336",,,,,,,"4.764706",,,,,,,,
"402","131",,"37.833","118.833",,"13.75","547.54","cold/snow","Flooded Grasslands & Savannas",,,"0","20",,,"wetland",,,,"bulk soil",,,,,,"217.93",,,,,,,"4.882353",,,,,,,,
"403","131",,"37.833","118.833",,"13.75","547.54","cold/snow","Flooded Grasslands & Savannas",,,"0","20",,,"wetland",,,,"bulk soil",,,,,,"139.432",,,,,,,"5.117647",,,,,,,,
"404","131",,"37.833","118.833",,"13.75","547.54","cold/snow","Flooded Grasslands & Savannas",,,"0","20",,,"wetland",,,,"bulk soil",,,,,,"244.215",,,,,,,"5.235294",,,,,,,,
"405","131",,"37.833","118.833",,"13.75","547.54","cold/snow","Flooded Grasslands & Savannas",,,"0","20",,,"wetland",,,,"bulk soil",,,,,,"390.008",,,,,,,"3.647059",,,,,,,,
"406","131",,"37.833","118.833",,"13.75","547.54","cold/snow","Flooded Grasslands & Savannas",,,"0","20",,,"wetland",,,,"bulk soil",,,,,,"364.029",,,,,,,"3.764706",,,,,,,,
"407","131",,"37.833","118.833",,"13.75","547.54","cold/snow","Flooded Grasslands & Savannas",,,"0","20",,,"wetland",,,,"bulk soil",,,,,,"214.543",,,,,,,"4.352941",,,,,,,,
"408","131",,"37.833","118.833",,"13.75","547.54","cold/snow","Flooded Grasslands & Savannas",,,"0","20",,,"wetland",,,,"bulk soil",,,,,,"80.008",,,,,,,"5.176471",,,,,,,,
"409","131",,"37.833","118.833",,"13.75","547.54","cold/snow","Flooded Grasslands & Savannas",,,"0","20",,,"wetland",,,,"bulk soil",,,,,,"196.07",,,,,,,"5.235294",,,,,,,,
"410","131",,"37.833","118.833",,"13.75","547.54","cold/snow","Flooded Grasslands & Savannas",,,"0","20",,,"wetland",,,,"bulk soil",,,,,,"338.08",,,,,,,"5.470588",,,,,,,,
"411","131",,"37.833","118.833",,"13.75","547.54","cold/snow","Flooded Grasslands & Savannas",,,"0","20",,,"wetland",,,,"bulk soil",,,,,,"371.955",,,,,,,"5.647059",,,,,,,,
"412","131",,"37.833","118.833",,"13.75","547.54","cold/snow","Flooded Grasslands & Savannas",,,"0","20",,,"wetland",,,,"bulk soil",,,,,,"319.3",,,,,,,"5.941176",,,,,,,,
"413","131",,"37.833","118.833",,"13.75","547.54","cold/snow","Flooded Grasslands & Savannas",,,"0","20",,,"wetland",,,,"bulk soil",,,,,,"601.812",,,,,,,"5.941176",,,,,,,,
"414","131",,"37.833","118.833",,"13.75","547.54","cold/snow","Flooded Grasslands & Savannas",,,"0","20",,,"wetland",,,,"bulk soil",,,,,,"476.89",,,,,,,"5.941176",,,,,,,,
"415","131",,"37.833","118.833",,"13.75","547.54","cold/snow","Flooded Grasslands & Savannas",,,"0","20",,,"wetland",,,,"bulk soil",,,,,,"292.95",,,,,,,"6.235294",,,,,,,,
"416","131",,"37.833","118.833",,"13.75","547.54","cold/snow","Flooded Grasslands & Savannas",,,"0","20",,,"wetland",,,,"bulk soil",,,,,,"346.712",,,,,,,"6.176471",,,,,,,,
"417","131",,"37.833","118.833",,"13.75","547.54","cold/snow","Flooded Grasslands & Savannas",,,"0","20",,,"wetland",,,,"bulk soil",,,,,,"289.092",,,,,,,"7.294118",,,,,,,,
"418","131",,"37.833","118.833",,"13.75","547.54","cold/snow","Flooded Grasslands & Savannas",,,"0","20",,,"wetland",,,,"bulk soil",,,,,,"230.684",,,,,,,"7.352941",,,,,,,,
"419","131",,"37.833","118.833",,"13.75","547.54","cold/snow","Flooded Grasslands & Savannas",,,"0","20",,,"wetland",,,,"bulk soil",,,,,,"262.048",,,,,,,"7.352941",,,,,,,,
"420","131",,"37.833","118.833",,"13.75","547.54","cold/snow","Flooded Grasslands & Savannas",,,"0","20",,,"wetland",,,,"bulk soil",,,,,,"131.994",,,,,,,"7.764706",,,,,,,,
"421","131",,"37.833","118.833",,"13.75","547.54","cold/snow","Flooded Grasslands & Savannas",,,"0","20",,,"wetland",,,,"bulk soil",,,,,,"522.203",,,,,,,"7.705882",,,,,,,,
"422","131",,"37.833","118.833",,"13.75","547.54","cold/snow","Flooded Grasslands & Savannas",,,"0","20",,,"wetland",,,,"bulk soil",,,,,,"621.147",,,,,,,"7.764706",,,,,,,,
"423","131",,"37.833","118.833",,"13.75","547.54","cold/snow","Flooded Grasslands & Savannas",,,"0","20",,,"wetland",,,,"bulk soil",,,,,,"738.372",,,,,,,"7.352941",,,,,,,,
"424","131",,"37.833","118.833",,"13.75","547.54","cold/snow","Flooded Grasslands & Savannas",,,"0","20",,,"wetland",,,,"bulk soil",,,,,,"342.103",,,,,,,"6.882353",,,,,,,,
"425","131",,"37.833","118.833",,"13.75","547.54","cold/snow","Flooded Grasslands & Savannas",,,"0","20",,,"wetland",,,,"bulk soil",,,,,,"234.391",,,,,,,"6.823529",,,,,,,,
"426","131",,"37.833","118.833",,"13.75","547.54","cold/snow","Flooded Grasslands & Savannas",,,"0","20",,,"wetland",,,,"bulk soil",,,,,,"374.684",,,,,,,"7.058824",,,,,,,,
"427","131",,"37.833","118.833",,"13.75","547.54","cold/snow","Flooded Grasslands & Savannas",,,"0","20",,,"wetland",,,,"bulk soil",,,,,,"337.318",,,,,,,"6.764706",,,,,,,,
"428","131",,"37.833","118.833",,"13.75","547.54","cold/snow","Flooded Grasslands & Savannas",,,"0","20",,,"wetland",,,,"bulk soil",,,,,,"423.563",,,,,,,,,,,,,,,
"429","130",,"49.39","-103.51","248","3.71","414.76","cold/snow","Temperate Grasslands, Savannas & Shrublands",,,"0","10",,,"grassland",,,,"bulk soil",,"1677","69","865","27","17312.2","14207.2","3105",,,,,,"42.3","4.23",,,,,,
"430","130",,"45","-95.01","98","7.03","648.29","cold/snow","Temperate Grasslands, Savannas & Shrublands",,,"0","10",,,"grassland",,,,"bulk soil",,"1521","80","628","23","16262","12662","3600",,,,,,"32.7","2.94",,,,,,
"431","130",,"40.42","-73.42","13",,,,,,,"50","60",,,"grassland",,,,"bulk soil",,"557","35","246","15","6138.7","4563.7","1575",,,,,,"9","1.02",,,,,,
"432","130",,"35.12","-101.5","1058","13.95","516.42","arid","Temperate Grasslands, Savannas & Shrublands",,,"0","10",,,"grassland",,,,"bulk soil",,"180","12","71","17","2006","1466","540",,,,,,"4.2","0.47",,,,,,
"433","130",,"49.57","11.34","355","7.43","776","temperate","Temperate Broadleaf & Mixed Forests",,,,,"Oi",,"forest",,,,"bulk soil",,"3656","65","1025","43","34994.6","32069.6","2925",,,,,,"370","12.1",,,,,,
"434","130",,"49.57","11.34","355","7.43","776","temperate","Temperate Broadleaf & Mixed Forests",,,,,"Oe",,"forest",,,,"bulk soil",,"5164","128","919","297","50592.9","44832.9","5760",,,,,,"420","13.2",,,,,,
"435","130",,"49.57","11.34","355","7.43","776","temperate","Temperate Broadleaf & Mixed Forests",,,,,"Oa",,"forest",,,,"bulk soil",,"1835","79","604","69","19055.9","15500.9","3555",,,,,,"290","9.9",,,,,,
"436","130",,"49.57","11.34","355","7.43","776","temperate","Temperate Broadleaf & Mixed Forests",,,"0","5",,,"forest",,,,"bulk soil",,"884","66","322","38","10078.8","7108.8","2970",,,,,,"70","2",,,,,,
"437","130",,"49.39","-103.51","248","3.71","414.76","cold/snow","Temperate Grasslands, Savannas & Shrublands",,,"0","10",,,"grassland",,,,"bulk soil",,"1615","81","1126","33","17140.2","13495.2","3645",,,,,,"42.3","4.23",,,,,,
"438","130",,"49.39","-103.51","248","3.71","414.76","cold/snow","Temperate Grasslands, Savannas & Shrublands",,,"0","10",,,"grassland",,,,"bulk soil",,"1676","86","1099","35","17850","13980","3870",,,,,,"42.3","4.23",,,,,,
"439","130",,"35.12","-101.5","1058","13.95","516.42","arid","Temperate Grasslands, Savannas & Shrublands",,,"0","10",,,"cropland",,,,"bulk soil",,"82","7","36","3","963.1","648.1","315",,,,,,"4.2","0.47",,,,,,
"440","130",,"35.12","-101.5","1058","13.95","516.42","arid","Temperate Grasslands, Savannas & Shrublands",,,"0","10",,,"cropland",,,,"bulk soil",,"180","7","103","4","1845.1","1530.1","315",,,,,,"4.2","0.47",,,,,,
"441","130",,"49.57","11.34","355","7.43","776","temperate","Temperate Broadleaf & Mixed Forests",,,,,"Oe",,"forest",,,,"bulk soil",,"5159","161","1522","142","51609.2","44364.2","7245",,,,,,"420","13.2",,,,,,
"442","130",,"49.57","11.34","355","7.43","776","temperate","Temperate Broadleaf & Mixed Forests",,,,,"Oe",,"forest",,,,"bulk soil",,"4700","99","1235","121","45484.1","41029.1","4455",,,,,,"420","13.2",,,,,,
"443","127",,"48.5","11.45",,"8.29","837.11","temperate","Temperate Broadleaf & Mixed Forests",,"management","0","25",,,"cropland",,,,"bulk soil",,"697","50",,,"7881.1","5631.1","2250","2250","5631.04",,,"13.2",,"1.47",,,"21",,,
"444","127",,"48.5","11.45",,"8.29","837.11","temperate","Temperate Broadleaf & Mixed Forests",,"management","0","25",,,"cropland",,,,"bulk soil",,"816","60",,,"9273.8","6573.8","2700","2700","6573.65",,,"12.7",,"1.57",,,,,,
"445","127",,"48.5","11.45",,"8.29","837.11","temperate","Temperate Broadleaf & Mixed Forests",,"management","0","25",,,"cropland",,,,"bulk soil",,"671","48",,,"7582.8","5422.8","2160","2160","5422.72",,,"11.9",,"1.37",,,,,,
"446","127",,"48.5","11.45",,"8.29","837.11","temperate","Temperate Broadleaf & Mixed Forests",,"management","0","25",,,"cropland",,,,"bulk soil",,"841","63",,,"9595.3","6760.3","2835","2835","6760.13",,,"14",,"1.67",,,,,,
"447","126",,"51.38","9.92",,"7.08","684.49","temperate","Temperate Broadleaf & Mixed Forests",,"warming","0","10",,"Haplic Luvisol","cropland",,,"2011","bulk soil",,"1582","34.5","259",,"15347.6","13795.1","1552.5","1.6","13.6","272","48",,"14.00","1.4","6.3","CaCl2","13.3","83.4","3.3",
"448","126",,"51.38","9.92",,"7.08","684.49","temperate","Temperate Broadleaf & Mixed Forests",,"warming","0","10",,"Haplic Luvisol","cropland",,,"2011","bulk soil",,"2580","54.4","246",,"24969.7","22521.7","2448","2.4","22.7","293","82",,"14.00","1.4","6.3","CaCl2","13.3","83.4","3.3",
"449","126",,"51.38","9.92",,"7.08","684.49","temperate","Temperate Broadleaf & Mixed Forests",,"warming","0","10",,"Haplic Luvisol","cropland",,,"2011","bulk soil",,"2715","31.7","264",,"25454.6","24028.1","1426.5","1.4","23.8","292","57",,"14.00","1.4","6.3","CaCl2","13.3","83.4","3.3",
"450","126",,"51.38","9.92",,"7.08","684.49","temperate","Temperate Broadleaf & Mixed Forests",,"warming","0","10",,"Haplic Luvisol","cropland",,,"2011","bulk soil",,"1609","26.1","120",,"15320.5","14146","1174.5","1.2","14","320","56",,"14.00","1.4","6.3","CaCl2","13.3","83.4","3.3",
"451","126",,"51.38","9.92",,"7.08","684.49","temperate","Temperate Broadleaf & Mixed Forests",,"warming","0","10",,"Haplic Luvisol","cropland",,,"2011","bulk soil",,"2126","35.1","134",,"20262.9","18683.4","1579.5","1.6","18.5","314","54",,"14.00","1.4","6.3","CaCl2","13.3","83.4","3.3",
"452","126",,"51.38","9.92",,"7.08","684.49","temperate","Temperate Broadleaf & Mixed Forests",,"warming","0","10",,"Haplic Luvisol","cropland",,,"2011","bulk soil",,"1842","36.6","151",,"17755.2","16108.2","1647","1.6","15.9","315","54",,"14.00","1.4","6.3","CaCl2","13.3","83.4","3.3",
"453","125",,"33.47","111.93",,"14.86","814.46","temperate","Temperate Broadleaf & Mixed Forests",,"warming","0","10",,,"forest",,,,"bulk soil",,"2052.02","265.66",,,"27012.6","15057.9","11954.7",,,,,"41.6",,,,,,,,
"454","125",,"33.47","111.93",,"14.86","814.46","temperate","Temperate Broadleaf & Mixed Forests",,"warming","0","10",,,"forest",,,,"bulk soil",,"1528","267.74",,,"22363.3","10315","12048.3",,,,,"41.2",,,,,,,,
"455","125",,"33.47","111.93",,"14.86","814.46","temperate","Temperate Broadleaf & Mixed Forests",,"drought","0","10",,,"forest",,,,"bulk soil",,"2063.99","266.64",,,"27151.8","15153","11998.8",,,,,"41.6",,,,,,,,
"456","125",,"33.47","111.93",,"14.86","814.46","temperate","Temperate Broadleaf & Mixed Forests",,"drought","0","10",,,"forest",,,,"bulk soil",,"1532.87","265.89",,,"22347.6","10382.6","11965",,,,,"41.2",,,,,,,,
"457","124",,"52.93","122.85",,"-5.22","413.15","cold/snow","Temperate Conifer Forests",,"warming","0","15",,"Histosol","wetland","peatland",,"2019","bulk soil",,"139.51","83.87",,,"3953.1","178.9","3774.2",,,,,"400.03",,,,,,,,
"458","124",,"52.93","122.85",,"-5.22","413.15","cold/snow","Temperate Conifer Forests",,"warming","15","30",,"Histosol","wetland","peatland",,"2019","bulk soil",,"180.62","101.27",,,"4882.7","325.6","4557.1",,,,,"400.73",,,,,,,,
"459","124",,"52.93","122.85",,"-5.22","413.15","cold/snow","Temperate Conifer Forests",,"warming","0","15",,"Histosol","wetland","peatland",,"2019","bulk soil",,"165.01","81.04",,,"4091.6","444.8","3646.8",,,,,"416.17",,,,,,,,
"460","124",,"52.93","122.85",,"-5.22","413.15","cold/snow","Temperate Conifer Forests",,"warming","15","30",,"Histosol","wetland","peatland",,"2019","bulk soil",,"213.56","84.39",,,"4636.3","838.7","3797.6",,,,,"432.33",,,,,,,,
"461","124",,"52.93","122.85",,"-5.22","413.15","cold/snow","Temperate Conifer Forests",,"warming","0","15",,"Histosol","wetland","peatland",,"2019","bulk soil",,"165.97","83.82",,,"4189.6","417.7","3771.9",,,,,"428.97",,,,,,,,
"462","124",,"52.93","122.85",,"-5.22","413.15","cold/snow","Temperate Conifer Forests",,"warming","15","30",,"Histosol","wetland","peatland",,"2019","bulk soil",,"202.71","93.29",,,"4824.8","626.8","4198",,,,,"402.4",,,,,,,,
"463","123",,"29.8","121.78",,"15.27","1371.17","temperate","Tropical & Subtropical Moist Broadleaf Forests",,"drought","0","10",,,"forest",,,,"bulk soil",,"1539.49","84.27",,,"16565.7","12773.6","3792.1",,,,,"46.88",,,,,,,,
"464","123",,"29.8","121.78",,"15.27","1371.17","temperate","Tropical & Subtropical Moist Broadleaf Forests",,"drought","0","10",,,"forest",,,,"bulk soil",,"1223.6","66",,,"13135.2","10165.2","2970",,,,,"40.81",,,,,,,,
"465","123",,"29.8","121.78",,"15.27","1371.17","temperate","Tropical & Subtropical Moist Broadleaf Forests",,"drought","0","10",,,"forest",,,,"bulk soil",,"1365.2","123.82",,,"16269.2","10697.3","5571.9",,,,,"37.21",,,,,,,,
"466","123",,"29.8","121.78",,"15.27","1371.17","temperate","Tropical & Subtropical Moist Broadleaf Forests",,"drought","0","10",,,"forest",,,,"bulk soil",,"1194.55","113.46",,,"14400.2","9294.5","5105.7",,,,,"36.94",,,,,,,,
"467","122",,"32.1","112.1",,"16.03","847.75","temperate","Temperate Broadleaf & Mixed Forests",,,"0","20",,,"cropland",,,,"aggregate",">2mm",,,,,"8854.94979","7428.31929","1426.6305",,,,,,"16.40","1.31","6.52",,"18.2","26.3","55.5",
"468","122",,"32.1","112.1",,"16.03","847.75","temperate","Temperate Broadleaf & Mixed Forests",,,"0","20",,,"cropland",,,,"aggregate","0.250-2mm",,,,,"7328.35487","6141.39887","1186.956",,,,,,"16.67","1.15","6.52",,"18.2","26.3","55.5",
"469","122",,"32.1","112.1",,"16.03","847.75","temperate","Temperate Broadleaf & Mixed Forests",,,"0","20",,,"cropland",,,,"aggregate","<0.250mm",,,,,"7251.80338","6053.43538","1198.368",,,,,,"22.52","1.78","6.52",,"18.2","26.3","55.5",
"470","122",,"32.1","112.1",,"16.03","847.75","temperate","Temperate Broadleaf & Mixed Forests",,,"0","20",,,"cropland",,,,"aggregate",">2mm",,,,,"9583.43402","7848.65252","1734.7815",,,,,,"17.23","1.32","6.52",,"18.2","26.3","55.5",
"471","122",,"32.1","112.1",,"16.03","847.75","temperate","Temperate Broadleaf & Mixed Forests",,,"0","20",,,"cropland",,,,"aggregate","0.250-2mm",,,,,"7980.29083","6473.76733","1506.5235",,,,,,"17.86","1.2","6.52",,"18.2","26.3","55.5",
"472","122",,"32.1","112.1",,"16.03","847.75","temperate","Temperate Broadleaf & Mixed Forests",,,"0","20",,,"cropland",,,,"aggregate","<0.250mm",,,,,"7111.89247","5753.73847","1358.154",,,,,,"23.45","2.01","6.52",,"18.2","26.3","55.5",
"473","122",,"32.1","112.1",,"16.03","847.75","temperate","Temperate Broadleaf & Mixed Forests",,,"0","20",,,"cropland",,,,"aggregate",">2mm",,,,,"9919.12383","8070.20883","1848.915",,,,,,"18.50","1.56","6.52",,"18.2","26.3","55.5",
"474","122",,"32.1","112.1",,"16.03","847.75","temperate","Temperate Broadleaf & Mixed Forests",,,"0","20",,,"cropland",,,,"aggregate","0.250-2mm",,,,,"8501.70646","6858.22996","1643.4765",,,,,,"19.62","1.41","6.52",,"18.2","26.3","55.5",
"475","122",,"32.1","112.1",,"16.03","847.75","temperate","Temperate Broadleaf & Mixed Forests",,,"0","20",,,"cropland",,,,"aggregate","<0.250mm",,,,,"7483.34476","6079.53826","1403.8065",,,,,,"23.81","2.12","6.52",,"18.2","26.3","55.5",
"476","122",,"32.1","112.1",,"16.03","847.75","temperate","Temperate Broadleaf & Mixed Forests",,,"0","20",,,"cropland",,,,"aggregate",">2mm",,,,,"9373.23222","7695.51522","1677.717",,,,,,"17.90","1.42","6.52",,"18.2","26.3","55.5",
"477","122",,"32.1","112.1",,"16.03","847.75","temperate","Temperate Broadleaf & Mixed Forests",,,"0","20",,,"cropland",,,,"aggregate","0.250-2mm",,,,,"7761.9293","6323.8868","1438.0425",,,,,,"17.43","1.3","6.52",,"18.2","26.3","55.5",
"478","122",,"32.1","112.1",,"16.03","847.75","temperate","Temperate Broadleaf & Mixed Forests",,,"0","20",,,"cropland",,,,"aggregate","<0.250mm",,,,,"7289.45599","5919.88999","1369.566",,,,,,"22.41","1.86","6.52",,"18.2","26.3","55.5",
"479","121",,"37.29","114.3",,"12.75","513.38","temperate","Temperate Broadleaf & Mixed Forests",,,"0","20",,,"forest",,,,"aggregate",">2mm",,,,,"2256.9","1599.9","657",,,,,,"6.82","1.26","8.5",,,,,
"480","121",,"37.29","114.3",,"12.75","513.38","temperate","Temperate Broadleaf & Mixed Forests",,,"0","20",,,"forest",,,,"aggregate","0.250-2mm",,,,,"2018.81","1442.81","576",,,,,,"5.43","0.99","8.5",,,,,
"481","121",,"37.29","114.3",,"12.75","513.38","temperate","Temperate Broadleaf & Mixed Forests",,,"0","20",,,"forest",,,,"aggregate","<0.250mm",,,,,"1990.53","1531.53","459",,,,,,"4.96","0.99","8.5",,,,,
"482","121",,"37.29","114.3",,"12.75","513.38","temperate","Temperate Broadleaf & Mixed Forests",,,"0","20",,,"forest",,,,"aggregate",">2mm",,,,,"2499.95","1887.95","612",,,,,,"7.35","1.18","8.5",,,,,
"483","121",,"37.29","114.3",,"12.75","513.38","temperate","Temperate Broadleaf & Mixed Forests",,,"0","20",,,"forest",,,,"aggregate","0.250-2mm",,,,,"2268.41","1710.41","558",,,,,,"6.12","0.97","8.5",,,,,
"484","121",,"37.29","114.3",,"12.75","513.38","temperate","Temperate Broadleaf & Mixed Forests",,,"0","20",,,"forest",,,,"aggregate","<0.250mm",,,,,"2212.26","1717.26","495",,,,,,"5.35","1.97","8.5",,,,,
"485","121",,"37.29","114.3",,"12.75","513.38","temperate","Temperate Broadleaf & Mixed Forests",,,"0","20",,,"forest",,,,"aggregate",">2mm",,,,,"3258.99","2421.99","837",,,,,,"8.51","1.31","8.5",,,,,
"486","121",,"37.29","114.3",,"12.75","513.38","temperate","Temperate Broadleaf & Mixed Forests",,,"0","20",,,"forest",,,,"aggregate","0.250-2mm",,,,,"2888.91","2141.91","747",,,,,,"6.72","1.09","8.5",,,,,
"487","121",,"37.29","114.3",,"12.75","513.38","temperate","Temperate Broadleaf & Mixed Forests",,,"0","20",,,"forest",,,,"aggregate","<0.250mm",,,,,"2612.86","2005.36","607.5",,,,,,"5.35","1.04","8.5",,,,,
"488","121",,"37.29","114.3",,"12.75","513.38","temperate","Temperate Broadleaf & Mixed Forests",,,"0","20",,,"forest",,,,"aggregate",">2mm",,,,,"4119.06","3120.06","999",,,,,,"9.37","1.47","8.5",,,,,
"489","121",,"37.29","114.3",,"12.75","513.38","temperate","Temperate Broadleaf & Mixed Forests",,,"0","20",,,"forest",,,,"aggregate","0.250-2mm",,,,,"3564.02","2614.52","949.5",,,,,,"7.82","1.28","8.5",,,,,
"490","121",,"37.29","114.3",,"12.75","513.38","temperate","Temperate Broadleaf & Mixed Forests",,,"0","20",,,"forest",,,,"aggregate","<0.250mm",,,,,"2428.12","1883.62","544.5",,,,,,"5.32","1.05","8.5",,,,,
"491","120",,"31.98","92.02",,"-1.72","466.86","polar","Montane Grasslands & Shrublands",,"fertilizer; warming","0","30",,"Cambisols","grassland",,,"2018","bulk soil",,"91.13","10.39","121.06",,"1154.4","686.8","467.6",,,"72.32",,"23.03","27.10","2.2","6.71",,,,,
"492","120",,"31.98","92.02",,"-1.72","466.86","polar","Montane Grasslands & Shrublands",,"fertilizer; warming","0","30",,"Cambisols","grassland",,,,"bulk soil",,"64.65","8.71","94.16",,"862","470","392",,,"57.07",,"27.79","28.90","2.5","6.74",,,,,
"493","120",,"31.98","92.02",,"-1.72","466.86","polar","Montane Grasslands & Shrublands",,"fertilizer; warming","0","30",,"Cambisols","grassland",,,,"bulk soil",,"120.08","15.64","147.99",,"1583.7","879.9","703.8",,,"73.48",,"29.62","29.60","2.5","6.68",,,,,
"494","120",,"31.98","92.02",,"-1.72","466.86","polar","Montane Grasslands & Shrublands",,"fertilizer; warming","0","30",,"Cambisols","grassland",,,,"bulk soil",,"123.79","15.61","157.96",,"1616.1","913.7","702.4",,,"73.39",,"31.58","30.90","2.8","6.59",,,,,
"495","119",,"40.8","120.96",,"9.34","630.9","cold/snow","Temperate Broadleaf & Mixed Forests",,,"0","20",,,"wetland",,"Suaeda salsa",,"bulk soil",,"191.76","5.05","109.66",,"1888.2","1661","227.2","276.11","16.61",,,"6.11",,"0.7","7.76",,,,,
"496","119",,"40.8","120.96",,"9.34","630.9","cold/snow","Temperate Broadleaf & Mixed Forests",,,"0","20",,,"wetland",,"Suaeda salsa",,"bulk soil",,"166.85","1.77","89.87",,"1558.6","1478.9","79.7","426.33","22.99",,,"6.08",,"0.7","8.05",,,,,
"497","119",,"40.8","120.96",,"9.34","630.9","cold/snow","Temperate Broadleaf & Mixed Forests",,,"0","20",,,"wetland",,"Suaeda salsa",,"bulk soil",,"250.29","3.59","140.97",,"2368","2206.5","161.5","380.51","21.54",,,"8.2",,"1","7.75",,,,,
"498","119",,"40.8","120.96",,"9.34","630.9","cold/snow","Temperate Broadleaf & Mixed Forests",,,"0","20",,,"wetland",,"Spartina alterniflora",,"bulk soil",,"389.27","8.94","230.82",,"3791","3388.7","402.3","416.64","23.67",,,"12.69",,"1.3","7.4",,,,,
"499","119",,"40.8","120.96",,"9.34","630.9","cold/snow","Temperate Broadleaf & Mixed Forests",,,"0","20",,,"wetland",,"Spartina alterniflora",,"bulk soil",,"390.51","7.9","234.53",,"3768.7","3413.2","355.5","361.52","33.99",,,"11.83",,"1.3","7.51",,,,,
"500","119",,"40.8","120.96",,"9.34","630.9","cold/snow","Temperate Broadleaf & Mixed Forests",,,"0","20",,,"wetland",,"Spartina alterniflora",,"bulk soil",,"247.24","5.09","135.41",,"2388.8","2159.8","229","39.04","4.49",,,"9.88",,"1.1","7.56",,,,,
"501","119",,"37.83","119.07",,,,,,,,"0","20",,,"wetland",,"Suaeda salsa",,"bulk soil",,"85.57","4.4","46.21",,"911.6","713.6","198","15.26","0.85",,,"1.28",,"0.16","7.99",,,,,
"502","119",,"37.83","119.07",,,,,,,,"0","20",,,"wetland",,"Suaeda salsa",,"bulk soil",,"86.98","3.63","44.75",,"899.5","736.2","163.3","18.56","0.92",,,"1.65",,"0.18","8.135",,,,,
"503","119",,"37.83","119.07",,,,,,,,"0","20",,,"wetland",,"Suaeda salsa",,"bulk soil",,"82.7","3.98","44.45",,"872.3","693.2","179.1","17.46","0.92",,,"1.87",,"0.19","8.22",,,,,
"504","119",,"37.83","119.07",,,,,,,,"0","20",,,"wetland",,"Spartina alterniflora",,"bulk soil",,"70.04","3.61","34.87",,"746.4","584","162.4","102.24","6.32",,,"1.65",,"0.23","7.83",,,,,
"505","119",,"37.83","119.07",,,,,,,,"0","20",,,"wetland",,"Spartina alterniflora",,"bulk soil",,"77.82","3.83","38.26",,"823.5","651.2","172.3","76.8","4.27",,,"1.88",,"0.21","7.78",,,,,
"506","119",,"37.83","119.07",,,,,,,,"0","20",,,"wetland",,"Spartina alterniflora",,"bulk soil",,"87.14","3.95","43.56",,"911.4","733.6","177.8","86.42","4.29",,,"2.55",,"0.2","7.81",,,,,
"507","119",,"36.13","120.1",,"13.16","719.65","temperate",,,,"0","20",,,"wetland",,"Suaeda salsa",,"bulk soil",,"63.77","1.74","52.3",,"629.9","551.6","78.3","78.04","5.38",,,"4.01",,"0.44","7.88",,,,,
"508","119",,"36.13","120.1",,"13.16","719.65","temperate",,,,"0","20",,,"wetland",,"Suaeda salsa",,"bulk soil",,"52.43","1.36","37.93",,"515.6","454.4","61.2","104.01","7.93",,,"4.2",,"0.4","7.83",,,,,
"509","119",,"36.13","120.1",,"13.16","719.65","temperate",,,,"0","20",,,"wetland",,"Suaeda salsa",,"bulk soil",,"127.56","4.63","66.67",,"1296.9","1088.6","208.3","96.2","6.79",,,"4.14",,"0.45","7.75",,,,,
"510","119",,"36.13","120.1",,"13.16","719.65","temperate",,,,"0","20",,,"wetland",,"Spartina alterniflora",,"bulk soil",,"101.68","3.26","39.97",,"1020","873.3","146.7","96.24","6.59",,,"4.79",,"0.48","7.35",,,,,
"511","119",,"36.13","120.1",,"13.16","719.65","temperate",,,,"0","20",,,"wetland",,"Spartina alterniflora",,"bulk soil",,"187.24","3.2","70.12",,"1788.1","1644.1","144","57.34","4.63",,,"8.13",,"0.88","7.29",,,,,
"512","119",,"36.13","120.1",,"13.16","719.65","temperate",,,,"0","20",,,"wetland",,"Spartina alterniflora",,"bulk soil",,"260.75","4.08","111.54",,"2478","2294.4","183.6","189.44","12.54",,,"9.37",,"1.03","7.14",,,,,
"513","119",,"33.25","120.78",,,,"temperate",,,,"0","20",,,"wetland",,"Phragmites australis",,"bulk soil",,"146.64","3.02","38.29",,"1416.9","1281","135.9","114.02","7.51",,,"2.85",,"0.37","7.9",,,,,
"514","119",,"33.25","120.78",,,,"temperate",,,,"0","20",,,"wetland",,"Phragmites australis",,"bulk soil",,"127.37","1.88","35.28",,"1206.8","1122.2","84.6","106.81","10.43",,,"3.19",,"0.38","7.63",,,,,
"515","119",,"33.25","120.78",,,,"temperate",,,,"0","20",,,"wetland",,"Phragmites australis",,"bulk soil",,"211.54","1.13","76.22",,"1940.2","1889.4","50.8","158.59","8.07",,,"4.06",,"0.5","7.66",,,,,
"516","119",,"33.25","120.78",,,,"temperate",,,,"0","20",,,"wetland",,"Spartina alterniflora",,"bulk soil",,"162.62","1.99","56.37",,"1527.6","1438","89.6","186.91","10.02",,,"7.03",,"0.83","7.84",,,,,
"517","119",,"33.25","120.78",,,,"temperate",,,,"0","20",,,"wetland",,"Spartina alterniflora",,"bulk soil",,"91.5","1.54","30.85",,"873","803.7","69.3","123.13","9",,,"4.14",,"0.45","8.01",,,,,
"518","119",,"33.25","120.78",,,,"temperate",,,,"0","20",,,"wetland",,"Spartina alterniflora",,"bulk soil",,"187.78","2.63","63.01",,"1774.6","1656.3","118.3","125.99","7.09",,,"7.19",,"0.88","7.85",,,,,
"519","119",,"31.69","121.66",,"15.81","1065.38","temperate",,,,"0","20",,,"wetland",,"Phragmites australis",,"bulk soil",,"280.52","6.97","167.8",,"2748.8","2435.2","313.6","234.65","16.67",,,"10.16",,"1.17","7.76",,,,,
"520","119",,"31.69","121.66",,"15.81","1065.38","temperate",,,,"0","20",,,"wetland",,"Phragmites australis",,"bulk soil",,"270.52","7.35","128.22",,"2671.1","2340.3","330.8","89.08","10.32",,,"11.44",,"1.41","7.78",,,,,
"521","119",,"31.69","121.66",,"15.81","1065.38","temperate",,,,"0","20",,,"wetland",,"Phragmites australis",,"bulk soil",,"262.05","7.17","128.42",,"2589","2266.4","322.6","169.44","18.47",,,"9.08",,"1.23","8.05",,,,,
"522","119",,"31.69","121.66",,"15.81","1065.38","temperate",,,,"0","20",,,"wetland",,"Spartina alterniflora",,"bulk soil",,"208.01","2.97","82.24",,"1967.7","1834","133.7","135.72","8.04",,,"13.58",,"1.46","7.55",,,,,
"523","119",,"31.69","121.66",,"15.81","1065.38","temperate",,,,"0","20",,,"wetland",,"Spartina alterniflora",,"bulk soil",,"186.98","2.91","76.24",,"1776.5","1645.5","131","140.37","7.75",,,"15.42",,"1.57","7.53",,,,,
"524","119",,"31.69","121.66",,"15.81","1065.38","temperate",,,,"0","20",,,"wetland",,"Spartina alterniflora",,"bulk soil",,"242.47","3.58","114.74",,"2297.4","2136.3","161.1","201.14","10.83",,,"18.77",,"1.66","7.19",,,,,
"525","119",,"30.37","121.31",,"16.57","1283.86","temperate",,,,"0","20",,,"wetland",,"Phragmites australis",,"bulk soil",,"78.03","1.23","40.37",,"741.9","686.5","55.4","224.23","24.89",,,"4.58",,"0.32","7.97",,,,,
"526","119",,"30.37","121.31",,"16.57","1283.86","temperate",,,,"0","20",,,"wetland",,"Phragmites australis",,"bulk soil",,"325.72","5.89","173.68",,"3120.9","2855.9","265","255.91","27.87",,,"10.53",,"0.82","7.69",,,,,
"527","119",,"30.37","121.31",,"16.57","1283.86","temperate",,,,"0","20",,,"wetland",,"Phragmites australis",,"bulk soil",,"338.99","5.15","164.66",,"3216.6","2984.8","231.8","375.75","39.86",,,"9.73",,"0.95","7.65",,,,,
"528","119",,"30.37","121.31",,"16.57","1283.86","temperate",,,,"0","20",,,"wetland",,"Spartina alterniflora",,"bulk soil",,"289.21","7.04","167.36",,"2829.3","2512.5","316.8","152.27","15.1",,,"8.54",,"1.1","7.66",,,,,
"529","119",,"30.37","121.31",,"16.57","1283.86","temperate",,,,"0","20",,,"wetland",,"Spartina alterniflora",,"bulk soil",,"344.44","7.6","192.68",,"3344.4","3002.4","342","249.47","16.36",,,"10.47",,"1.19","7.34",,,,,
"530","119",,"30.37","121.31",,"16.57","1283.86","temperate",,,,"0","20",,,"wetland",,"Spartina alterniflora",,"bulk soil",,"409.04","10.19","236.58",,"4009.1","3550.6","458.5","224.42","13.1",,,"11.08",,"1.19","7.86",,,,,
"531","119",,"26.14","119.64",,,,"temperate",,,,"0","20",,,"wetland","mangrove","Mangrove forest",,"bulk soil",,"342.68","14.57","172.92",,"3552.7","2897.1","655.6","315.45","35.65",,,"14.09",,"1.06","6.58",,,,,
"532","119",,"26.14","119.64",,,,"temperate",,,,"0","20",,,"wetland","mangrove","Mangrove forest",,"bulk soil",,"394.31","16.01","220.9",,"4063.8","3343.3","720.5","326.85","42.11",,,"13.84",,"1.23","6.7",,,,,
"533","119",,"26.14","119.64",,,,"temperate",,,,"0","20",,,"wetland","mangrove","Mangrove forest",,"bulk soil",,"442.63","15.79","271.19",,"4491.5","3781","710.5","281.41","30.57",,,"15.86",,"1.27","6.94",,,,,
"534","119",,"26.14","119.64",,,,"temperate",,,,"0","20",,,"wetland",,"Spartina alterniflora",,"bulk soil",,"433.89","12.91","259.03",,"4320.3","3739.3","581","179.06","12.56",,,"12.98",,"1.22","7",,,,,
"535","119",,"26.14","119.64",,,,"temperate",,,,"0","20",,,"wetland",,"Spartina alterniflora",,"bulk soil",,"467.91","14.3","272.83",,"4671.1","4027.6","643.5","202.22","15.42",,,"14.26",,"1.3","6.87",,,,,
"536","119",,"26.14","119.64",,,,"temperate",,,,"0","20",,,"wetland",,"Spartina alterniflora",,"bulk soil",,"476.91","18.17","258.35",,"4876.6","4058.9","817.7","183.95","13.09",,,"17.6",,"1.49","6.78",,,,,
"537","119",,"23.92","117.42",,"21.36","1246.95","temperate",,,,"0","20",,,"wetland","mangrove","Mangrove forest",,"bulk soil",,"408.96","16.08","272.97",,"4197.8","3474.2","723.6","132.74","8.7",,,"14.85",,"1.37","6.44",,,,,
"538","119",,"23.92","117.42",,"21.36","1246.95","temperate",,,,"0","20",,,"wetland","mangrove","Mangrove forest",,"bulk soil",,"400.26","17.49","230.55",,"4164.8","3377.8","787","167.46","11.26",,,"22.79",,"1.81","6.82",,,,,
"539","119",,"23.92","117.42",,"21.36","1246.95","temperate",,,,"0","20",,,"wetland","mangrove","Mangrove forest",,"bulk soil",,"329.98","13.47","223.78",,"3403","2796.9","606.1","213.4","15.12",,,"16.64",,"1.43","6.32",,,,,
"540","119",,"23.92","117.42",,"21.36","1246.95","temperate",,,,"0","20",,,"wetland",,"Spartina alterniflora",,"bulk soil",,"349.83","13.8","235.1",,"3592.3","2971.3","621","136.33","14.09",,,"10.18",,"1.14","6.7",,,,,
"541","119",,"23.92","117.42",,"21.36","1246.95","temperate",,,,"0","20",,,"wetland",,"Spartina alterniflora",,"bulk soil",,"297.21","13.17","174.61",,"3098.4","2505.8","592.6","144.78","13.91",,,"11.13",,"1.26","6.65",,,,,
"542","119",,"23.92","117.42",,"21.36","1246.95","temperate",,,,"0","20",,,"wetland",,"Spartina alterniflora",,"bulk soil",,"350.57","14.9","206.77",,"3634.4","2963.9","670.5","167.93","11.93",,,"12.8",,"1.45","6.53",,,,,
"543","119",,"20.93","110.17",,"23.77","1588.5","temperate",,,,"0","20",,,"wetland","mangrove","Mangrove forest",,"bulk soil",,"104.34","2.18","61.67",,"1009.2","911.1","98.1","111.19","7.88",,,"4.37",,"0.37","7.56",,,,,
"544","119",,"20.93","110.17",,"23.77","1588.5","temperate",,,,"0","20",,,"wetland","mangrove","Mangrove forest",,"bulk soil",,"234.52","4.24","130.8",,"2247.1","2056.3","190.8","169.13","22.76",,,"9.65",,"0.88","7.67",,,,,
"545","119",,"20.93","110.17",,"23.77","1588.5","temperate",,,,"0","20",,,"wetland","mangrove","Mangrove forest",,"bulk soil",,"403.11","16.56","208.03",,"4160.6","3415.4","745.2","183.7","24.54",,,"16.33",,"1.65","7.28",,,,,
"546","119",,"20.93","110.17",,"23.77","1588.5","temperate",,,,"0","20",,,"wetland",,"Spartina alterniflora",,"bulk soil",,"403.57","14.96","208.26",,"4113.3","3440.1","673.2","150.89","12.13",,,"13.39",,"1.43","7.21",,,,,
"547","119",,"20.93","110.17",,"23.77","1588.5","temperate",,,,"0","20",,,"wetland",,"Spartina alterniflora",,"bulk soil",,"480.22","14.93","277.95",,"4802.2","4130.3","671.9","162.19","12.38",,,"12.72",,"1.36","7.6",,,,,
"548","119",,"20.93","110.17",,"23.77","1588.5","temperate",,,,"0","20",,,"wetland",,"Spartina alterniflora",,"bulk soil",,"348.86","12.16","182.04",,"3530.8","2983.6","547.2","204.77","13.86",,,"14.15",,"1.42","7.17",,,,,
"549","118",,"52.941","122.864",,"-5.22","413.15","cold/snow","Temperate Conifer Forests",,,"0","10",,"Histosols","wetland","peatland",,,"bulk soil",,"7551.38","147.36","2606.4",,"72701.9","66070.7","6631.2",,,"16.5","1.31","399",,"15.6",,,,,,
"550","118",,"52.941","122.864",,"-5.22","413.15","cold/snow","Temperate Conifer Forests",,,"10","20",,"Histosols","wetland","peatland",,,"bulk soil",,"8685.751489","172.49","4544.59",,"83719.5","75957.5","7762",,,"10.2","1.07","351",,"16.3",,,,,,
"551","118",,"52.941","122.864",,"-5.22","413.15","cold/snow","Temperate Conifer Forests",,,"20","40",,"Histosols","wetland","peatland",,,"bulk soil",,"6184.971774","191.81","4026.46",,"61834","53202.5","8631.5",,,"5.6","0.56","359",,"18.6",,,,,,
"552","118",,"52.941","122.864",,"-5.22","413.15","cold/snow","Temperate Conifer Forests",,,"0","10",,"Histosols","wetland","peatland",,,"bulk soil",,"8352.657269","181.76","2746.95",,"81019.8","72840.6","8179.2",,,"22.6","2.93","404",,"18.9",,,,,,
"553","118",,"52.941","122.864",,"-5.22","413.15","cold/snow","Temperate Conifer Forests",,,"10","20",,"Histosols","wetland","peatland",,,"bulk soil",,"7868.337336","157.61","4059.02",,"75884.3","68791.8","7092.5",,,"13.5","1.56","385",,"19.6",,,,,,
"554","118",,"52.941","122.864",,"-5.22","413.15","cold/snow","Temperate Conifer Forests",,,"20","40",,"Histosols","wetland","peatland",,,"bulk soil",,"6864.727256","227.99","4277.76",,"69115.4","58855.8","10259.6",,,"6.8","1","324",,"20.9",,,,,,
"555","117",,"47.433","126.633",,"1.97","543.87","cold/snow","Temperate Broadleaf & Mixed Forests",,"mixed management","0","20",,,"cropland",,,,"bulk soil",,"1102.24","108.56",,,"13411.8","8526.6","4885.2","4885.2","8526.33",,,"29.42",,"2.14","7",,"42","35.6","22.4",
"556","117",,"47.433","126.633",,"1.97","543.87","cold/snow","Temperate Broadleaf & Mixed Forests",,"mixed management","0","20",,,"cropland",,,,"bulk soil",,"247.42","22.15",,,"2939.1","1942.4","996.7","996.94","1942.33",,,"6.99",,"0.51","5.44",,"42","35.6","22.4",
"557","117",,"47.433","126.633",,"1.97","543.87","cold/snow","Temperate Broadleaf & Mixed Forests",,"mixed management","0","20",,,"cropland",,,,"bulk soil",,"276.04","22.15",,,"3196.7","2200","996.7","996.94","2199.89",,,"7.87",,"0.67","6.54",,"42","35.6","22.4",
"558","117",,"47.433","126.633",,"1.97","543.87","cold/snow","Temperate Broadleaf & Mixed Forests",,"mixed management","0","20",,,"cropland",,,,"bulk soil",,"568.65","31.02",,,"6115.5","4719.6","1395.9","1395.72","4719.65",,,"10.79",,"0.89","5.96",,"42","35.6","22.4",
"559","117",,"47.433","126.633",,"1.97","543.87","cold/snow","Temperate Broadleaf & Mixed Forests",,"mixed management","0","20",,,"cropland",,,,"bulk soil",,"565.49","33.23",,,"6158.1","4662.8","1495.3","1495.42","4662.76",,,"12.28",,"1.14","5.71",,"42","35.6","22.4",
"560","117",,"47.433","126.633",,"1.97","543.87","cold/snow","Temperate Broadleaf & Mixed Forests",,"mixed management","0","20",,,"grassland",,,,"bulk soil",,"481.25","35.45",,,"5471.5","3876.2","1595.3","1595.11","3876.12",,,"11.09",,"1.07","5.6",,"42","35.6","22.4",
"561","116",,"47.45","126.92",,"1.97","543.87","cold/snow","Temperate Broadleaf & Mixed Forests","cropping; amendment","WCF","0","20",,"Mollisol","cropland",,,,"bulk soil",,"1133.57","62.233",,,"12203.7","9403.2","2800.5",,,,,,"28.90","2.22","5.84",,,,,
"562","116",,"47.45","126.92",,"1.97","543.87","cold/snow","Temperate Broadleaf & Mixed Forests","cropping; amendment","SC","0","20",,"Mollisol","cropland",,,,"bulk soil",,"1279.4","67.8409",,,"13696.5","10643.7","3052.8",,,,,,"27.30","1.9","4.72",,,,,
"563","116",,"47.45","126.92",,"1.97","543.87","cold/snow","Temperate Broadleaf & Mixed Forests","cropping; amendment","SCF","0","20",,"Mollisol","cropland",,,,"bulk soil",,"1119.26","73.4274",,,"12434.9","9130.7","3304.2",,,,,,"29.40","2.21","5.85",,,,,
"564","116",,"47.45","126.92",,"1.97","543.87","cold/snow","Temperate Broadleaf & Mixed Forests","cropping; amendment","MC","0","20",,"Mollisol","cropland",,,,"bulk soil",,"1239.62","66.2721",,,"13288","10305.8","2982.2",,,,,,"27.40","1.85","4.29",,,,,
"565","116",,"47.45","126.92",,"1.97","543.87","cold/snow","Temperate Broadleaf & Mixed Forests","cropping; amendment","MCF","0","20",,"Mollisol","cropland",,,,"bulk soil",,"1296.19","78.2261",,,"14181.7","10661.5","3520.2",,,,,,"29.90","2.02","6.26",,,,,
"566","116",,"47.45","126.92",,"1.97","543.87","cold/snow","Temperate Broadleaf & Mixed Forests","cropping; amendment","BL","0","20",,"Mollisol","cropland",,,,"bulk soil",,"1129.67","58.3501",,,"12043.8","9418","2625.8",,,,,,"27.90","2.17","5.18",,,,,
"567","116",,"47.45","126.92",,"1.97","543.87","cold/snow","Temperate Broadleaf & Mixed Forests","cropping; amendment","GL","0","20",,"Mollisol","grassland",,,,"bulk soil",,"1434.89","76.71",,,"15381.2","11929.3","3451.9",,,,,,"35.70","2.86","6.08",,,,,
"568","115",,"39.22","117",,"12.85","532.09","cold/snow","Temperate Broadleaf & Mixed Forests","amendment","100CN>2 mm","0","20",,,"cropland",,,,"aggregate",">2mm","267.027171","25.0535556",,,"3209","2081.6","1127.4",,,"419.118","53.7931",,"14.20",,"7.82",,,,,
"569","115",,"39.22","117",,"12.85","532.09","cold/snow","Temperate Broadleaf & Mixed Forests","amendment","100CN-2-0.25mm","0","20",,,"cropland",,,,"aggregate","2-0.250mm","269.474774","26.7695556",,,"3286.2","2081.6","1204.6",,,"379.412","41.3793",,"16.60",,,,,,,
"570","115",,"39.22","117",,"12.85","532.09","cold/snow","Temperate Broadleaf & Mixed Forests","amendment","100CN-0.25-0.053mm","0","20",,,"cropland",,,,"aggregate","0.250-0.053mm","208.200468","21.9648222",,,"2580.2","1591.8","988.4",,,"291.176","33.6946",,"17.50",,,,,,,
"571","115",,"39.22","117",,"12.85","532.09","cold/snow","Temperate Broadleaf & Mixed Forests","amendment","100CN- <0.053mm","0","20",,,"cropland",,,,"aggregate","<0.053mm","280.582865","20.2488222",,,"3176.5","2265.3","911.2",,,"573.529","66.798",,"11.00",,,,,,,
"572","115",,"39.22","117",,"12.85","532.09","cold/snow","Temperate Broadleaf & Mixed Forests","amendment","50CN/50MN->2 mm","0","20",,,"cropland",,,,"aggregate",">2mm","379.423771","39.468",,,"4684.3","2908.2","1776.1",,,"564.706","64.4335",,"19.00",,,,,,,
"573","115",,"39.22","117",,"12.85","532.09","cold/snow","Temperate Broadleaf & Mixed Forests","amendment","50CN/50MN-2-0.25mm","0","20",,,"cropland",,,,"aggregate","2-0.250mm","364.274353","31.2313333",,,"4283","2877.6","1405.4",,,"569.118","60.2956",,"21.50",,,,,,,
"574","115",,"39.22","117",,"12.85","532.09","cold/snow","Temperate Broadleaf & Mixed Forests","amendment","50CN/50MN-0.25-0.053mm","0","20",,,"cropland",,,,"aggregate","0.250-0.053mm","243.707993","25.3968889",,,"3010.3","1867.4","1142.9",,,"727.941","74.4828",,"24.70",,,,,,,
"575","115",,"39.22","117",,"12.85","532.09","cold/snow","Temperate Broadleaf & Mixed Forests","amendment","50CN/50MN-<0.053mm","0","20",,,"cropland",,,,"aggregate","<0.053mm","315.111284","22.9944444",,,"3575.5","2540.8","1034.7",,,"697.059","79.803",,"13.30",,,,,,,
"576","115",,"39.22","117",,"12.85","532.09","cold/snow","Temperate Broadleaf & Mixed Forests","amendment","50CN/50MN/25SN->2 mm","0","20",,,"cropland",,,,"aggregate",">2mm","552.041224","50.7935556",,,"6602","4316.3","2285.7",,,"727.941","82.1675",,"21.90",,,,,,,
"577","115",,"39.22","117",,"12.85","532.09","cold/snow","Temperate Broadleaf & Mixed Forests","amendment","50CN/50MN/25SN-2-0.25mm","0","20",,,"cropland",,,,"aggregate","2-0.250mm","581.15935","47.3615556",,,"6753.7","4622.4","2131.3",,,"913.235","92.8079",,"24.80",,,,,,,
"578","115",,"39.22","117",,"12.85","532.09","cold/snow","Temperate Broadleaf & Mixed Forests","amendment","50CN/50MN/25SN-0.25-0.053mm","0","20",,,"cropland",,,,"aggregate","0.250-0.053mm","327.863182","34.32",,,"4054.6","2510.2","1544.4",,,"732.353","73.3005",,"27.00",,,,,,,
"579","115",,"39.22","117",,"12.85","532.09","cold/snow","Temperate Broadleaf & Mixed Forests","amendment","50CN/50MN/25SN-<0.053mm","0","20",,,"cropland",,,,"aggregate","<0.053mm","484.816226","34.6633333",,,"5478.2","3918.4","1559.8",,,"604.412","69.7537",,"15.00",,,,,,,
"580","115",,"39.22","117",,"12.85","532.09","cold/snow","Temperate Broadleaf & Mixed Forests","amendment","50CN/50SN->2 mm","0","20",,,"cropland",,,,"aggregate",">2mm","706.697709","63.8353333",,,"8413.4","5540.8","2872.6",,,"922.059","102.857",,"23.00",,,,,,,
"581","115",,"39.22","117",,"12.85","532.09","cold/snow","Temperate Broadleaf & Mixed Forests","amendment","50CN/50SN-2-0.25mm","0","20",,,"cropland",,,,"aggregate","2-0.250mm","741.174839","61.776",,,"8657.5","5877.6","2779.9",,,"1102.94","109.36",,"26.10",,,,,,,
"582","115",,"39.22","117",,"12.85","532.09","cold/snow","Temperate Broadleaf & Mixed Forests","amendment","50CN/50SN-0.25-0.053mm","0","20",,,"cropland",,,,"aggregate","0.250-0.053mm","390.60732","40.1544444",,,"4806.9","3000","1806.9",,,"922.059","88.0788",,"28.50",,,,,,,
"583","115",,"39.22","117",,"12.85","532.09","cold/snow","Temperate Broadleaf & Mixed Forests","amendment","50CN/50SN-<0.053mm","0","20",,,"cropland",,,,"aggregate","<0.053mm","586.958298","44.2728889",,,"6706.6","4714.3","1992.3",,,"630.882","72.7094",,"15.20",,,,,,,
"584","114",,"32.565","121.688",,,,,,"salinity; amendment","60 days GlcN HS","0","20",,"coastal saline fluvo-aquic soil","wetland",,,,"bulk soil",,"27.3065",,,,,,,,,,,"3.26",,"0.3","8.33","1:2.5","5.6","69.2","25.2",
"585","114",,"32.565","121.688",,,,,,"salinity; amendment","60 days GlcN LS","0","20",,"coastal saline fluvo-aquic soil","wetland",,,,"bulk soil",,"52.01238",,,,,,,,,,,"3.7",,"0.33","8.95","1:2.5","5.4","65.3","29.3",
"586","114",,"32.565","121.688",,,,,,"salinity; amendment","60 days GlcN HS+S","0","20",,"coastal saline fluvo-aquic soil","wetland",,,,"bulk soil",,"42.04334",,,,,,,,,,,,,,,,,,,
"587","114",,"32.565","121.688",,,,,,"salinity; amendment","60 days GlcN LS+S","0","20",,"coastal saline fluvo-aquic soil","wetland",,,,"bulk soil",,"66.31579",,,,,,,,,,,,,,,,,,,
"588","114",,"32.565","121.688",,,,,,"salinity; amendment","60 days GaIN HS","0","20",,"coastal saline fluvo-aquic soil","wetland",,,,"bulk soil",,,,"11.26935",,,,,,,,,"3.26",,"0.3","8.33","1:2.5","5.6","69.2","25.2",
"589","114",,"32.565","121.688",,,,,,"salinity; amendment","60 days GaIN LS","0","20",,"coastal saline fluvo-aquic soil","wetland",,,,"bulk soil",,,,"18.63777",,,,,,,,,"3.7",,"0.33","8.95","1:2.5","5.4","65.3","29.3",
"590","114",,"32.565","121.688",,,,,,"salinity; amendment","60 days GaIN HS+S","0","20",,"coastal saline fluvo-aquic soil","wetland",,,,"bulk soil",,,,"17.33746",,,,,,,,,,,,,,,,,
"591","114",,"32.565","121.688",,,,,,"salinity; amendment","60 days GaIN LS+S","0","20",,"coastal saline fluvo-aquic soil","wetland",,,,"bulk soil",,,,"26.00619",,,,,,,,,,,,,,,,,
"592","114",,"32.565","121.688",,,,,,"salinity; amendment","60 days MurN HS","0","20",,"coastal saline fluvo-aquic soil","wetland",,,,"bulk soil",,,"10.40248",,,,,"468.1",,,,,"3.26",,"0.3","8.33","1:2.5","5.6","69.2","25.2",
"593","114",,"32.565","121.688",,,,,,"salinity; amendment","60 days MurN LS","0","20",,"coastal saline fluvo-aquic soil","wetland",,,,"bulk soil",,,"15.17028",,,,,"682.7",,,,,"3.7",,"0.33","8.95","1:2.5","5.4","65.3","29.3",
"594","114",,"32.565","121.688",,,,,,"salinity; amendment","60 days MurN HS+S","0","20",,"coastal saline fluvo-aquic soil","wetland",,,,"bulk soil",,,"14.73684",,,,,"663.2",,,,,,,,,,,,,
"595","114",,"32.565","121.688",,,,,,"salinity; amendment","60 days MurN LS+S","0","20",,"coastal saline fluvo-aquic soil","wetland",,,,"bulk soil",,,"13.43653",,,,,"604.6",,,,,,,,,,,,,
"596","114",,"32.565","121.688",,,,,,"salinity; amendment","180 days GlcN HS","0","20",,"coastal saline fluvo-aquic soil","wetland",,,,"bulk soil",,"26.2614",,,,,,,,,,,"3.26",,"0.3","8.33","1:2.5","5.6","69.2","25.2",
"597","114",,"32.565","121.688",,,,,,"salinity; amendment","180 days GlcN LS","0","20",,"coastal saline fluvo-aquic soil","wetland",,,,"bulk soil",,"42.31003",,,,,,,,,,,"3.7",,"0.33","8.95","1:2.5","5.4","65.3","29.3",
"598","114",,"32.565","121.688",,,,,,"salinity; amendment","180 days GlcN HS+S","0","20",,"coastal saline fluvo-aquic soil","wetland",,,,"bulk soil",,"35.0152",,,,,,,,,,,,,,,,,,,
"599","114",,"32.565","121.688",,,,,,"salinity; amendment","180 days GlcN LS+S","0","20",,"coastal saline fluvo-aquic soil","wetland",,,,"bulk soil",,"56.17021",,,,,,,,,,,,,,,,,,,
"600","114",,"32.565","121.688",,,,,,"salinity; amendment","180 days GaIN HS","0","20",,"coastal saline fluvo-aquic soil","wetland",,,,"bulk soil",,,,"9.848024",,,,,,,,,"3.26",,"0.3","8.33","1:2.5","5.6","69.2","25.2",
"601","114",,"32.565","121.688",,,,,,"salinity; amendment","180 days GaIN LS","0","20",,"coastal saline fluvo-aquic soil","wetland",,,,"bulk soil",,,,"16.04863",,,,,,,,,"3.7",,"0.33","8.95","1:2.5","5.4","65.3","29.3",
"602","114",,"32.565","121.688",,,,,,"salinity; amendment","180 days GaIN HS+S","0","20",,"coastal saline fluvo-aquic soil","wetland",,,,"bulk soil",,,,"12.76596",,,,,,,,,,,,,,,,,
"603","114",,"32.565","121.688",,,,,,"salinity; amendment","180 days GaIN LS+S","0","20",,"coastal saline fluvo-aquic soil","wetland",,,,"bulk soil",,,,"19.69605",,,,,,,,,,,,,,,,,
"604","114",,"32.565","121.688",,,,,,"salinity; amendment","180 days MurN HS","0","20",,"coastal saline fluvo-aquic soil","wetland",,,,"bulk soil",,,"16.41337",,,,,"738.6",,,,,"3.26",,"0.3","8.33","1:2.5","5.6","69.2","25.2",
"605","114",,"32.565","121.688",,,,,,"salinity; amendment","180 days MurN LS","0","20",,"coastal saline fluvo-aquic soil","wetland",,,,"bulk soil",,,"16.04863",,,,,"722.2",,,,,"3.7",,"0.33","8.95","1:2.5","5.4","65.3","29.3",
"606","114",,"32.565","121.688",,,,,,"salinity; amendment","180 days MurN HS+S","0","20",,"coastal saline fluvo-aquic soil","wetland",,,,"bulk soil",,,"15.68389",,,,,"705.8",,,,,,,,,,,,,
"607","114",,"32.565","121.688",,,,,,"salinity; amendment","180 days MurN LS+S","0","20",,"coastal saline fluvo-aquic soil","wetland",,,,"bulk soil",,,"12.03647",,,,,"541.6",,,,,,,,,,,,,
"608","113",,"26.4","109.26",,"15.75","1357.18","temperate","Tropical & Subtropical Moist Broadleaf Forests",,,"0","10",,,"cropland",,,,"aggregate",">2mm",,,,,"9521.9","5658.03","3863.87",,,,,,"14.72",,"4.52681",,,,,
"609","113",,"26.4","109.26",,"15.75","1357.18","temperate","Tropical & Subtropical Moist Broadleaf Forests",,,"0","10",,,"cropland",,,,"aggregate","0.250-2mm",,,,,"8897.54","5284.97","3612.57",,,,,,"15.24",,"4.55521",,,,,
"610","113",,"26.4","109.26",,"15.75","1357.18","temperate","Tropical & Subtropical Moist Broadleaf Forests",,,"0","10",,,"cropland",,,,"aggregate","<0.250mm",,,,,"9711.69","5533.68","4178.01",,,,,,"18.27",,"4.5836",,,,,
"611","113",,"26.4","109.26",,"15.75","1357.18","temperate","Tropical & Subtropical Moist Broadleaf Forests",,,"0","10",,,"cropland",,,,"aggregate",">2mm",,,,,"8652.74","4663.21","3989.53",,,,,,"13.09",,"4.12934",,,,,
"612","113",,"26.4","109.26",,"15.75","1357.18","temperate","Tropical & Subtropical Moist Broadleaf Forests",,,"0","10",,,"cropland",,,,"aggregate","0.250-2mm",,,,,"8646.88","5222.8","3424.08",,,,,,"14.57",,"4.2429",,,,,
"613","113",,"26.4","109.26",,"15.75","1357.18","temperate","Tropical & Subtropical Moist Broadleaf Forests",,,"0","10",,,"cropland",,,,"aggregate","<0.250mm",,,,,"9332.12","5782.38","3549.74",,,,,,"17.09",,"4.20505",,,,,
"614","113",,"26.4","109.26",,"15.75","1357.18","temperate","Tropical & Subtropical Moist Broadleaf Forests",,,"0","10",,,"cropland",,,,"aggregate",">2mm",,,,,"9266.69","6031.09","3235.6",,,,,,"14.05",,"4.63091",,,,,
"615","113",,"26.4","109.26",,"15.75","1357.18","temperate","Tropical & Subtropical Moist Broadleaf Forests",,,"0","10",,,"cropland",,,,"aggregate","0.250-2mm",,,,,"8650.14","4911.92","3738.22",,,,,,"16.27",,"4.66877",,,,,
"616","113",,"26.4","109.26",,"15.75","1357.18","temperate","Tropical & Subtropical Moist Broadleaf Forests",,,"0","10",,,"cropland",,,,"aggregate","<0.250mm",,,,,"9642.35","6155.44","3486.91",,,,,,"18.34",,"4.63091",,,,,
"617","113",,"26.4","109.26",,"15.75","1357.18","temperate","Tropical & Subtropical Moist Broadleaf Forests",,,"0","10",,,"cropland",,,,"aggregate",">2mm",,,,,"9641.05","6279.79","3361.26",,,,,,"14.79",,"4.23344",,,,,
"618","113",,"26.4","109.26",,"15.75","1357.18","temperate","Tropical & Subtropical Moist Broadleaf Forests",,,"0","10",,,"cropland",,,,"aggregate","0.250-2mm",,,,,"11139.14","7212.44","3926.7",,,,,,"17.31",,"4.30915",,,,,
"619","113",,"26.4","109.26",,"15.75","1357.18","temperate","Tropical & Subtropical Moist Broadleaf Forests",,,"0","10",,,"cropland",,,,"aggregate","<0.250mm",,,,,"11232.73","7274.61","3958.12",,,,,,"20.34",,"4.25237",,,,,
"620","112",,"32.467","120.45",,"15.91","1064.71","temperate","Temperate Broadleaf & Mixed Forests",,,"0","5",,,"wetland",,,,"bulk soil",,,,,,"0.95835","0.797661","0.160689",,,"0.171427",,,,,,,,,,
"621","112",,"32.467","120.45",,"15.91","1064.71","temperate","Temperate Broadleaf & Mixed Forests",,,"0","5",,,"wetland",,,,"bulk soil",,,,,,"0.431346","0.346634","0.084712",,,"0.090662",,,,,,,,,,
"622","112",,"32.467","120.45",,"15.91","1064.71","temperate","Temperate Broadleaf & Mixed Forests",,,"0","5",,,"wetland",,,,"bulk soil",,,,,,"0.791813","0.739187","0.052626",,,"0.099219",,,,,,,,,,
"623","112",,"32.467","120.45",,"15.91","1064.71","temperate","Temperate Broadleaf & Mixed Forests",,,"0","5",,,"wetland",,,,"bulk soil",,,,,,"0.616824","0.572299","0.044525",,,"0.17429",,,,,,,,,,
"624","112",,"32.467","120.45",,"15.91","1064.71","temperate","Temperate Broadleaf & Mixed Forests",,,"0","5",,,"wetland",,,,"bulk soil",,,,,,"0.760856","0.59792","0.162936",,,"0.089927",,,,,,,,,,
"625","112",,"32.467","120.45",,"15.91","1064.71","temperate","Temperate Broadleaf & Mixed Forests",,,"0","5",,,"wetland",,,,"bulk soil",,,,,,"0.880594","0.754401","0.126193",,,"0.195028",,,,,,,,,,
"626","112",,"32.467","120.45",,"15.91","1064.71","temperate","Temperate Broadleaf & Mixed Forests",,,"0","5",,,"wetland",,,,"bulk soil",,,,,,"0.523416","0.518916","0.0045",,,"0.06572",,,,,,,,,,
"627","112",,"32.467","120.45",,"15.91","1064.71","temperate","Temperate Broadleaf & Mixed Forests",,,"0","5",,,"wetland",,,,"bulk soil",,,,,,"0.669242","0.657151","0.012091",,,"0.0879",,,,,,,,,,
"628","112",,"32.467","120.45",,"15.91","1064.71","temperate","Temperate Broadleaf & Mixed Forests",,,"0","5",,,"wetland",,,,"bulk soil",,,,,,"0.93349","0.900484","0.033006",,,"0.092639",,,,,,,,,,
"629","112",,"32.467","120.45",,"15.91","1064.71","temperate","Temperate Broadleaf & Mixed Forests",,,"0","5",,,"wetland",,,,"bulk soil",,,,,,"0.717608","0.688215","0.029393",,,"0.04795",,,,,,,,,,
"630","112",,"32.467","120.45",,"15.91","1064.71","temperate","Temperate Broadleaf & Mixed Forests",,,"0","5",,,"wetland",,,,"bulk soil",,,,,,"0.976488","0.946284","0.030204",,,"0.171052",,,,,,,,,,
"631","112",,"32.467","120.45",,"15.91","1064.71","temperate","Temperate Broadleaf & Mixed Forests",,,"0","5",,,"wetland",,,,"bulk soil",,,,,,"0.611707","0.585674","0.026033",,,"0.086737",,,,,,,,,,
"632","112",,"32.467","120.45",,"15.91","1064.71","temperate","Temperate Broadleaf & Mixed Forests",,,"0","5",,,"wetland",,,,"bulk soil",,,,,,"0.778657","0.740661","0.037996",,,"0.111804",,,,,,,,,,
"633","112",,"32.467","120.45",,"15.91","1064.71","temperate","Temperate Broadleaf & Mixed Forests",,,"0","5",,,"wetland",,,,"bulk soil",,,,,,"0.890808","0.878485","0.012323",,,"0.111196",,,,,,,,,,
"634","112",,"32.467","120.45",,"15.91","1064.71","temperate","Temperate Broadleaf & Mixed Forests",,,"0","5",,,"wetland",,,,"bulk soil",,,,,,"1.685416","1.452858","0.232558",,,"0.070481",,,,,,,,,,
"635","112",,"32.467","120.45",,"15.91","1064.71","temperate","Temperate Broadleaf & Mixed Forests",,,"0","5",,,"wetland",,,,"bulk soil",,,,,,"0.784719","0.716835","0.067884",,,"0.137569",,,,,,,,,,
"636","112",,"32.467","120.45",,"15.91","1064.71","temperate","Temperate Broadleaf & Mixed Forests",,,"0","5",,,"wetland",,,,"bulk soil",,,,,,"1.385466","1.291772","0.093694",,,"0.174714",,,,,,,,,,
"637","112",,"32.467","120.45",,"15.91","1064.71","temperate","Temperate Broadleaf & Mixed Forests",,,"0","5",,,"wetland",,,,"bulk soil",,,,,,"0.282975","0.263562","0.019413",,,"0.092395",,,,,,,,,,
"638","112",,"32.467","120.45",,"15.91","1064.71","temperate","Temperate Broadleaf & Mixed Forests",,,"0","5",,,"wetland",,,,"bulk soil",,,,,,"0.57191","0.562941","0.008969",,,"0.126191",,,,,,,,,,
"639","111",,"42.49","-72.11","355","8.89","1164.1","cold/snow","Temperate Broadleaf & Mixed Forests",,,"0","10",,,"forest",,,,"bulk soil",,"225","63",,,"4051.3","1216.3","2835",,,,,,"6.86",,,,,,,
"640","111",,"42.49","-72.11","355","8.89","1164.1","cold/snow","Temperate Broadleaf & Mixed Forests",,,"0","10",,,"forest",,,,"bulk soil",,"212","68",,,"4095.1","1035.1","3060",,,,,,"6.28",,,,,,,
"641","110",,"50.383","9.983",,"8.22","786.91","temperate","Temperate Broadleaf & Mixed Forests","salinity","soil A","0","10",,,"grassland",,,,"bulk soil",,"883","47",,,"9458.7","7343.7","2115","2115","7343.56",,,"16.8",,"1.4",,,,,,
"642","110",,"50.383","9.983",,"8.22","786.91","temperate","Temperate Broadleaf & Mixed Forests","salinity","soil B（high salinity）","0","10",,,"grassland",,,,"bulk soil",,"1035","75",,,"11727.2","8352.2","3375","3375","8352.06",,,"36.2",,"2.7","4.67",,"8",,,
"643","109",,"49.83","8.58","100","9.15","936.38","temperate","Temperate Broadleaf & Mixed Forests","amendment","Manure without straw","0","10",,"Haplic Cambisol","cropland",,,,"bulk soil",,"551.873638","31.294",,,"5973.3","4565.1","1408.2",,,,,,"7.81",,,,"55.6","6.3","38.13",
"644","109",,"49.83","8.58","100","9.15","936.38","temperate","Temperate Broadleaf & Mixed Forests","amendment","Manure without straw","10","20",,"Haplic Cambisol","cropland",,,,"bulk soil",,"446.015678","23.647",,,"4774.7","3710.6","1064.1",,,,,,"7.32",,"7.11594",,"5","9","86",
"645","109",,"49.83","8.58","100","9.15","936.38","temperate","Temperate Broadleaf & Mixed Forests","amendment","Manure without straw","20","30",,"Haplic Cambisol","cropland",,,,"bulk soil",,"322.073808","17.706",,,"3468.2","2671.4","796.8",,,,,,"5.35",,"6.86232",,"5","9","86",
"646","109",,"49.83","8.58","100","9.15","936.38","temperate","Temperate Broadleaf & Mixed Forests","amendment","Manure without straw","30","40",,"Haplic Cambisol","cropland",,,,"bulk soil",,"77.5646735","5.118",,,"862.7","632.4","230.3",,,,,,"2.69",,"6.92754",,"5","9","86",
"647","109",,"49.83","8.58","100","9.15","936.38","temperate","Temperate Broadleaf & Mixed Forests","amendment","Manure without straw","40","50",,"Haplic Cambisol","cropland",,,,"bulk soil",,"44.4827826","3.353",,,"508.2","357.3","150.9",,,,,,"1.89",,"7.31884",,"5","9","86",
"648","109",,"49.83","8.58","100","9.15","936.38","temperate","Temperate Broadleaf & Mixed Forests","amendment","Manure without straw","50","60",,"Haplic Cambisol","cropland",,,,"bulk soil",,"38.5504857","2.765",,,"435.9","311.5","124.4",,,,,,"2.71",,"7.64493",,"5","9","86",
"649","109",,"49.83","8.58","100","9.15","936.38","temperate","Temperate Broadleaf & Mixed Forests","amendment","Manure without straw","60","70",,"Haplic Cambisol","cropland",,,,"bulk soil",,"25.5764912","1.706",,,"285.1","208.3","76.8",,,,,,"1.86",,"8.02899",,"5","9","86",
"650","109",,"49.83","8.58","100","9.15","936.38","temperate","Temperate Broadleaf & Mixed Forests","amendment","Manure without straw","70","80",,"Haplic Cambisol","cropland",,,,"bulk soil",,"27.8553875","2.412",,,"328.2","219.7","108.5",,,,,,"2.15",,"7.89855",,"5","9","86",
"651","109",,"49.83","8.58","100","9.15","936.38","temperate","Temperate Broadleaf & Mixed Forests","amendment","Manure without straw","80","90",,"Haplic Cambisol","cropland",,,,"bulk soil",,"25.5057878","2.353",,,"305.2","199.3","105.9",,,,,,"1.65",,"7.95652",,"5","9","86",
"652","109",,"49.83","8.58","100","9.15","936.38","temperate","Temperate Broadleaf & Mixed Forests","amendment","Manure without straw","90","100",,"Haplic Cambisol","cropland",,,,"bulk soil",,"32.0324842","3.059",,,"386.7","249","137.7",,,,,,"1.78",,"7.99275",,"5","9","86",
"653","109",,"49.83","8.58","100","9.15","936.38","temperate","Temperate Broadleaf & Mixed Forests","amendment","Mineral fertilizer with straw","0","10",,"Haplic Cambisol","cropland",,,,"bulk soil",,"479.35399","40.471",,,"5615.9","3794.7","1821.2",,,,,,"8.21",,"8.17391",,"5","9","86",
"654","109",,"49.83","8.58","100","9.15","936.38","temperate","Temperate Broadleaf & Mixed Forests","amendment","Mineral fertilizer with straw","10","20",,"Haplic Cambisol","cropland",,,,"bulk soil",,"430.368483","41.941",,,"5222.2","3334.9","1887.3",,,,,,"8.75",,"7.23188",,"5","9","86",
"655","109",,"49.83","8.58","100","9.15","936.38","temperate","Temperate Broadleaf & Mixed Forests","amendment","Mineral fertilizer with straw","20","30",,"Haplic Cambisol","cropland",,,,"bulk soil",,"352.353057","27.529",,,"4056.6","2817.8","1238.8",,,,,,"6.60",,"7.28986",,"5","9","86",
"656","109",,"49.83","8.58","100","9.15","936.38","temperate","Temperate Broadleaf & Mixed Forests","amendment","Mineral fertilizer with straw","30","40",,"Haplic Cambisol","cropland",,,,"bulk soil",,"120.299857","8.294",,,"1349.4","976.2","373.2",,,,,,"4.19",,"7.28261",,"5","9","86",
"657","109",,"49.83","8.58","100","9.15","936.38","temperate","Temperate Broadleaf & Mixed Forests","amendment","Mineral fertilizer with straw","40","50",,"Haplic Cambisol","cropland",,,,"bulk soil",,"60.4292787","4.118",,,"676.3","491","185.3",,,,,,"2.37",,"7.2029",,"5","9","86",
"658","109",,"49.83","8.58","100","9.15","936.38","temperate","Temperate Broadleaf & Mixed Forests","amendment","Mineral fertilizer with straw","50","60",,"Haplic Cambisol","cropland",,,,"bulk soil",,"55.4596756","4.706",,,"650.5","438.7","211.8",,,,,,"2.22",,"7.15942",,"5","9","86",
"659","109",,"49.83","8.58","100","9.15","936.38","temperate","Temperate Broadleaf & Mixed Forests","amendment","Mineral fertilizer with straw","60","70",,"Haplic Cambisol","cropland",,,,"bulk soil",,"15.5753802","3.824",,,"263.2","91.1","172.1",,,,,,"1.79",,"7.18841",,"5","9","86",
"660","109",,"49.83","8.58","100","9.15","936.38","temperate","Temperate Broadleaf & Mixed Forests","amendment","Mineral fertilizer with straw","70","80",,"Haplic Cambisol","cropland",,,,"bulk soil",,"35.6856826","3.353",,,"429","278.1","150.9",,,,,,"1.97",,"7.15942",,"5","9","86",
"661","109",,"49.83","8.58","100","9.15","936.38","temperate","Temperate Broadleaf & Mixed Forests","amendment","Mineral fertilizer with straw","80","90",,"Haplic Cambisol","cropland",,,,"bulk soil",,"36.4656814","3.588",,,"443.6","282.1","161.5",,,,,,"1.92",,"7.32609",,"5","9","86",
"662","109",,"49.83","8.58","100","9.15","936.38","temperate","Temperate Broadleaf & Mixed Forests","amendment","Mineral fertilizer with straw","90","100",,"Haplic Cambisol","cropland",,,,"bulk soil",,"25.7847863","2.647",,,"317.2","198.1","119.1",,,,,,"1.98",,"7.46377",,"5","9","86",
"663","108",,"42.36","-5.34","823","11.42","529.72","temperate","Mediterranean Forests, Woodlands & Scrub",,,"0","10",,,"cropland",,,,"bulk soil",,"645","53",,,"7509.6","5124.6","2385",,,"248","41",,"14.90","1.43",,,"29.3","33","37.8",
"664","108",,"42.36","-5.34","823","11.42","529.72","temperate","Mediterranean Forests, Woodlands & Scrub",,,"0","10",,,"cropland",,,,"bulk soil",,"102","15",,,"1400.4","725.4","675",,,"104","12",,"4.60","0.41","6.9",,,,,
"665","108",,"42.36","-5.34","823","11.42","529.72","temperate","Mediterranean Forests, Woodlands & Scrub",,,"0","10",,,"grassland",,,,"bulk soil",,"1293","94",,,"14660.3","10430.3","4230",,,"904","167",,"41.70","3.49","9.1",,,,,
"666","108",,"42.36","-5.34","823","11.42","529.72","temperate","Mediterranean Forests, Woodlands & Scrub",,,"0","10",,"Cambisol","forest",,,,"bulk soil",,"1350","44",,,"13565.2","11585.2","1980",,,"456","74",,"48.30","2.37","5.7",,,,,
"667","108",,"51.32","9.56","470","7.08","684.49","temperate","Temperate Broadleaf & Mixed Forests",,,"0","10",,"Leptosol","cropland",,,,"bulk soil",,"1023","59",,,"11104.6","8449.6","2655",,,"717","125.8",,"20.00","2.41","4",,,,,
"668","108",,"51.32","9.56","470","7.08","684.49","temperate","Temperate Broadleaf & Mixed Forests",,,"0","10",,"Luvisol","cropland",,,,"bulk soil",,"445","43",,,"5388","3453","1935",,,"229","53.9",,"10.80","1.14","7.69",,"6","51.4","42.5",
"669","108",,"51.2","9.51","278","7.08","684.49","temperate","Temperate Broadleaf & Mixed Forests",,,"0","10",,"Luvisol","cropland",,,,"bulk soil",,"425","40",,,"5111.5","3311.5","1800",,,"225","41.4",,"9.80","1","6.56",,"5.6","76.3","18.1",
"670","108",,"50.51","11.44","600","7.29","590.43","temperate","Temperate Broadleaf & Mixed Forests",,,"0","10",,"Luvisol","cropland",,,,"bulk soil",,"614","50",,,"7134.1","4884.1","2250",,,"235","41.2",,"10.30","1.2","6.49",,"5.9","76.7","17.4",
"671","108",,"50.51","11.44","600","7.29","590.43","temperate","Temperate Broadleaf & Mixed Forests",,,"0","10",,"Fluvisol","cropland",,,,"bulk soil",,"739","48",,,"8194.8","6034.8","2160",,,"261","48.1",,"15.60","1.81","7.2",,"19.1","70.6","10.3",
"672","108",,"50.51","11.44","600","7.29","590.43","temperate","Temperate Broadleaf & Mixed Forests",,,"0","10",,"Fluvisol","cropland",,,,"bulk soil",,"896","62",,,"10058.1","7268.1","2790",,,"311","47.9",,"28.20","2.91","7.59",,"20","66.3","13.8",
"673","108",,"42.36","-5.34","823","11.42","529.72","temperate","Mediterranean Forests, Woodlands & Scrub",,,"0","10",,"Andosol","cropland",,,,"bulk soil",,"616","59",,,"7441.6","4786.6","2655",,,"206","26.3",,"12.10","0.61","7.69",,"10.8","68","21.2",
"674","108",,"42.36","-5.34","823","11.42","529.72","temperate","Mediterranean Forests, Woodlands & Scrub",,,"0","10",,"Andosol","cropland",,,,"bulk soil",,"853","81",,,"10282.2","6637.2","3645",,,"179",,,"18.20","1.55","6.52",,"76.1","20","4",
"675","108",,"42.36","-5.34","823","11.42","529.72","temperate","Mediterranean Forests, Woodlands & Scrub",,,"0","10",,"Andosol","cropland",,,,"bulk soil",,"68","10",,,"933.6","483.6","450",,,"41","3.7",,"2.00","0.06","6.27",,"76","21.5","2.5",
"676","108",,"42.36","-5.34","823","11.42","529.72","temperate","Mediterranean Forests, Woodlands & Scrub",,,"0","10",,"Andosol","cropland",,,,"bulk soil",,"1196","152",,,"15652.8","8812.8","6840",,,"576","41",,"38.40","3.28","6.87",,"76.1","19.7","4.2",
"677","108",,"42.36","-5.34","823","11.42","529.72","temperate","Mediterranean Forests, Woodlands & Scrub",,,"0","10",,"Andosol","cropland",,,,"bulk soil",,"404","51",,,"5276.3","2981.3","2295",,,"86","12.6",,"14.10","1.02","6.79",,"76.1","20.4","3.6",
"678","108",,"42.36","-5.34","823","11.42","529.72","temperate","Mediterranean Forests, Woodlands & Scrub",,,"0","10",,"Andosol","cropland",,,,"bulk soil",,"342","38",,,"4300.2","2590.2","1710",,,"63","9.3",,"19.10","1.16","6.5",,"76.1","20.4","3.6",
"679","108",,"42.36","-5.34","823","11.42","529.72","temperate","Mediterranean Forests, Woodlands & Scrub",,,"0","10",,"Andosol","cropland",,,,"bulk soil",,"420","48",,,"5323.8","3163.8","2160",,,"98","10.9",,"13.00","0.99","6.41",,"76.1","20.4","3.6",
"680","108",,"51.21","11.06","132","8.18","509.17","temperate","Temperate Broadleaf & Mixed Forests",,,"0","10",,"Luvisol","cropland",,,,"bulk soil",,"710","55",,,"8159","5684","2475",,,"291","46.9",,"11.70","1.31","6.45",,"76.1","20.4","3.6",
"681","108",,"51.32","9.56","470","7.08","684.49","temperate","Temperate Broadleaf & Mixed Forests",,,"0","10",,"Phaeozem","cropland",,,,"bulk soil",,"931","115",,,"12077.7","6902.7","5175",,,"336","36.8",,"18.00","1.86","7.47",,"2.8","79.3","17.9",
"682","108",,"51.32","9.56","470","7.08","684.49","temperate","Temperate Broadleaf & Mixed Forests",,,"0","10",,"Chernozem","cropland",,,,"bulk soil",,"1260","123",,,"15296","9761","5535",,,"544","107.4",,"38.90","3.23","7.57",,"5.9","69.4","24.7",
"683","108",,"51.32","9.56","470","7.08","684.49","temperate","Temperate Broadleaf & Mixed Forests",,,"0","10",,"Luvisol","cropland",,,,"bulk soil",,"607","47",,,"6974.7","4859.7","2115",,,"279","53.7",,"13.90","1.55","7.95",,"3.9","77.6","18.6",
"684","108",,"51.32","9.56","470","7.08","684.49","temperate","Temperate Broadleaf & Mixed Forests",,,"0","10",,"Cambisol","cropland",,,,"bulk soil",,"673","78",,,"8565.7","5055.7","3510",,,"364","38.3",,"18.80","1.59","7.86",,"7.3","70.6","22.2",
"685","108",,"33.54","72.29","414","22.76","573.58","temperate","Deserts & Xeric Shrublands",,,"0","10",,"Solonchak","cropland",,,,"bulk soil",,"127","27",,,"2011.4","796.4","1215",,,"108","7.4",,"7.60","0.9","6.84",,"8.5","51","40.5",
"686","108",,"32.05","72.4","173","24.55","345.13","arid","Deserts & Xeric Shrublands",,,"0","10",,"Solonetz","cropland",,,,"bulk soil",,"45","15",,,"887.4","212.4","675",,,"96","13.9",,"5.50","0.41","10.51",,"24.6","69.2","6.3",
"687","108",,"32.05","72.4","173","24.55","345.13","arid","Deserts & Xeric Shrublands",,,"0","10",,"Solonetz","cropland",,,,"bulk soil",,"54","15",,,"968.4","293.4","675",,,"82","11.2",,"3.20","0.39","9.67",,"23.6","64","12.4",
"688","108",,"32.05","72.4","173","24.55","345.13","arid","Deserts & Xeric Shrublands",,,"0","10",,"Solonetz","cropland",,,,"bulk soil",,"102","17",,,"1464.8","699.8","765",,,"108","15.1",,"3.80","0.4","9.59",,"39.5","45.8","14.8",
"689","108",,"32.05","72.4","173","24.55","345.13","arid","Deserts & Xeric Shrublands",,,"0","10",,"Solonetz","cropland",,,,"bulk soil",,"168","28",,,"2412.6","1152.6","1260",,,"148","12.3",,"6.80","0.78","9.24",,"45.4","44.1","10.5",
"690","108",,"32.05","72.4","173","24.55","345.13","arid","Deserts & Xeric Shrublands",,,"0","10",,"Solonetz","cropland",,,,"bulk soil",,"48","13",,,"850.1","265.1","585",,,"76","9.8",,"5.50","0.45","8.44",,"14","73.3","12.7",
"691","108",,"32.09","74.11","219","23.83","661.94","temperate","Deserts & Xeric Shrublands",,,"0","10",,"Solonetz","cropland",,,,"bulk soil",,"25","6",,,"418","148","270",,,"59","4.3",,"1.90","0.23","8.08",,"10","73.8","16.3",
"692","108",,"32.09","74.11","219","23.83","661.94","temperate","Deserts & Xeric Shrublands",,,"0","10",,"Solonetz","cropland",,,,"bulk soil",,"149","22",,,"2048.6","1058.6","990",,,"104","7.4",,"4.50","0.38","9.91",,"55.1","31.7","13.2",
"693","108",,"32.09","74.11","219","23.83","661.94","temperate","Deserts & Xeric Shrublands",,,"0","10",,"Solonetz","cropland",,,,"bulk soil",,"111","9",,,"1288.5","883.5","405",,,"97","12.1",,"4.30","0.41","8.69",,"38.9","45.7","15.4",
"694","108",,"32.09","74.11","219","23.83","661.94","temperate","Deserts & Xeric Shrublands",,,"0","10",,"Solonetz","cropland",,,,"bulk soil",,"96","12",,,"1250","710","540",,,"81","10.1",,"2.60","0.37","8.45",,"82.4","11.2","6.4",
"695","108",,"32.09","74.11","219","23.83","661.94","temperate","Deserts & Xeric Shrublands",,,"0","10",,"Solonetz","cropland",,,,"bulk soil",,"174","30",,,"2530.9","1180.9","1350",,,"227","17.2",,"6.80","0.71","8.87",,"66.4","25.2","8.4",
"696","108",,"32.09","74.11","219","23.83","661.94","temperate","Deserts & Xeric Shrublands",,,"0","10",,"Solonetz","cropland",,,,"bulk soil",,"147","19",,,"1934.1","1079.1","855",,,"107","14.5",,"6.60","0.58","8.93",,"44.2","37.7","18.1",
"697","108",,"32.09","74.11","219","23.83","661.94","temperate","Deserts & Xeric Shrublands",,,"0","10",,"Solonetz","cropland",,,,"bulk soil",,"82","10",,,"1059.6","609.6","450",,,"104","10.5",,"4.60","0.44","9.1",,"28.4","57.1","14.5",
"698","108",,"32.09","74.11","219","23.83","661.94","temperate","Deserts & Xeric Shrublands",,,"0","10",,"Solonetz","cropland",,,,"bulk soil",,"93","11",,,"1190.8","695.8","495",,,"124","13.3",,"3.70","0.4","9.21",,"30.1","54.3","15.6",
"699","108",,"32.09","74.11","219","23.83","661.94","temperate","Deserts & Xeric Shrublands",,,"0","10",,"Solonetz","cropland",,,,"bulk soil",,"162","22",,,"2165.6","1175.6","990",,,"116","18.5",,"5.40","0.55","9.33",,"25.7","62.2","12.2",
"700","108",,"51.32","9.56","470","7.08","684.49","temperate","Temperate Broadleaf & Mixed Forests",,,"0","10",,"Cambisol","grassland",,,,"bulk soil",,"485","27",,,"5233.4","4018.4","1215",,,"234","44.7",,"11.80","0.95","8.24",,"25.2","64.7","10.1",
"701","108",,"51.32","9.56","470","7.08","684.49","temperate","Temperate Broadleaf & Mixed Forests",,,"0","10",,"Luvisol","grassland",,,,"bulk soil",,"1236","128",,,"15240.9","9480.9","5760",,,"424","69.2",,"18.20","1.59","4.78",,"63.8","26.8","9.4",
"702","108",,"50.53","10","581","8.41","684.45","temperate","Temperate Broadleaf & Mixed Forests",,,"0","10",,"Fluvisol","grassland",,,,"bulk soil",,"878","62",,,"9896.1","7106.1","2790",,,"1594","211.9",,"45.40","3.58","5.98",,"7.6","68.7","23.7",
"703","108",,"51.2","9.51","278","7.08","684.49","temperate","Temperate Broadleaf & Mixed Forests",,,"0","10",,"Andosol","grassland",,,,"bulk soil",,"2274","138",,,"24904.5","18694.5","6210",,,"899","167.1",,"54.80","4.56","5.22",,"54","23.6","22.4",
"704","108",,"51.2","9.51","278","7.08","684.49","temperate","Temperate Broadleaf & Mixed Forests",,,"0","10",,"Luvisol","grassland",,,,"bulk soil",,"1556","106",,,"17413.3","12643.3","4770",,,"909","149.2",,"31.30","2.71","4.89",,"20.2","61.3","18.5",
"705","108",,"50.51","11.44","600","7.29","590.43","temperate","Temperate Broadleaf & Mixed Forests",,,"0","10",,"Fluvisol","grassland",,,,"bulk soil",,"1082","57",,,"11571.3","9006.3","2565",,,"336","50.1",,"34.90","2.68","5.51",,"5.9","76.7","17.4",
"706","108",,"50.51","11.44","600","7.29","590.43","temperate","Temperate Broadleaf & Mixed Forests",,,"0","10",,"Fluvisol","grassland",,,,"bulk soil",,"1351","68",,,"14346.1","11286.1","3060",,,"419","59.7",,"45.40","3.64","7.77",,"10.1","69.5","20.4",
"707","108",,"50.51","11.44","600","7.29","590.43","temperate","Temperate Broadleaf & Mixed Forests",,,"0","10",,"Fluvisol","grassland",,,,"bulk soil",,"1078","56",,,"11503.1","8983.1","2520",,,"397","58.7",,"35.50","3.16","7.49",,"10.1","69.5","20.4",
"708","108",,"50.51","11.44","600","7.29","590.43","temperate","Temperate Broadleaf & Mixed Forests",,,"0","10",,"Fluvisol","grassland",,,,"bulk soil",,"1137","62",,,"12227.1","9437.1","2790",,,"413","63.5",,"38.40","3.39","7.53",,"10.1","69.5","20.4",
"709","108",,"50.51","11.44","600","7.29","590.43","temperate","Temperate Broadleaf & Mixed Forests",,,"0","10",,"Fluvisol","grassland",,,,"bulk soil",,"1153","63",,,"12403.3","9568.3","2835",,,"2562","419.1",,"33.60","2.99","7.58",,"10.1","69.5","20.4",
"710","108",,"53.3","8.28","13","9.12","713.27","temperate","Temperate Broadleaf & Mixed Forests",,,"0","10",,"Fluvisol","grassland",,,,"bulk soil",,"5774","339",,,"62869.2","47614.2","15255",,,"2180","411.1",,"106.80","9.71","7.61",,"16.4","68.2","15.4",
"711","108",,"53.3","8.28","13","9.12","713.27","temperate","Temperate Broadleaf & Mixed Forests",,,"0","10",,"Fluvisol","grassland",,,,"bulk soil",,"5564","433",,,"64002.5","44517.5","19485",,,"4496","560.6",,"92.60","8.67","4.41",,"10.1","56.4","33.5",
"712","108",,"53.3","8.28","13","9.12","713.27","temperate","Temperate Broadleaf & Mixed Forests",,,"0","10",,"Fluvisol","grassland",,,,"bulk soil",,"6199","435",,,"69781.9","50206.9","19575",,,"1617","199.6",,"121.70","11.05","4.89",,"11.1","63","25.9",
"713","108",,"53.3","8.28","13","9.12","713.27","temperate","Temperate Broadleaf & Mixed Forests",,,"0","10",,"Fluvisol","grassland",,,,"bulk soil",,"3050","241",,,"35201.3","24356.3","10845",,,"887",,,"55.90","5.11","4.79",,"10.8","52.6","36.6",
"714","108",,"53.3","8.28","13","9.12","713.27","temperate","Temperate Broadleaf & Mixed Forests",,,"0","10",,"Fluvisol","grassland",,,,"bulk soil",,"883","84",,,"10648.7","6868.7","3780",,,"1631","196.9",,"14.10","1.43","5.45",,"17","51.1","31.9",
"715","108",,"53.3","8.28","13","9.12","713.27","temperate","Temperate Broadleaf & Mixed Forests",,,"0","10",,"Fluvisol","grassland",,,,"bulk soil",,"781","70",,,"9280.4","6130.4","3150",,,"918","168.1",,"11.30","1.31",,,"38.2","32.8","29",
"716","108",,"51.32","9.56","470","7.08","684.49","temperate","Temperate Broadleaf & Mixed Forests",,,"0","10",,"Phaeozem","grassland",,,,"bulk soil",,"1232","75",,,"13500.2","10125.2","3375",,,"1327","257.8",,"31.40","2.86",,,"25.1","20.7","54.2",
"717","108",,"51.32","9.56","470","7.08","684.49","temperate","Temperate Broadleaf & Mixed Forests",,,"0","10",,"Chernozem","grassland",,,,"bulk soil",,"1988","131",,,"22105.3","16210.3","5895",,,"464","94.5",,"63.30","5.59","7.48",,"14.1","67.1","18.7",
"718","108",,"51.32","9.56","470","7.08","684.49","temperate","Temperate Broadleaf & Mixed Forests",,,"0","10",,"Luvisol","grassland",,,,"bulk soil",,"983","76",,,"11291.4","7871.4","3420",,,"1245","230.7",,"21.20","1.94","7.9",,"4.2","85.3","10.5",
"719","108",,"51.32","9.56","470","7.08","684.49","temperate","Temperate Broadleaf & Mixed Forests",,,"0","10",,"Cambisol","grassland",,,,"bulk soil",,"2394","211",,,"28332.4","18837.4","9495",,,"2562","419.1",,"52.40","4.65","7.93",,"7.7","71.6","20.7",
"720","108",,"51.32","9.56","470","7.08","684.49","temperate","Temperate Broadleaf & Mixed Forests",,"Beech","0","10",,"Cambisol","forest",,,,"bulk soil",,"1350","75",,,"14562.2","11187.2","3375",,,"515","76.2",,"58.00","2.37","7.51",,"5.9","62.7","31.4",
"721","108",,"51.3","9.46","470","8.27","715.06","temperate","Temperate Broadleaf & Mixed Forests",,"Beech","0","10",,"Cambisol","forest",,,,"bulk soil",,"705","33",,,"7406.4","5921.4","1485",,,"215","39.8",,"27.00","1.1","3.88",,"55.3","38.7","6",
"722","108",,"51.3","9.46","470","8.27","715.06","temperate","Temperate Broadleaf & Mixed Forests",,"Beech","0","10",,"Cambisol","forest",,,,"bulk soil",,"840","34",,,"8653.5","7123.5","1530",,,"405","76.1",,"48.30","1.89","4.02",,"74.9","17.4","7.7",
"723","108",,"51.3","9.46","470","8.27","715.06","temperate","Temperate Broadleaf & Mixed Forests",,"Beech","0","10",,"Andosol","forest",,,,"bulk soil",,"910","50",,,"9798.1","7548.1","2250",,,"611","106.3",,"59.90","4.25","3.92",,"60","28","12",
"724","108",,"51.3","9.46","470","8.27","715.06","temperate","Temperate Broadleaf & Mixed Forests",,"Spruce","0","10",,"Podzol","forest",,,,"bulk soil",,"1480","28",,,"14220.6","12960.6","1260",,,"456","74.1",,"41.60","1.78","3.93",,"7.5","77.3","15.2",
"725","108",,"51.32","9.56","470","7.08","684.49","temperate","Temperate Broadleaf & Mixed Forests",,"Spruce","0","10",,"Podzol","forest",,,,"bulk soil",,"1469","25",,,"14025.1","12900.1","1125",,,"187","27",,"35.30","0.95","3.9",,"83.9","11.8","4.4",
"726","108",,"51.2","9.51","278","7.08","684.49","temperate","Temperate Broadleaf & Mixed Forests",,"Spruce","0","10",,"Andosol","forest",,,,"bulk soil",,"1895","121",,,"20946.7","15501.7","5445",,,"957","101.5",,"128.30","5.19","3.79",,"90.6","5.4","4",
"727","108",,"51.32","9.56","470","7.08","684.49","temperate","Temperate Broadleaf & Mixed Forests",,"Beech","0","10",,"Cambisol","forest",,,,"bulk soil",,"581","24",,,"6000.9","4920.9","1080",,,"208","39.7",,"19.80","0.98","3.51",,"4.4","78.5","17.1",
"728","108",,"51.32","9.56","470","7.08","684.49","temperate","Temperate Broadleaf & Mixed Forests",,"Beech","0","10",,"Cambisol","forest",,,,"bulk soil",,"2471","136",,,"26613.2","20493.2","6120",,,"1327","259.6",,"90.80","5.29","4.74",,"15.4","69.8","14.9",
"729","108",,"51.32","9.56","470","7.08","684.49","temperate","Temperate Broadleaf & Mixed Forests",,"Beech","0","10",,"Leptosol","forest",,,,"bulk soil",,"2184","146",,,"24351.8","17781.8","6570",,,"2333","447.3",,"145.90","13.93","7.72",,"7","79.5","13.5",
"730","108",,"51.32","9.56","470","7.08","684.49","temperate","Temperate Broadleaf & Mixed Forests",,"Spruce","0","10",,"Cambisol","forest",,,,"bulk soil",,"1528","58",,,"15617.4","13007.4","2610",,,"486","69.2",,"46.40","2.49","7.12",,"5.8","74.3","19.9",
"731","108",,"51.32","9.56","470","7.08","684.49","temperate","Temperate Broadleaf & Mixed Forests",,"Beech","0","10",,"Cambisol","forest",,,,"bulk soil",,"1204","34",,,"11929.5","10399.5","1530",,,"246","37.5",,"27.00","1.66","5.9",,"48.6","36.8","14.6",
"732","108",,"51.32","9.56","470","7.08","684.49","temperate","Temperate Broadleaf & Mixed Forests",,"Spruce","0","10",,"Podzol","forest",,,,"bulk soil",,"1134","44",,,"11621.2","9641.2","1980",,,"384","60.8",,"51.90","2.48","6.54",,"12.8","76.3","10.9",
"733","107",,"41.31","123.24","55","8.18","795.71","cold/snow","Temperate Broadleaf & Mixed Forests","cover crop",,"0","10",,,"cropland",,,,"bulk soil",,"504","47",,,"6047.7","3932.7","2115",,,,,,"10.5",,"5.38",,"20.67","66.37","13",
"734","107",,"41.31","123.24","55","8.18","795.71","cold/snow","Temperate Broadleaf & Mixed Forests","cover crop",,"0","10",,,"cropland",,,,"bulk soil",,"552","52",,,"6640.5","4300.5","2340",,,,,,"10.5",,"5.38",,"20.67","66.37","13",
"735","107",,"41.31","123.24","55","8.18","795.71","cold/snow","Temperate Broadleaf & Mixed Forests","cover crop",,"0","10",,,"cropland",,,,"bulk soil",,"565","53",,,"6789.6","4404.6","2385",,,,,,"10.5",,"5.38",,"20.67","66.37","13",
"736","107",,"41.31","123.24","55","8.18","795.71","cold/snow","Temperate Broadleaf & Mixed Forests","cover crop",,"0","10",,,"cropland",,,,"bulk soil",,"578","55",,,"6971","4496","2475",,,,,,"10.5",,"5.38",,"20.67","66.37","13",
"737","107",,"41.31","123.24","55","8.18","795.71","cold/snow","Temperate Broadleaf & Mixed Forests","cover crop",,"0","10",,,"cropland",,,,"bulk soil",,"611","53",,,"7203.6","4818.6","2385",,,,,,"10.5",,"5.38",,"20.67","66.37","13",
"738","107",,"41.31","123.24","55","8.18","795.71","cold/snow","Temperate Broadleaf & Mixed Forests","cover crop",,"0","10",,,"cropland",,,,"bulk soil",,"594","55",,,"7115","4640","2475",,,,,,"10.5",,"5.38",,"20.67","66.37","13",
"739","107",,"41.31","123.24","55","8.18","795.71","cold/snow","Temperate Broadleaf & Mixed Forests","cover crop",,"0","10",,,"cropland",,,,"bulk soil",,"614","52",,,"7198.5","4858.5","2340",,,,,,"10.5",,"5.38",,"20.67","66.37","13",
"740","107",,"41.31","123.24","55","8.18","795.71","cold/snow","Temperate Broadleaf & Mixed Forests","cover crop",,"0","10",,,"cropland",,,,"bulk soil",,"637","54",,,"7469.8","5039.8","2430",,,,,,"10.5",,"5.38",,"20.67","66.37","13",
"741","107",,"41.31","123.24","55","8.18","795.71","cold/snow","Temperate Broadleaf & Mixed Forests","cover crop",,"0","10",,,"cropland",,,,"bulk soil",,"645","51",,,"7445.3","5150.3","2295",,,,,,"10.5",,"5.38",,"20.67","66.37","13",
"742","106",,"47.03","12.57","1300","2.24","1292.03","polar","Temperate Conifer Forests",,,"0","15",,"Haplic Podzols","forest",,,,"aggregate",">1mm","4110","395","2580",,"49694.4","31919.4","17775",,,"2554","386",,"136",,"4.6",,"8.5","40.5","52.5",
"743","106",,"47.03","12.57","1300","2.24","1292.03","polar","Temperate Conifer Forests",,,"0","15",,"Haplic Podzols","forest",,,,"aggregate","0.250-1mm","3770","395","2423",,"46634.4","28859.4","17775",,,"2357","363",,"114",,"4.6",,"8.5","40.5","52.5",
"744","106",,"47.03","12.57","1300","2.24","1292.03","polar","Temperate Conifer Forests",,,"0","15",,"Haplic Podzols","forest",,,,"aggregate","<0.250mm","3150","348","2046",,"39542.7","23882.7","15660",,,"1990","319",,"103",,"4.7",,"8.5","40.5","52.5",
"745","106",,"47.03","12.57","2100","2.24","1292.03","polar","Temperate Conifer Forests",,,"0","15",,"Haplic Podzols","grassland",,,,"bulk soil",,"5190","754","3368",,"70960.8","37030.8","33930",,,"3785","622",,"162",,"4.8",,"8.5","40.5","52.5",
"746","106",,"47.03","12.57","1600","2.24","1292.03","polar","Temperate Conifer Forests",,,"0","15",,"Haplic Podzols","forest",,,,"bulk soil",,"3300","162","2107",,"34910.4","27620.4","7290",,,"1410","191",,"97",,"4.3",,"8.5","40.5","52.5",
"747","106",,"47.03","12.57","1300","2.24","1292.03","polar","Temperate Conifer Forests",,,"0","15",,"Haplic Podzols","forest",,,,"bulk soil",,"3110","222","1607",,"35130.2","25140.2","9990",,,"1861","255",,"93",,"4.5",,"8.5","40.5","52.5",
"748","105",,"25.55","107.85",,"16.47","1385.8","temperate","Tropical & Subtropical Moist Broadleaf Forests",,,"0","10",,,"cropland",,,,"bulk soil",,"682.253","38.3878",,,"7375","5647.5","1727.5",,,"529.42","37.72",,"14.14","1.7",,,,,,
"749","105",,"25.55","107.85",,"16.47","1385.8","temperate","Tropical & Subtropical Moist Broadleaf Forests","cropping","Sugarcane","0","10",,,"cropland",,,,"bulk soil",,"831.801","57.6796",,,"9341.4","6745.8","2595.6",,,"549.08","33.36",,"17.56","1.9","7.03",,,,,
"750","105",,"25.55","107.85",,"16.47","1385.8","temperate","Tropical & Subtropical Moist Broadleaf Forests","cropping","Mulberry","0","10",,,"forest",,,,"bulk soil",,"655.958","46.1438",,,"7387.8","5311.3","2076.5",,,"454.5","37.27",,"16.47","2.01","5.99",,,,,
"751","105",,"25.55","107.85",,"16.47","1385.8","temperate","Tropical & Subtropical Moist Broadleaf Forests",,,"0","10",,,"grassland",,,,"bulk soil",,"1158.03","61.3877",,,"12396.6","9634.2","2762.4",,,"1041","91.14",,"29.42","2.58","6.13",,,,,
"752","105",,"25.55","107.85",,"16.47","1385.8","temperate","Tropical & Subtropical Moist Broadleaf Forests",,,"0","10",,,"forest",,,,"bulk soil",,"2087.26","120.361",,,"22656.5","17240.3","5416.2",,,"2405.75","175.4",,"61.52","3.84","7.15",,,,,
"753","104",,"18.39","108.61","900",,,"equatorial",,"amendment","Control","0","10",,,"forest",,,,"bulk soil",,"1473.08","79.27",,,"15807.2","12240.1","3567.1",,,,,,"25.87","2.07","4.49",,"16.66",,,
"754","104",,"18.39","108.61","900",,,"equatorial",,"amendment","N","0","10",,,"forest",,,,"bulk soil",,"1298.15","79.18",,,"14230","10666.9","3563.1",,,,,,"26.96","2.19","4.41",,,,,
"755","104",,"18.39","108.61","900",,,"equatorial",,"amendment","P","0","10",,,"forest",,,,"bulk soil",,"1318.18","83.88",,,"14561.4","10786.8","3774.6",,,,,,"23.85","2.02","4.33",,,,,
"756","104",,"18.39","108.61","900",,,"equatorial",,"amendment","NP","0","10",,,"forest",,,,"bulk soil",,"1365.93","82.33",,,"14941.3","11236.5","3704.8",,,,,,"23.62","1.87","4.4",,,,,
"757","104",,"18.72","108.88","870","24.17","1070.89","equatorial","Tropical & Subtropical Moist Broadleaf Forests",,,"0","10",,"Inceptisols","forest",,,,"bulk soil",,"1328.24","62.9787",,,"13979.7","11145.7","2834",,,,,,"21.50","1.7","4.81",,"44.1","41.1","14.8",
"758","104",,"18.72","108.88","870","24.17","1070.89","equatorial","Tropical & Subtropical Moist Broadleaf Forests",,,"0","10",,"Inceptisols","forest",,,,"bulk soil",,"1328.24","62.9787",,,"13979.7","11145.7","2834",,,,,,"23.10","1.9","4.5",,"9",,,
"759","104",,"18.72","108.88","870","24.17","1070.89","equatorial","Tropical & Subtropical Moist Broadleaf Forests",,,"0","10",,"Inceptisols","forest",,,,"bulk soil",,"1374.05","61.2766",,,"14337.2","11579.8","2757.4",,,,,,"25.20","2","4.7",,"9",,,
"760","104",,"18.73","108.87","880","24.17","1070.89","equatorial","Tropical & Subtropical Moist Broadleaf Forests",,,"0","10",,"Inceptisols","forest",,,,"bulk soil",,"1465.65","80",,,"15763.9","12163.9","3600",,,,,,"25.90","2.1","4.5",,"9",,,
"761","104",,"18.73","108.87","880","24.17","1070.89","equatorial","Tropical & Subtropical Moist Broadleaf Forests",,,"0","10",,"Inceptisols","forest",,,,"bulk soil",,"1282.44","80",,,"14115","10515","3600",,,,,,"27.00","2.2","4.4",,"16.7",,,
"762","104",,"18.73","108.87","880","24.17","1070.89","equatorial","Tropical & Subtropical Moist Broadleaf Forests",,,"0","10",,"Inceptisols","forest",,,,"bulk soil",,"1557.25","91.9149",,,"16971.5","12835.3","4136.2",,,,,,"30.40","2.3","4.3",,"16.7",,,
"763","104",,"27.65","117.95","700","10.2","1991","temperate","Tropical & Subtropical Moist Broadleaf Forests",,,"0","10",,"Ultisols","forest",,,,"bulk soil",,"1419.85","103.83",,,"16118.2","11445.8","4672.4",,,,,,"32.50","2.2","4.2",,"16.7",,,
"764","104",,"27.65","117.95","700","10.2","1991","temperate","Tropical & Subtropical Moist Broadleaf Forests",,,"0","10",,"Ultisols","forest",,,,"bulk soil",,"1374.05","107.234",,,"15815.4","10989.9","4825.5",,,,,,"29.80","2.2","5.3",,"11.2",,,
"765","104",,"27.65","117.95","700","10.2","1991","temperate","Tropical & Subtropical Moist Broadleaf Forests",,,"0","10",,"Ultisols","forest",,,,"bulk soil",,"1328.24","112.34",,,"15567.3","10512","5055.3",,,,,,"27.30","2","4.9",,"11.2",,,
"766","104",,"30.02","117.35","375","16.81","1494.56","temperate","Temperate Broadleaf & Mixed Forests",,,"0","10",,"Alfisols","forest",,,,"bulk soil",,"1511.45","122.553",,,"17544.7","12029.8","5514.9",,,,,,"45.10","3.2","4.9",,"11.2",,,
"767","104",,"30.02","117.35","375","16.81","1494.56","temperate","Temperate Broadleaf & Mixed Forests",,,"0","10",,"Alfisols","forest",,,,"bulk soil",,"1786.26","136.17",,,"20455.9","14328.3","6127.6",,,,,,"49.60","3.4","5.3",,"13.1",,,
"768","104",,"30.02","117.35","375","16.81","1494.56","temperate","Temperate Broadleaf & Mixed Forests",,,"0","10",,"Alfisols","forest",,,,"bulk soil",,"1877.86","115.745",,,"20623.4","15414.9","5208.5",,,,,,"58.10","3.9","4.5",,"13.1",,,
"769","104",,"39.97","115.43","1300","7.21","545.44","cold/snow","Temperate Broadleaf & Mixed Forests",,,"0","10",,"Alfisols","forest",,,,"bulk soil",,"1969.47","85.1064",,,"20462.5","16632.7","3829.8",,,,,,"41.20","3.4","4.5",,"13.1",,,
"770","104",,"39.97","115.43","1300","7.21","545.44","cold/snow","Temperate Broadleaf & Mixed Forests",,,"0","10",,"Alfisols","forest",,,,"bulk soil",,"2152.67","91.9149",,,"22330.3","18194.1","4136.2",,,,,,"38.00","3.3","6.5",,"5",,,
"771","104",,"39.97","115.43","1300","7.21","545.44","cold/snow","Temperate Broadleaf & Mixed Forests",,,"0","10",,"Alfisols","forest",,,,"bulk soil",,"2106.87","102.128",,,"22246.6","17650.8","4595.8",,,,,,"53.70","4.4","6.1",,"5",,,
"772","104",,"39.97","115.43","1300","7.21","545.44","cold/snow","Temperate Broadleaf & Mixed Forests",,,"0","10",,"Alfisols","forest",,,,"bulk soil",,"2885.5","114.043",,,"29637.4","24505.5","5131.9",,,,,,"65.70","5.2","6.1",,"5",,,
"773","104",,"39.97","115.43","1300","7.21","545.44","cold/snow","Temperate Broadleaf & Mixed Forests",,,"0","10",,"Alfisols","forest",,,,"bulk soil",,"3618.32","200.851",,,"39024.8","29986.5","9038.3",,,,,,"84.10","6.8","7.1",,"5.5",,,
"774","104",,"39.97","115.43","1300","7.21","545.44","cold/snow","Temperate Broadleaf & Mixed Forests",,,"0","10",,"Alfisols","forest",,,,"bulk soil",,"3068.7","97.0213",,,"30738.8","26372.8","4366",,,,,,"74.10","5.7","6.8",,"5.5",,,
"775","104",,"48.12","129.18","350","-0.62","624.36","cold/snow","Temperate Broadleaf & Mixed Forests",,,"0","10",,"Alfisols","forest",,,,"bulk soil",,"3664.12","134.468",,,"37302","31250.9","6051.1",,,,,,"92.40","6.6","6.2",,"5.5",,,
"776","104",,"48.12","129.18","350","-0.62","624.36","cold/snow","Temperate Broadleaf & Mixed Forests",,,"0","10",,"Alfisols","forest",,,,"bulk soil",,"3938.93","107.234",,,"38899.3","34073.8","4825.5",,,,,,"86.40","6.2","5.8",,"6.8",,,
"777","104",,"48.12","129.18","350","-0.62","624.36","cold/snow","Temperate Broadleaf & Mixed Forests",,,"0","10",,"Alfisols","forest",,,,"bulk soil",,"4030.53","112.34",,,"39888","34832.7","5055.3",,,,,,"88.70","6.7","5.9",,"6.8",,,
"778","104",,"50.93","121.5","825","-4.88","451.93","cold/snow","Temperate Conifer Forests",,,"0","10",,"Alfisols","forest",,,,"bulk soil",,"6091.6","173.617",,,"60408.5","52595.7","7812.8",,,,,,"377.80","14.7","5.8",,"6.8",,,
"779","104",,"50.93","121.5","825","-4.88","451.93","cold/snow","Temperate Conifer Forests",,,"0","10",,"Alfisols","forest",,,,"bulk soil",,"6137.4","173.617",,,"60820.7","53007.9","7812.8",,,,,,"367.70","14.9","6",,"2.8",,,
"780","104",,"50.93","121.5","825","-4.88","451.93","cold/snow","Temperate Conifer Forests",,,"0","10",,"Alfisols","forest",,,,"bulk soil",,"5129.77","144.681",,,"50821.2","44310.6","6510.6",,,,,,"322.00","13.1","4.35",,"42.35","41.07","16.58",
"781","103",,"-30.1","-51.67","35","19.28","1416.76","temperate","Tropical & Subtropical Grasslands, Savannas & Shrublands","tillage; amendment","CT, O/M, 0N","0","5",,,"cropland",,,,"bulk soil",,"78.45","7.04",,,"932.5","615.7","316.8",,,,,"10.6",,,,,"21.7",,,
"782","103",,"-30.1","-51.67","35","19.28","1416.76","temperate","Tropical & Subtropical Grasslands, Savannas & Shrublands","tillage; amendment","NT, O/M, 0N","0","5",,,"cropland",,,,"bulk soil",,"164.46","12.24",,,"1873.8","1323","550.8",,,,,"15",,,,,"21.7",,,
"783","103",,"-30.1","-51.67","35","19.28","1416.76","temperate","Tropical & Subtropical Grasslands, Savannas & Shrublands","tillage; amendment","NT, OV/MC, 0N","0","5",,,"cropland",,,,"bulk soil",,"232.43","16.65",,,"2627.3","1878.1","749.2",,,,,"20.9",,,,,"21.7",,,
"784","103",,"-30.1","-51.67","35","19.28","1416.76","temperate","Tropical & Subtropical Grasslands, Savannas & Shrublands","tillage; amendment","NT, OV/MC, 180N","0","5",,,"cropland",,,,"bulk soil",,"286.77","19.05",,,"3193.6","2336.4","857.2",,,,,"25.9",,,,,"21.7",,,
"785","103",,"-30.1","-51.67","35","19.28","1416.76","temperate","Tropical & Subtropical Grasslands, Savannas & Shrublands","tillage; amendment","CT, O/M, 0N","20","30",,,"cropland",,,,"bulk soil",,"53.01","4.83",,,"632.4","415.1","217.3",,,,,"9.1",,,,,,,,
"786","103",,"-30.1","-51.67","35","19.28","1416.76","temperate","Tropical & Subtropical Grasslands, Savannas & Shrublands","tillage; amendment","NT, O/M, 0N","20","30",,,"cropland",,,,"bulk soil",,"62.39","5.59",,,"741.3","489.8","251.5",,,,,"9.4",,,,,,,,
"787","103",,"-30.1","-51.67","35","19.28","1416.76","temperate","Tropical & Subtropical Grasslands, Savannas & Shrublands","tillage; amendment","NT, OV/MC, 0N","20","30",,,"cropland",,,,"bulk soil",,"72.02","6.28",,,"850.2","567.6","282.6",,,,,"10.6",,,,,,,,
"788","103",,"-30.1","-51.67","35","19.28","1416.76","temperate","Tropical & Subtropical Grasslands, Savannas & Shrublands","tillage; amendment","NT, OV/MC, 180N","20","30",,,"cropland",,,,"bulk soil",,"76.33","6.78",,,"905","599.9","305.1",,,,,"10",,,,,,,,
"789","103",,"-30.1","-51.67","35","19.28","1416.76","temperate","Tropical & Subtropical Grasslands, Savannas & Shrublands","tillage; amendment","CT, O/M, 0N","75","100",,,"cropland",,,,"bulk soil",,"36.46","2.71",,,"415.4","293.4","122",,,,,"5.4",,,,,"51.1",,,
"790","103",,"-30.1","-51.67","35","19.28","1416.76","temperate","Tropical & Subtropical Grasslands, Savannas & Shrublands","tillage; amendment","NT, O/M, 0N","75","100",,,"cropland",,,,"bulk soil",,"41.12","2.98",,,"465.9","331.8","134.1",,,,,"6.5",,,,,"51.1",,,
"791","103",,"-30.1","-51.67","35","19.28","1416.76","temperate","Tropical & Subtropical Grasslands, Savannas & Shrublands","tillage; amendment","NT, OV/MC, 0N","75","100",,,"cropland",,,,"bulk soil",,"44.17","3.14",,,"498.5","357.2","141.3",,,,,"6.7",,,,,"51.1",,,
"792","103",,"-30.1","-51.67","35","19.28","1416.76","temperate","Tropical & Subtropical Grasslands, Savannas & Shrublands","tillage; amendment","NT, OV/MC, 180N","75","100",,,"cropland",,,,"bulk soil",,"37.56","2.75",,,"426.5","302.7","123.8",,,,,"6.4",,,,,"51.1",,,
"793","103",,"-30.1","-51.67","35","19.28","1416.76","temperate","Tropical & Subtropical Grasslands, Savannas & Shrublands","tillage; amendment","CT, O/M, 0N","0","5",,,"cropland",,,,"aggregate","<0.002mm","208.12","30.85",,,"2865.3","1477.1","1388.2",,,,,"6.53",,,,,,,,
"794","103",,"-30.1","-51.67","35","19.28","1416.76","temperate","Tropical & Subtropical Grasslands, Savannas & Shrublands","tillage; amendment","NT, O/M, 0N","0","5",,,"cropland",,,,"aggregate","<0.002mm","341.92","45.33",,,"4535.2","2495.4","2039.8",,,,,"7.07",,,,,,,,
"795","103",,"-30.1","-51.67","35","19.28","1416.76","temperate","Tropical & Subtropical Grasslands, Savannas & Shrublands","tillage; amendment","NT, OV/MC, 0N","0","5",,,"cropland",,,,"aggregate","<0.002mm","439.03","50.69",,,"5581.6","3300.6","2281",,,,,"9.24",,,,,,,,
"796","103",,"-30.1","-51.67","35","19.28","1416.76","temperate","Tropical & Subtropical Grasslands, Savannas & Shrublands","tillage; amendment","NT, OV/MC, 180N","0","5",,,"cropland",,,,"aggregate","<0.002mm","450.49","53.08",,,"5761.6","3373","2388.6",,,,,"10.01",,,,,,,,
"797","103",,"-30.1","-51.67","35","19.28","1416.76","temperate","Tropical & Subtropical Grasslands, Savannas & Shrublands","tillage; amendment","CT, O/M, 0N","20","30",,,"cropland",,,,"aggregate","<0.002mm","120.95","16.89",,,"1631.8","871.7","760.1",,,,,"7.42",,,,,,,,
"798","103",,"-30.1","-51.67","35","19.28","1416.76","temperate","Tropical & Subtropical Grasslands, Savannas & Shrublands","tillage; amendment","NT, O/M, 0N","20","30",,,"cropland",,,,"aggregate","<0.002mm","134.03","17.6",,,"1772.3","980.3","792",,,,,"8.25",,,,,,,,
"799","103",,"-30.1","-51.67","35","19.28","1416.76","temperate","Tropical & Subtropical Grasslands, Savannas & Shrublands","tillage; amendment","NT, OV/MC, 0N","20","30",,,"cropland",,,,"aggregate","<0.002mm","139.16","18.6",,,"1850.7","1013.7","837",,,,,"8.77",,,,,,,,
"800","103",,"-30.1","-51.67","35","19.28","1416.76","temperate","Tropical & Subtropical Grasslands, Savannas & Shrublands","tillage; amendment","NT, OV/MC, 180N","20","30",,,"cropland",,,,"aggregate","<0.002mm","149.53","20.65",,,"2009.9","1080.7","929.2",,,,,"8.36",,,,,,,,
"801","103",,"-30.1","-51.67","35","19.28","1416.76","temperate","Tropical & Subtropical Grasslands, Savannas & Shrublands","tillage; amendment","CT, O/M, 0N","75","100",,,"cropland",,,,"aggregate","<0.002mm","63.44","6.46",,,"778.7","488","290.7",,,,,"4.7",,,,,,,,
"802","103",,"-30.1","-51.67","35","19.28","1416.76","temperate","Tropical & Subtropical Grasslands, Savannas & Shrublands","tillage; amendment","NT, O/M, 0N","75","100",,,"cropland",,,,"aggregate","<0.002mm","73.42","7.39",,,"898.5","565.9","332.6",,,,,"5.68",,,,,,,,
"803","103",,"-30.1","-51.67","35","19.28","1416.76","temperate","Tropical & Subtropical Grasslands, Savannas & Shrublands","tillage; amendment","NT, OV/MC, 0N","75","100",,,"cropland",,,,"aggregate","<0.002mm","76.98","7.06",,,"919.9","602.2","317.7",,,,,"5.82",,,,,,,,
"804","103",,"-30.1","-51.67","35","19.28","1416.76","temperate","Tropical & Subtropical Grasslands, Savannas & Shrublands","tillage; amendment","NT, OV/MC, 180N","75","100",,,"cropland",,,,"aggregate","<0.002mm","88.27","7.65",,,"1040.4","696.2","344.2",,,,,"5.85",,,,,,,,
"805","103",,"-30.1","-51.67","35","19.28","1416.76","temperate","Tropical & Subtropical Grasslands, Savannas & Shrublands","tillage; amendment","CT, O/M, 0N","0","5",,,"cropland",,,,"aggregate","0.020-0.002mm","142.58","11.77",,,"1661.7","1132.1","529.6",,,,,"1.61",,,,,,,,
"806","103",,"-30.1","-51.67","35","19.28","1416.76","temperate","Tropical & Subtropical Grasslands, Savannas & Shrublands","tillage; amendment","NT, O/M, 0N","0","5",,,"cropland",,,,"aggregate","0.020-0.002mm","367.39","26.54",,,"4160.1","2965.8","1194.3",,,,,"3.24",,,,,,,,
"807","103",,"-30.1","-51.67","35","19.28","1416.76","temperate","Tropical & Subtropical Grasslands, Savannas & Shrublands","tillage; amendment","NT, OV/MC, 0N","0","5",,,"cropland",,,,"aggregate","0.020-0.002mm","525.69","37.85",,,"5948.5","4245.3","1703.2",,,,,"3.98",,,,,,,,
"808","103",,"-30.1","-51.67","35","19.28","1416.76","temperate","Tropical & Subtropical Grasslands, Savannas & Shrublands","tillage; amendment","NT, OV/MC, 180N","0","5",,,"cropland",,,,"aggregate","0.020-0.002mm","597.33","39.79",,,"6655.8","4865.2","1790.6",,,,,"4.61",,,,,,,,
"809","103",,"-30.1","-51.67","35","19.28","1416.76","temperate","Tropical & Subtropical Grasslands, Savannas & Shrublands","tillage; amendment","CT, O/M, 0N","20","30",,,"cropland",,,,"aggregate","0.020-0.002mm","73.9","8.21",,,"929.2","559.7","369.5",,,,,"0.94",,,,,,,,
"810","103",,"-30.1","-51.67","35","19.28","1416.76","temperate","Tropical & Subtropical Grasslands, Savannas & Shrublands","tillage; amendment","NT, O/M, 0N","20","30",,,"cropland",,,,"aggregate","0.020-0.002mm","77.91","8.18",,,"964.3","596.2","368.1",,,,,"0.9",,,,,,,,
"811","103",,"-30.1","-51.67","35","19.28","1416.76","temperate","Tropical & Subtropical Grasslands, Savannas & Shrublands","tillage; amendment","NT, OV/MC, 0N","20","30",,,"cropland",,,,"aggregate","0.020-0.002mm","98.17","10.88",,,"1233.5","743.9","489.6",,,,,"1.02",,,,,,,,
"812","103",,"-30.1","-51.67","35","19.28","1416.76","temperate","Tropical & Subtropical Grasslands, Savannas & Shrublands","tillage; amendment","NT, OV/MC, 180N","20","30",,,"cropland",,,,"aggregate","0.020-0.002mm","80.04","8.44",,,"991.8","612","379.8",,,,,"0.96",,,,,,,,
"813","103",,"-30.1","-51.67","35","19.28","1416.76","temperate","Tropical & Subtropical Grasslands, Savannas & Shrublands","tillage; amendment","CT, O/M, 0N","75","100",,,"cropland",,,,"aggregate","0.020-0.002mm","27.24","3.74",,,"365.4","197.1","168.3",,,,,"0.42",,,,,,,,
"814","103",,"-30.1","-51.67","35","19.28","1416.76","temperate","Tropical & Subtropical Grasslands, Savannas & Shrublands","tillage; amendment","NT, O/M, 0N","75","100",,,"cropland",,,,"aggregate","0.020-0.002mm","25.47","3.14",,,"330.2","188.9","141.3",,,,,"0.51",,,,,,,,
"815","103",,"-30.1","-51.67","35","19.28","1416.76","temperate","Tropical & Subtropical Grasslands, Savannas & Shrublands","tillage; amendment","NT, OV/MC, 0N","75","100",,,"cropland",,,,"aggregate","0.020-0.002mm","28.67","3.51",,,"370.9","213","157.9",,,,,"0.5",,,,,,,,
"816","103",,"-30.1","-51.67","35","19.28","1416.76","temperate","Tropical & Subtropical Grasslands, Savannas & Shrublands","tillage; amendment","NT, OV/MC, 180N","75","100",,,"cropland",,,,"aggregate","0.020-0.002mm","20.52","2.66",,,"270.2","150.5","119.7",,,,,"0.49",,,,,,,,
"817","102",,"26.18","117.47",,"17.34","1634.58","temperate","Tropical & Subtropical Moist Broadleaf Forests","amendment","CT","0","10",,"Oxisol","forest",,,,"bulk soil",,"417.87","14.78",,,"4236.2","3571.1","665.1",,,,,,"33.50","2.4","8.59",,,,,
"818","102",,"26.18","117.47",,"17.34","1634.58","temperate","Tropical & Subtropical Moist Broadleaf Forests","amendment","LN","0","10",,"Oxisol","forest",,,,"bulk soil",,"601.94","22.61",,,"6144.6","5127.2","1017.4",,,,,,"35.40","2.4","4.03",,,,,
"819","102",,"26.18","117.47",,"17.34","1634.58","temperate","Tropical & Subtropical Moist Broadleaf Forests","amendment","HN","0","10",,"Oxisol","forest",,,,"bulk soil",,"612.09","23.91",,,"6277.9","5201.9","1076",,,,,,"31.40","2.3","3.88",,,,,
"820","102",,"26.18","117.47",,"17.34","1634.58","temperate","Tropical & Subtropical Moist Broadleaf Forests","amendment","CT","10","20",,"Oxisol","forest",,,,"bulk soil",,"296.61","22.83",,,"3403.7","2376.4","1027.3",,,,,,"15.30","1.1","3.88",,,,,
"821","102",,"26.18","117.47",,"17.34","1634.58","temperate","Tropical & Subtropical Moist Broadleaf Forests","amendment","LN","10","20",,"Oxisol","forest",,,,"bulk soil",,"293.73","21.74",,,"3342.8","2364.5","978.3",,,,,,"15.40","1.1","4.14",,,,,
"822","102",,"26.18","117.47",,"17.34","1634.58","temperate","Tropical & Subtropical Moist Broadleaf Forests","amendment","HN","10","20",,"Oxisol","forest",,,,"bulk soil",,"312.59","21.3",,,"3498.4","2539.9","958.5",,,,,,"14.40","1.1","4.1",,,,,
"823","101",,"47.53","15.03","900","5.44","1341.43","cold/snow","Temperate Conifer Forests",,,"0","5",,"Leptic Histosols","forest",,,,"bulk soil",,"11700","200",,,"111732.6","102732.6","9000",,,,,,,,,,,,,
"824","101",,"47.53","15.03","900","5.44","1341.43","cold/snow","Temperate Conifer Forests",,,"5","15",,"Leptic Histosols","forest",,,,"bulk soil",,"10900","250",,,"106140.7","94890.7","11250",,,,,,,,,,,,,
"825","101",,"47.53","15.03","900","5.44","1341.43","cold/snow","Temperate Conifer Forests",,,"15","25",,"Leptic Histosols","forest",,,,"bulk soil",,"8800","300",,,"88848.9","75348.9","13500",,,,,,,,,,,,,
"826","101",,"47.53","15.03","1300","5.44","1341.43","cold/snow","Temperate Conifer Forests",,,"0","5",,"Leptic Histosols","forest",,,,"bulk soil",,"11700","300",,,"114948.9","101448.9","13500",,,,,,,,,,,,,
"827","101",,"47.53","15.03","1300","5.44","1341.43","cold/snow","Temperate Conifer Forests",,,"5","15",,"Leptic Histosols","forest",,,,"bulk soil",,"13700","300",,,"132948.9","119448.9","13500",,,,,,,,,,,,,
"828","101",,"47.53","15.03","1300","5.44","1341.43","cold/snow","Temperate Conifer Forests",,,"15","25",,"Leptic Histosols","forest",,,,"bulk soil",,"6000","150",,,"58824.4","52074.4","6750",,,,,,,,,,,,,
"829","101",,"47.53","15.03","1900","5.44","1341.43","cold/snow","Temperate Conifer Forests",,,"0","5",,"Leptic Histosols","grassland",,,,"bulk soil",,"7500","350",,,"78757","63007","15750",,,,,,,,,,,,,
"830","101",,"47.53","15.03","1900","5.44","1341.43","cold/snow","Temperate Conifer Forests",,,"5","15",,"Leptic Histosols","grassland",,,,"bulk soil",,"11800","400",,,"119065.2","101065.2","18000",,,,,,,,,,,,,
"831","101",,"47.53","15.03","1900","5.44","1341.43","cold/snow","Temperate Conifer Forests",,,"15","25",,"Leptic Histosols","grassland",,,,"bulk soil",,"7500","300",,,"77148.9","63648.9","13500",,,,,,,,,,,,,
"832","101",,"47.07","13","900","2.24","1292.03","polar","Temperate Conifer Forests",,,"0","5",,"Haplic Podzols","forest",,,,"bulk soil",,"11500","450",,,"117973.3","97723.3","20250",,,,,,,,,,,,,
"833","101",,"47.07","13","900","2.24","1292.03","polar","Temperate Conifer Forests",,,"5","15",,"Haplic Podzols","forest",,,,"bulk soil",,"1600","150",,,"19224.4","12474.4","6750",,,,,,,,,,,,,
"834","101",,"47.07","13","900","2.24","1292.03","polar","Temperate Conifer Forests",,,"15","25",,"Haplic Podzols","forest",,,,"bulk soil",,"300","50",,,"4308.1","2058.1","2250",,,,,,,,,,,,,
"835","101",,"47.07","13","1300","2.24","1292.03","polar","Temperate Conifer Forests",,,"0","5",,"Haplic Podzols","forest",,,,"bulk soil",,"11500","300",,,"113148.9","99648.9","13500",,,,,,,,,,,,,
"836","101",,"47.07","13","1300","2.24","1292.03","polar","Temperate Conifer Forests",,,"5","15",,"Haplic Podzols","forest",,,,"bulk soil",,"1700","100",,,"18516.3","14016.3","4500",,,,,,,,,,,,,
"837","101",,"47.07","13","1300","2.24","1292.03","polar","Temperate Conifer Forests",,,"15","25",,"Haplic Podzols","forest",,,,"bulk soil",,"600","100",,,"8616.3","4116.3","4500",,,,,,,,,,,,,
"838","101",,"47.07","13","1900","2.24","1292.03","polar","Temperate Conifer Forests",,,"0","5",,"Haplic Podzols","grassland",,,,"bulk soil",,"8400","350",,,"86857","71107","15750",,,,,,,,,,,,,
"839","101",,"47.07","13","1900","2.24","1292.03","polar","Temperate Conifer Forests",,,"5","15",,"Haplic Podzols","grassland",,,,"bulk soil",,"3200","300",,,"38448.9","24948.9","13500",,,,,,,,,,,,,
"840","101",,"47.07","13","1900","2.24","1292.03","polar","Temperate Conifer Forests",,,"15","25",,"Haplic Podzols","grassland",,,,"bulk soil",,"700","100",,,"9516.3","5016.3","4500",,,,,,,,,,,,,
"841","100",,"59.49","17.39","8","6.2","524.43","cold/snow","Temperate Broadleaf & Mixed Forests",,,"0","20",,"Eutric Cambisol","cropland",,,,"bulk soil",,"239","69","92","11","4370.2","1265.2","3105",,,,,,"16","1.4","7.6",,"7.15","52","40.85",
"842","100",,"59.49","17.39","8","6.2","524.43","cold/snow","Temperate Broadleaf & Mixed Forests",,,"0","20",,"Eutric Cambisol","cropland",,,,"bulk soil",,"228","43","95","10","3435","1500","1935",,,,,,"16","1.4","7.6",,"7.15","52","40.85",
"843","100",,"59.49","17.39","8","6.2","524.43","cold/snow","Temperate Broadleaf & Mixed Forests",,,"0","20",,"Eutric Cambisol","cropland",,,,"bulk soil",,"307","47","106","11","4274.7","2159.7","2115",,,,,,"16","1.4","7.6",,"7.15","52","40.85",
"844","100",,"59.49","17.39","8","6.2","524.43","cold/snow","Temperate Broadleaf & Mixed Forests",,,"0","20",,"Eutric Cambisol","cropland",,,,"bulk soil",,"289","48","108","10","4144.8","1984.8","2160",,,,,,"16","1.4","7.6",,"7.15","52","40.85",
"845","100",,"59.49","17.39","8","6.2","524.43","cold/snow","Temperate Broadleaf & Mixed Forests",,,"0","20",,"Eutric Cambisol","cropland",,,,"bulk soil",,"315","52","112","10","4507.5","2167.5","2340",,,,,,"16","1.4","7.6",,"7.15","52","40.85",
"846","100",,"59.49","17.39","8","6.2","524.43","cold/snow","Temperate Broadleaf & Mixed Forests",,,"0","20",,"Eutric Cambisol","cropland",,,,"bulk soil",,"134","53","62","10","2910.6","525.6","2385",,,,,,"16","1.4","7.6",,"7.15","52","40.85",
"847","100",,"59.49","17.39","8","6.2","524.43","cold/snow","Temperate Broadleaf & Mixed Forests",,,"0","20",,"Eutric Cambisol","cropland",,,,"bulk soil",,"243","43","76","10","3570","1635","1935",,,,,,"16","1.4","7.6",,"7.15","52","40.85",
"848","100",,"59.49","17.39","8","6.2","524.43","cold/snow","Temperate Broadleaf & Mixed Forests",,,"0","20",,"Eutric Cambisol","cropland",,,,"bulk soil",,"253","44","82","11","3692.2","1712.2","1980",,,,,,"16","1.4","7.6",,"7.15","52","40.85",
"849","100",,"59.49","17.39","8","6.2","524.43","cold/snow","Temperate Broadleaf & Mixed Forests",,,"0","20",,"Eutric Cambisol","cropland",,,,"bulk soil",,"196","45","81","10","3211.3","1186.3","2025",,,,,,"16","1.4","7.6",,"7.15","52","40.85",
"850","100",,"59.49","17.39","8","6.2","524.43","cold/snow","Temperate Broadleaf & Mixed Forests",,,"0","20",,"Eutric Cambisol","cropland",,,,"bulk soil",,"337","49","116","11","4609","2404","2205",,,,,,"16","1.4","7.6",,"7.15","52","40.85",
"851","100",,"59.49","17.39","8","6.2","524.43","cold/snow","Temperate Broadleaf & Mixed Forests",,,"0","20",,"Eutric Cambisol","cropland",,,,"bulk soil",,"435","47","150","11","5426.7","3311.7","2115",,,,,,"16","1.4","7.6",,"7.15","52","40.85",
"852","100",,"59.49","17.39","8","6.2","524.43","cold/snow","Temperate Broadleaf & Mixed Forests",,,"0","20",,"Eutric Cambisol","cropland",,,,"bulk soil",,"393","47","152","11","5048.7","2933.7","2115",,,,,,"16","1.4","7.6",,"7.15","52","40.85",
"853","100",,"59.49","17.39","8","6.2","524.43","cold/snow","Temperate Broadleaf & Mixed Forests",,,"0","20",,"Eutric Cambisol","cropland",,,,"bulk soil",,"392","42","150","11","4878.8","2988.8","1890",,,,,,"16","1.4","7.6",,"7.15","52","40.85",
"854","100",,"59.49","17.39","8","6.2","524.43","cold/snow","Temperate Broadleaf & Mixed Forests",,,"0","20",,"Eutric Cambisol","cropland",,,,"bulk soil",,"294","54","109","11","4382.8","1952.8","2430",,,,,,"16","1.4","7.6",,"7.15","52","40.85",
"855","100",,"59.49","17.39","8","6.2","524.43","cold/snow","Temperate Broadleaf & Mixed Forests",,,"0","20",,"Eutric Cambisol","cropland",,,,"bulk soil",,"260","51","126","11","3980.3","1685.3","2295",,,,,,"16","1.4","7.6",,"7.15","52","40.85",
"856","100",,"59.49","17.39","8","6.2","524.43","cold/snow","Temperate Broadleaf & Mixed Forests",,,"0","20",,"Eutric Cambisol","cropland",,,,"bulk soil",,"187","39","112","11","2937.4","1182.4","1755",,,,,,"16","1.4","7.6",,"7.15","52","40.85",
"857","100",,"59.49","17.39","8","6.2","524.43","cold/snow","Temperate Broadleaf & Mixed Forests",,,"0","20",,"Eutric Cambisol","cropland",,,,"bulk soil",,"364","57","159","11","5109.3","2544.3","2565",,,,,,"16","1.4","7.6",,"7.15","52","40.85",
"858","100",,"59.49","17.39","8","6.2","524.43","cold/snow","Temperate Broadleaf & Mixed Forests",,,"0","20",,"Eutric Cambisol","cropland",,,,"aggregate","<0.020mm","43","16","14","3","901.6","181.6","720",,,,,,"16","1.4","7.6",,"7.15","52","40.85",
"859","100",,"59.49","17.39","8","6.2","524.43","cold/snow","Temperate Broadleaf & Mixed Forests",,,"0","20",,"Eutric Cambisol","cropland",,,,"aggregate","<0.020mm","114","20","21","3","1669.3","769.3","900",,,,,,"16","1.4","7.6",,"7.15","52","40.85",
"860","100",,"59.49","17.39","8","6.2","524.43","cold/snow","Temperate Broadleaf & Mixed Forests",,,"0","20",,"Eutric Cambisol","cropland",,,,"aggregate","<0.020mm","91","19","18","4","1430.1","575.1","855",,,,,,"16","1.4","7.6",,"7.15","52","40.85",
"861","100",,"59.49","17.39","8","6.2","524.43","cold/snow","Temperate Broadleaf & Mixed Forests",,,"0","20",,"Eutric Cambisol","cropland",,,,"aggregate","<0.020mm","99","22","21","3","1598.6","608.6","990",,,,,,"16","1.4","7.6",,"7.15","52","40.85",
"862","100",,"59.49","17.39","8","6.2","524.43","cold/snow","Temperate Broadleaf & Mixed Forests",,,"0","20",,"Eutric Cambisol","cropland",,,,"aggregate","<0.020mm","118","24","23","4","1833.9","753.9","1080",,,,,,"16","1.4","7.6",,"7.15","52","40.85",
"863","100",,"59.49","17.39","8","6.2","524.43","cold/snow","Temperate Broadleaf & Mixed Forests",,,"0","20",,"Eutric Cambisol","cropland",,,,"aggregate","<0.020mm","79","18","17","3","1289.9","479.9","810",,,,,,"16","1.4","7.6",,"7.15","52","40.85",
"864","100",,"59.49","17.39","8","6.2","524.43","cold/snow","Temperate Broadleaf & Mixed Forests",,,"0","20",,"Eutric Cambisol","cropland",,,,"aggregate","<0.020mm","93","22","18","3","1544.6","554.6","990",,,,,,"16","1.4","7.6",,"7.15","52","40.85",
"865","100",,"59.49","17.39","8","6.2","524.43","cold/snow","Temperate Broadleaf & Mixed Forests",,,"0","20",,"Eutric Cambisol","cropland",,,,"aggregate","<0.020mm","81","21","17","3","1404.4","459.4","945",,,,,,"16","1.4","7.6",,"7.15","52","40.85",
"866","100",,"59.49","17.39","8","6.2","524.43","cold/snow","Temperate Broadleaf & Mixed Forests",,,"0","20",,"Eutric Cambisol","cropland",,,,"aggregate","<0.020mm","101","22","21","3","1616.6","626.6","990",,,,,,"16","1.4","7.6",,"7.15","52","40.85",
"867","100",,"59.49","17.39","8","6.2","524.43","cold/snow","Temperate Broadleaf & Mixed Forests",,,"0","20",,"Eutric Cambisol","cropland",,,,"aggregate","<0.020mm","84","18","18","3","1334.9","524.9","810",,,,,,"16","1.4","7.6",,"7.15","52","40.85",
"868","100",,"59.49","17.39","8","6.2","524.43","cold/snow","Temperate Broadleaf & Mixed Forests",,,"0","20",,"Eutric Cambisol","cropland",,,,"aggregate","<0.020mm","90","17","18","3","1356.8","591.8","765",,,,,,"16","1.4","7.6",,"7.15","52","40.85",
"869","100",,"59.49","17.39","8","6.2","524.43","cold/snow","Temperate Broadleaf & Mixed Forests",,,"0","20",,"Eutric Cambisol","cropland",,,,"aggregate","<0.020mm","106","18","20","3","1532.9","722.9","810",,,,,,"16","1.4","7.6",,"7.15","52","40.85",
"870","100",,"59.49","17.39","8","6.2","524.43","cold/snow","Temperate Broadleaf & Mixed Forests",,,"0","20",,"Eutric Cambisol","cropland",,,,"aggregate","<0.020mm","122","20","23","4","1741.3","841.3","900",,,,,,"16","1.4","7.6",,"7.15","52","40.85",
"871","100",,"59.49","17.39","8","6.2","524.43","cold/snow","Temperate Broadleaf & Mixed Forests",,,"0","20",,"Eutric Cambisol","cropland",,,,"aggregate","<0.020mm","64","18","16","3","1154.9","344.9","810",,,,,,"16","1.4","7.6",,"7.15","52","40.85",
"872","100",,"59.49","17.39","8","6.2","524.43","cold/snow","Temperate Broadleaf & Mixed Forests",,,"0","20",,"Eutric Cambisol","cropland",,,,"aggregate","<0.020mm","86","21","18","3","1449.4","504.4","945",,,,,,"16","1.4","7.6",,"7.15","52","40.85",
"873","100",,"59.49","17.39","8","6.2","524.43","cold/snow","Temperate Broadleaf & Mixed Forests",,,"0","20",,"Eutric Cambisol","cropland",,,,"aggregate","<0.020mm","77","19","18","3","1304.1","449.1","855",,,,,,"16","1.4","7.6",,"7.15","52","40.85",
"874","100",,"59.49","17.39","8","6.2","524.43","cold/snow","Temperate Broadleaf & Mixed Forests",,,"0","20",,"Eutric Cambisol","cropland",,,,"aggregate","<0.020mm","92","18","21","3","1406.9","596.9","810",,,,,,"16","1.4","7.6",,"7.15","52","40.85",
"875","99",,"51.4","11.883",,"8.52","520.69","temperate","Temperate Broadleaf & Mixed Forests","amendment","NPK",,,,,"cropland",,,,"bulk soil",,"203.02","18.48",,,"2421.6","1590","831.6",,,,,,,,,,,,,
"876","99",,"51.4","11.883",,"8.52","520.69","temperate","Temperate Broadleaf & Mixed Forests","amendment","NPK",,,,,"cropland",,,,"bulk soil",,"475.47","28.43",,,"5193.6","3914.3","1279.3",,,,,,,,,,,,,
"877","98",,"42.03","116.28",,"2.42","408.42","cold/snow","Temperate Grasslands, Savannas & Shrublands","warming; precipitation","C","0","10",,,"grassland",,,,"bulk soil",,"1142.67","73.2912",,,"12641.3","9343.2","3298.1",,,"534.36",,,"21.15",,"7.12",,"0.36",,,
"878","98",,"42.03","116.28",,"2.42","408.42","cold/snow","Temperate Grasslands, Savannas & Shrublands","warming; precipitation","P","0","10",,,"grassland",,,,"bulk soil",,"1248.55","73.4701",,,"13600","10293.8","3306.2",,,"595.72",,,"21.95",,"7",,,,,
"879","98",,"42.03","116.28",,"2.42","408.42","cold/snow","Temperate Grasslands, Savannas & Shrublands","warming; precipitation","W","0","10",,,"grassland",,,,"bulk soil",,"1033.79","70.1164",,,"11559.2","8404","3155.2",,,"448.56",,,"19.81",,"7",,,,,
"880","98",,"42.03","116.28",,"2.42","408.42","cold/snow","Temperate Grasslands, Savannas & Shrublands","warming; precipitation","PW","0","10",,,"grassland",,,,"bulk soil",,"1178.44","73.8234",,,"12980.4","9658.3","3322.1",,,"547.71",,,"21.51",,"7",,,,,
"881","97",,"41.53","122.38",,"8.55","653.51","cold/snow","Temperate Broadleaf & Mixed Forests","amendment","CT-0year","0","10",,,"cropland",,,,"bulk soil",,,,,,"6614.48",,,,,,,"10.7289","10.73",,"5.8",,"2.8",,,
"882","97",,"41.53","122.38",,"8.55","653.51","cold/snow","Temperate Broadleaf & Mixed Forests","amendment","CT-1year","0","10",,,"cropland",,,,"bulk soil",,,,,,"6951.17",,,,,,,"11.2472","11.25",,,,"21","66","13",
"883","97",,"41.53","122.38",,"8.55","653.51","cold/snow","Temperate Broadleaf & Mixed Forests","amendment","CT-2year","0","10",,,"cropland",,,,"bulk soil",,,,,,"7087.81",,,,,,,"11.3558","11.36",,,,"21","66","13",
"884","97",,"41.53","122.38",,"8.55","653.51","cold/snow","Temperate Broadleaf & Mixed Forests","amendment","CT-3year","0","10",,,"cropland",,,,"bulk soil",,,,,,"7255.21",,,,,,,"11.0544","11.05",,,,"21","66","13",
"885","97",,"41.53","122.38",,"8.55","653.51","cold/snow","Temperate Broadleaf & Mixed Forests","amendment","CT-4year","0","10",,,"cropland",,,,"bulk soil",,,,,,"7530.3",,,,,,,"11.4782","11.48",,,,"21","66","13",
"886","97",,"41.53","122.38",,"8.55","653.51","cold/snow","Temperate Broadleaf & Mixed Forests","amendment","CT-5year","0","10",,,"cropland",,,,"bulk soil",,,,,,"7436.17",,,,,,,"11.303","11.30",,,,"21","66","13",
"887","97",,"41.53","122.38",,"8.55","653.51","cold/snow","Temperate Broadleaf & Mixed Forests","amendment","CT-6year","0","10",,,"cropland",,,,"bulk soil",,,,,,"7511.32",,,,,,,"11.4745","11.47",,,,"21","66","13",
"888","97",,"41.53","122.38",,"8.55","653.51","cold/snow","Temperate Broadleaf & Mixed Forests","amendment","CT-7year","0","10",,,"cropland",,,,"bulk soil",,,,,,"7786.41",,,,,,,"11.3781","11.38",,,,"21","66","13",
"889","97",,"41.53","122.38",,"8.55","653.51","cold/snow","Temperate Broadleaf & Mixed Forests","amendment","CT-8year","0","10",,,"cropland",,,,"bulk soil",,,,,,"7784.58",,,,,,,"11.455","11.46",,,,"21","66","13",
"890","97",,"41.53","122.38",,"8.55","653.51","cold/snow","Temperate Broadleaf & Mixed Forests","amendment","Straw mulch-0year","0","10",,,"cropland",,,,"bulk soil",,,,,,"6645.25",,,,,,,"10.2874","10.29",,,,"21","66","13",
"891","97",,"41.53","122.38",,"8.55","653.51","cold/snow","Temperate Broadleaf & Mixed Forests","amendment","Straw mulch-1year","0","10",,,"cropland",,,,"bulk soil",,,,,,"6981.88",,,,,,,"10.7743","10.77",,,,"21","66","13",
"892","97",,"41.53","122.38",,"8.55","653.51","cold/snow","Temperate Broadleaf & Mixed Forests","amendment","Straw mulch-2year","0","10",,,"cropland",,,,"bulk soil",,,,,,"7549.29",,,,,,,"11.072","11.07",,,,"21","66","13",
"893","97",,"41.53","122.38",,"8.55","653.51","cold/snow","Temperate Broadleaf & Mixed Forests","amendment","Straw mulch-3year","0","10",,,"cropland",,,,"bulk soil",,,,,,"8070.66",,,,,,,"11.1017","11.10",,,,"21","66","13",
"894","97",,"41.53","122.38",,"8.55","653.51","cold/snow","Temperate Broadleaf & Mixed Forests","amendment","Straw mulch-4year","0","10",,,"cropland",,,,"bulk soil",,,,,,"8714.88",,,,,,,"11.9984","12.00",,,,"21","66","13",
"895","97",,"41.53","122.38",,"8.55","653.51","cold/snow","Temperate Broadleaf & Mixed Forests","amendment","Straw mulch-5year","0","10",,,"cropland",,,,"bulk soil",,,,,,"8436.12",,,,,,,"12.107","12.11",,,,"21","66","13",
"896","97",,"41.53","122.38",,"8.55","653.51","cold/snow","Temperate Broadleaf & Mixed Forests","amendment","Straw mulch-6year","0","10",,,"cropland",,,,"bulk soil",,,,,,"8665.18",,,,,,,"12.1209","12.12",,,,"21","66","13",
"897","97",,"41.53","122.38",,"8.55","653.51","cold/snow","Temperate Broadleaf & Mixed Forests","amendment","Straw mulch-7year","0","10",,,"cropland",,,,"bulk soil",,,,,,"9155.61",,,,,,,"12.0875","12.09",,,,"21","66","13",
"898","97",,"41.53","122.38",,"8.55","653.51","cold/snow","Temperate Broadleaf & Mixed Forests","amendment","Straw mulch-8year","0","10",,,"cropland",,,,"bulk soil",,,,,,"9538.45",,,,,,,"12.5902","12.59",,,,"21","66","13",
"899","97",,"41.53","122.38",,"8.55","653.51","cold/snow","Temperate Broadleaf & Mixed Forests","amendment","CT-0year","10","20",,,"cropland",,,,"bulk soil",,,,,,"6238.03",,,,,,,"10.2053","10.21",,,,"21","66","13",
"900","97",,"41.53","122.38",,"8.55","653.51","cold/snow","Temperate Broadleaf & Mixed Forests","amendment","CT-1year","10","20",,,"cropland",,,,"bulk soil",,,,,,"6456.31",,,,,,,"10.2842","10.28",,,,"21","66","13",
"901","97",,"41.53","122.38",,"8.55","653.51","cold/snow","Temperate Broadleaf & Mixed Forests","amendment","CT-2year","10","20",,,"cropland",,,,"bulk soil",,,,,,"6674.64",,,,,,,"10.3","10.30",,,,"21","66","13",
"902","97",,"41.53","122.38",,"8.55","653.51","cold/snow","Temperate Broadleaf & Mixed Forests","amendment","CT-3year","10","20",,,"cropland",,,,"bulk soil",,,,,,"6877.52",,,,,,,"10.3158","10.32",,,,"21","66","13",
"903","97",,"41.53","122.38",,"8.55","653.51","cold/snow","Temperate Broadleaf & Mixed Forests","amendment","CT-4year","10","20",,,"cropland",,,,"bulk soil",,,,,,"6801.98",,,,,,,"10.2684","10.27",,,,"21","66","13",
"904","97",,"41.53","122.38",,"8.55","653.51","cold/snow","Temperate Broadleaf & Mixed Forests","amendment","CT-5year","10","20",,,"cropland",,,,"bulk soil",,,,,,"6819.28",,,,,,,"10.2368","10.24",,,,"21","66","13",
"905","97",,"41.53","122.38",,"8.55","653.51","cold/snow","Temperate Broadleaf & Mixed Forests","amendment","CT-6year","10","20",,,"cropland",,,,"bulk soil",,,,,,"6697.41",,,,,,,"10.2526","10.25",,,,"21","66","13",
"906","97",,"41.53","122.38",,"8.55","653.51","cold/snow","Temperate Broadleaf & Mixed Forests","amendment","CT-7year","10","20",,,"cropland",,,,"bulk soil",,,,,,"6884.82",,,,,,,"10.2211","10.22",,,,"21","66","13",
"907","97",,"41.53","122.38",,"8.55","653.51","cold/snow","Temperate Broadleaf & Mixed Forests","amendment","CT-8year","10","20",,,"cropland",,,,"bulk soil",,,,,,"6855.67",,,,,,,"10.2368","10.24",,,,"21","66","13",
"908","97",,"41.53","122.38",,"8.55","653.51","cold/snow","Temperate Broadleaf & Mixed Forests","amendment","Straw mulch-0year","10","20",,,"cropland",,,,"bulk soil",,,,,,"6268.96",,,,,,,"10.1263","10.13",,,,"21","66","13",
"909","97",,"41.53","122.38",,"8.55","653.51","cold/snow","Temperate Broadleaf & Mixed Forests","amendment","Straw mulch-1year","10","20",,,"cropland",,,,"bulk soil",,,,,,"6409.92",,,,,,,"10.3158","10.32",,,,"21","66","13",
"910","97",,"41.53","122.38",,"8.55","653.51","cold/snow","Temperate Broadleaf & Mixed Forests","amendment","Straw mulch-2year","10","20",,,"cropland",,,,"bulk soil",,,,,,"6767.43",,,,,,,"10.3474","10.35",,,,"21","66","13",
"911","97",,"41.53","122.38",,"8.55","653.51","cold/snow","Temperate Broadleaf & Mixed Forests","amendment","Straw mulch-3year","10","20",,,"cropland",,,,"bulk soil",,,,,,"7016.69",,,,,,,"10.3474","10.35",,,,"21","66","13",
"912","97",,"41.53","122.38",,"8.55","653.51","cold/snow","Temperate Broadleaf & Mixed Forests","amendment","Straw mulch-4year","10","20",,,"cropland",,,,"bulk soil",,,,,,"6956.67",,,,,,,"10.2842","10.28",,,,"21","66","13",
"913","97",,"41.53","122.38",,"8.55","653.51","cold/snow","Temperate Broadleaf & Mixed Forests","amendment","Straw mulch-5year","10","20",,,"cropland",,,,"bulk soil",,,,,,"6881.08",,,,,,,"10.3158","10.32",,,,"21","66","13",
"914","97",,"41.53","122.38",,"8.55","653.51","cold/snow","Temperate Broadleaf & Mixed Forests","amendment","Straw mulch-6year","10","20",,,"cropland",,,,"bulk soil",,,,,,"6805.66",,,,,,,"10.3474","10.35",,,,"21","66","13",
"915","97",,"41.53","122.38",,"8.55","653.51","cold/snow","Temperate Broadleaf & Mixed Forests","amendment","Straw mulch-7year","10","20",,,"cropland",,,,"bulk soil",,,,,,"6900.22",,,,,,,"10.5053","10.51",,,,"21","66","13",
"916","97",,"41.53","122.38",,"8.55","653.51","cold/snow","Temperate Broadleaf & Mixed Forests","amendment","Straw mulch-8year","10","20",,,"cropland",,,,"bulk soil",,,,,,"6886.6",,,,,,,"10.3632","10.36",,,,"21","66","13",
"917","96",,"39.96","115.43","1400","7.21","545.44","cold/snow","Temperate Broadleaf & Mixed Forests",,"Betula platyphylla","0","10",,"Alfisol","forest",,,,"bulk soil",,"2874.56","114.443",,,"29551.8","24401.9","5149.9",,,,,,"67.20","5.18","7.64",,"31","30","39",
"918","96",,"39.96","115.43","1400","7.21","545.44","cold/snow","Temperate Broadleaf & Mixed Forests",,"Betula platyphylla","0","10",,"Alfisol","forest",,,,"bulk soil",,"3607.92","202.4",,,"38981.1","29873.1","9108",,,,,,"77.80","6.5","7.08",,"5","46","49",
"919","96",,"39.96","115.43","1250","7.21","545.44","cold/snow","Temperate Broadleaf & Mixed Forests",,"Quercus wutaishanica","0","10",,"Alfisol","forest",,,,"bulk soil",,"1971.02","84.3384",,,"20451.7","16656.5","3795.2",,,,,,"42.10","2.98","6.8",,"5","46","49",
"920","96",,"39.96","115.43","1250","7.21","545.44","cold/snow","Temperate Broadleaf & Mixed Forests",,"Quercus wutaishanica","0","10",,"Alfisol","forest",,,,"bulk soil",,"2142.91","92.7028",,,"22267.8","18096.2","4171.6",,,,,,"37.80","3.32","6.53",,"6","42","52",
"921","95",,"26.25","105.24","1420","15.53","1253.71","temperate","Tropical & Subtropical Moist Broadleaf Forests",,,"0","10",,"Mollic Inceptisols","cropland",,,,"bulk soil",,"266.96","48.44",,,"3960.6","1780.8","2179.8",,,,,,"24.70","2.5",,,,,,
"922","95",,"26.25","105.24","1420","15.53","1253.71","temperate","Tropical & Subtropical Moist Broadleaf Forests",,,"10","30",,"Mollic Inceptisols","cropland",,,,"bulk soil",,"160.55","30.33",,,"2420.4","1055.6","1364.8",,,,,,"21.00","2.1","6.8",,,,,
"923","94",,"30","117",,"17.22","1637.48","temperate","Temperate Broadleaf & Mixed Forests",,,"0","5",,,"wetland",,,,"bulk soil",,,,,,"676.168","574.401","101.767",,,,,,,,,,,,,
"924","94",,"30","117",,"17.22","1637.48","temperate","Temperate Broadleaf & Mixed Forests",,,"0","5",,,"wetland",,,,"bulk soil",,,,,,"992.662","814.57","178.092",,,,,,,,,,,,,
"925","94",,"30","117",,"17.22","1637.48","temperate","Temperate Broadleaf & Mixed Forests",,,"0","5",,,"wetland",,,,"bulk soil",,,,,,"433.817","374.453","59.364",,,,,,,,,,,,,
"926","94",,"30","117",,"17.22","1637.48","temperate","Temperate Broadleaf & Mixed Forests",,,"0","5",,,"wetland",,,,"bulk soil",,,,,,"1591.274","1464.066","127.208",,,,,,,,,,,,,
"927","94",,"30","117",,"17.22","1637.48","temperate","Temperate Broadleaf & Mixed Forests",,,"0","5",,,"wetland",,,,"bulk soil",,,,,,"1930.211","1788.868","141.343",,,,,,,,,,,,,
"928","94",,"30","117",,"17.22","1637.48","temperate","Temperate Broadleaf & Mixed Forests",,,"0","5",,,"wetland",,,,"bulk soil",,,,,,"1736.583","1631.989","104.594",,,,,,,,,,,,,
"929","94",,"30","117",,"17.22","1637.48","temperate","Temperate Broadleaf & Mixed Forests",,,"0","5",,,"wetland",,,,"bulk soil",,,,,,"2016.034","1857.73","158.304",,,,,,,,,,,,,
"930","94",,"30","117",,"17.22","1637.48","temperate","Temperate Broadleaf & Mixed Forests",,,"0","5",,,"wetland",,,,"bulk soil",,,,,,"2811.43","2463.727","347.703",,,,,,,,,,,,,
"931","94",,"30","117",,"17.22","1637.48","temperate","Temperate Broadleaf & Mixed Forests",,,"0","5",,,"wetland",,,,"bulk soil",,,,,,"2227.917","2066.786","161.131",,,,,,,,,,,,,
"932","94",,"30","117",,"17.22","1637.48","temperate","Temperate Broadleaf & Mixed Forests",,,"0","5",,,"wetland",,,,"bulk soil",,,,,,"1509.058","1356.408","152.65",,,,,,,,,,,,,
"933","94",,"30","117",,"17.22","1637.48","temperate","Temperate Broadleaf & Mixed Forests",,,"0","5",,,"wetland",,,,"bulk soil",,,,,,"1576.014","1369.654","206.36",,,,,,,,,,,,,
"934","94",,"30","117",,"17.22","1637.48","temperate","Temperate Broadleaf & Mixed Forests",,,"0","5",,,"wetland",,,,"bulk soil",,,,,,"1464.696","1340.314","124.382",,,,,,,,,,,,,
"935","94",,"30","117",,"17.22","1637.48","temperate","Temperate Broadleaf & Mixed Forests",,,"0","5",,,"wetland",,,,"bulk soil",,,,,,"1552.449","1439.375","113.074",,,,,,,,,,,,,
"936","94",,"30","117",,"17.22","1637.48","temperate","Temperate Broadleaf & Mixed Forests",,,"0","5",,,"wetland",,,,"bulk soil",,,,,,"1517.456","1410.036","107.42",,,,,,,,,,,,,
"937","94",,"30","117",,"17.22","1637.48","temperate","Temperate Broadleaf & Mixed Forests",,,"0","5",,,"wetland",,,,"bulk soil",,,,,,"1090.262","943.266","146.996",,,,,,,,,,,,,
"938","94",,"30","117",,"17.22","1637.48","temperate","Temperate Broadleaf & Mixed Forests",,,"0","5",,,"wetland",,,,"bulk soil",,,,,,"1924.338","1737.766","186.572",,,,,,,,,,,,,
"939","94",,"30","117",,"17.22","1637.48","temperate","Temperate Broadleaf & Mixed Forests",,,"0","5",,,"wetland",,,,"bulk soil",,,,,,"2682.191","2416.467","265.724",,,,,,,,,,,,,
"940","94",,"30","117",,"17.22","1637.48","temperate","Temperate Broadleaf & Mixed Forests",,,"0","5",,,"wetland",,,,"bulk soil",,,,,,"2592.863","2245.16","347.703",,,,,,,,,,,,,
"941","94",,"30","117",,"17.22","1637.48","temperate","Temperate Broadleaf & Mixed Forests",,,"0","5",,,"wetland",,,,"bulk soil",,,,,,"3036.926","2598.763","438.163",,,,,,,,,,,,,
"942","94",,"30","117",,"17.22","1637.48","temperate","Temperate Broadleaf & Mixed Forests",,,"0","5",,,"wetland",,,,"bulk soil",,,,,,"3213.092","2540.3","672.792",,,,,,,,,,,,,
"943","94",,"30","117",,"17.22","1637.48","temperate","Temperate Broadleaf & Mixed Forests",,,"0","5",,,"wetland",,,,"bulk soil",,,,,,"3490.742","2882.968","607.774",,,,,,,,,,,,,
"944","94",,"30","117",,"17.22","1637.48","temperate","Temperate Broadleaf & Mixed Forests",,,"0","5",,,"wetland",,,,"bulk soil",,,,,,"3591.507","3096.807","494.7",,,,,,,,,,,,,
"945","94",,"30","117",,"17.22","1637.48","temperate","Temperate Broadleaf & Mixed Forests",,,"0","5",,,"wetland",,,,"bulk soil",,,,,,"3595.034","3281.253","313.781",,,,,,,,,,,,,
"946","94",,"30","117",,"17.22","1637.48","temperate","Temperate Broadleaf & Mixed Forests",,,"0","5",,,"wetland",,,,"bulk soil",,,,,,"3777.003","3491.491","285.512",,,,,,,,,,,,,
"947","94",,"30","117",,"17.22","1637.48","temperate","Temperate Broadleaf & Mixed Forests",,,"0","5",,,"wetland",,,,"bulk soil",,,,,,"4046.74","3860.168","186.572",,,,,,,,,,,,,
"948","94",,"30","117",,"17.22","1637.48","temperate","Temperate Broadleaf & Mixed Forests",,,"0","5",,,"wetland",,,,"bulk soil",,,,,,"3857.938","3660.058","197.88",,,,,,,,,,,,,
"949","94",,"30","117",,"17.22","1637.48","temperate","Temperate Broadleaf & Mixed Forests",,,"0","5",,,"wetland",,,,"bulk soil",,,,,,"3289.178","3065.856","223.322",,,,,,,,,,,,,
"950","94",,"30","117",,"17.22","1637.48","temperate","Temperate Broadleaf & Mixed Forests",,,"0","5",,,"wetland",,,,"bulk soil",,,,,,"3905.779","3699.419","206.36",,,,,,,,,,,,,
"951","94",,"30","117",,"17.22","1637.48","temperate","Temperate Broadleaf & Mixed Forests",,,"0","5",,,"wetland",,,,"bulk soil",,,,,,"4106.194","3908.314","197.88",,,,,,,,,,,,,
"952","94",,"30","117",,"17.22","1637.48","temperate","Temperate Broadleaf & Mixed Forests",,,"0","5",,,"wetland",,,,"bulk soil",,,,,,"4538.756","4224.975","313.781",,,,,,,,,,,,,
"953","94",,"30","117",,"17.22","1637.48","temperate","Temperate Broadleaf & Mixed Forests",,,"0","5",,,"wetland",,,,"bulk soil",,,,,,"5139.158","4723.61","415.548",,,,,,,,,,,,,
"954","94",,"30","117",,"17.22","1637.48","temperate","Temperate Broadleaf & Mixed Forests",,,"0","5",,,"wetland",,,,"bulk soil",,,,,,"5636.278","5172.674","463.604",,,,,,,,,,,,,
"955","94",,"30","117",,"17.22","1637.48","temperate","Temperate Broadleaf & Mixed Forests",,,"0","5",,,"wetland",,,,"bulk soil",,,,,,"6143.1","5696.457","446.643",,,,,,,,,,,,,
"956","94",,"30","117",,"17.22","1637.48","temperate","Temperate Broadleaf & Mixed Forests",,,"0","5",,,"wetland",,,,"bulk soil",,,,,,"6013.622","5595.247","418.375",,,,,,,,,,,,,
"957","94",,"30","117",,"17.22","1637.48","temperate","Temperate Broadleaf & Mixed Forests",,,"0","5",,,"wetland",,,,"bulk soil",,,,,,"6547.442","5976.417","571.025",,,,,,,,,,,,,
"958","94",,"30","117",,"17.22","1637.48","temperate","Temperate Broadleaf & Mixed Forests",,,"0","5",,,"wetland",,,,"bulk soil",,,,,,"6824.736","6216.962","607.774",,,,,,,,,,,,,
"959","94",,"30","117",,"17.22","1637.48","temperate","Temperate Broadleaf & Mixed Forests",,,"0","5",,,"wetland",,,,"bulk soil",,,,,,"6967.927","6300.789","667.138",,,,,,,,,,,,,
"960","94",,"30","117",,"17.22","1637.48","temperate","Temperate Broadleaf & Mixed Forests",,,"0","5",,,"wetland",,,,"bulk soil",,,,,,"6953.313","6272.041","681.272",,,,,,,,,,,,,
"961","94",,"30","117",,"17.22","1637.48","temperate","Temperate Broadleaf & Mixed Forests",,,"0","5",,,"wetland",,,,"bulk soil",,,,,,"6830.022","6739.563","90.459",,,,,,,,,,,,,
"962","94",,"30","117",,"17.22","1637.48","temperate","Temperate Broadleaf & Mixed Forests",,,"0","5",,,"wetland",,,,"bulk soil",,,,,,"8611.741","7560.151","1051.59",,,,,,,,,,,,,
"963","94",,"30","117",,"17.22","1637.48","temperate","Temperate Broadleaf & Mixed Forests",,,"0","5",,,"wetland",,,,"bulk soil",,,,,,"7943.533","7530.812","412.721",,,,,,,,,,,,,
"964","94",,"30","117",,"17.22","1637.48","temperate","Temperate Broadleaf & Mixed Forests",,,"0","5",,,"wetland",,,,"bulk soil",,,,,,"551.417","254.597","296.82",,,,,,,,,,,,,
"965","94",,"30","117",,"17.22","1637.48","temperate","Temperate Broadleaf & Mixed Forests",,,"0","5",,,"wetland",,,,"bulk soil",,,,,,"300.111","181.383","118.728",,,,,,,,,,,,,
"966","94",,"30","117",,"17.22","1637.48","temperate","Temperate Broadleaf & Mixed Forests",,,"0","5",,,"wetland",,,,"bulk soil",,,,,,"507.501","349.197","158.304",,,,,,,,,,,,,
"967","94",,"30","117",,"17.22","1637.48","temperate","Temperate Broadleaf & Mixed Forests",,,"0","5",,,"wetland",,,,"bulk soil",,,,,,"308.801","65.691","243.11",,,,,,,,,,,,,
"968","94",,"30","117",,"17.22","1637.48","temperate","Temperate Broadleaf & Mixed Forests",,,"0","5",,,"wetland",,,,"bulk soil",,,,,,"383.474","162.979","220.495",,,,,,,,,,,,,
"969","94",,"30","117",,"17.22","1637.48","temperate","Temperate Broadleaf & Mixed Forests",,,"0","5",,,"wetland",,,,"bulk soil",,,,,,"366.867","160.507","206.36",,,,,,,,,,,,,
"970","94",,"30","117",,"17.22","1637.48","temperate","Temperate Broadleaf & Mixed Forests",,,"0","5",,,"wetland",,,,"bulk soil",,,,,,"1178.868","941.412","237.456",,,,,,,,,,,,,
"971","94",,"30","117",,"17.22","1637.48","temperate","Temperate Broadleaf & Mixed Forests",,,"0","5",,,"wetland",,,,"bulk soil",,,,,,"1656.294","1291.63","364.664",,,,,,,,,,,,,
"972","94",,"30","117",,"17.22","1637.48","temperate","Temperate Broadleaf & Mixed Forests",,,"0","5",,,"wetland",,,,"bulk soil",,,,,,"2057.779","1758.132","299.647",,,,,,,,,,,,,
"973","94",,"30","117",,"17.22","1637.48","temperate","Temperate Broadleaf & Mixed Forests",,,"0","5",,,"wetland",,,,"bulk soil",,,,,,"1038.399","724.618","313.781",,,,,,,,,,,,,
"974","94",,"30","117",,"17.22","1637.48","temperate","Temperate Broadleaf & Mixed Forests",,,"0","5",,,"wetland",,,,"bulk soil",,,,,,"1400.827","1160.544","240.283",,,,,,,,,,,,,
"975","94",,"30","117",,"17.22","1637.48","temperate","Temperate Broadleaf & Mixed Forests",,,"0","5",,,"wetland",,,,"bulk soil",,,,,,"1328.828","1046.142","282.686",,,,,,,,,,,,,
"976","94",,"30","117",,"17.22","1637.48","temperate","Temperate Broadleaf & Mixed Forests",,,"0","5",,,"wetland",,,,"bulk soil",,,,,,"784.372","546.916","237.456",,,,,,,,,,,,,
"977","94",,"30","117",,"17.22","1637.48","temperate","Temperate Broadleaf & Mixed Forests",,,"0","5",,,"wetland",,,,"bulk soil",,,,,,"1360.728","1126.099","234.629",,,,,,,,,,,,,
"978","94",,"30","117",,"17.22","1637.48","temperate","Temperate Broadleaf & Mixed Forests",,,"0","5",,,"wetland",,,,"bulk soil",,,,,,"1666.756","1508.452","158.304",,,,,,,,,,,,,
"979","94",,"30","117",,"17.22","1637.48","temperate","Temperate Broadleaf & Mixed Forests",,,"0","5",,,"wetland",,,,"bulk soil",,,,,,"1791.448","1593.568","197.88",,,,,,,,,,,,,
"980","94",,"30","117",,"17.22","1637.48","temperate","Temperate Broadleaf & Mixed Forests",,,"0","5",,,"wetland",,,,"bulk soil",,,,,,"1785.017","1539.081","245.936",,,,,,,,,,,,,
"981","94",,"30","117",,"17.22","1637.48","temperate","Temperate Broadleaf & Mixed Forests",,,"0","5",,,"wetland",,,,"bulk soil",,,,,,"1754.922","1497.678","257.244",,,,,,,,,,,,,
"982","94",,"30","117",,"17.22","1637.48","temperate","Temperate Broadleaf & Mixed Forests",,,"0","5",,,"wetland",,,,"bulk soil",,,,,,"1786.46","1597.061","189.399",,,,,,,,,,,,,
"983","94",,"30","117",,"17.22","1637.48","temperate","Temperate Broadleaf & Mixed Forests",,,"0","5",,,"wetland",,,,"bulk soil",,,,,,"1663.276","1485.184","178.092",,,,,,,,,,,,,
"984","94",,"30","117",,"17.22","1637.48","temperate","Temperate Broadleaf & Mixed Forests",,,"0","5",,,"wetland",,,,"bulk soil",,,,,,"2159.649","1865.656","293.993",,,,,,,,,,,,,
"985","94",,"30","117",,"17.22","1637.48","temperate","Temperate Broadleaf & Mixed Forests",,,"0","5",,,"wetland",,,,"bulk soil",,,,,,"2771.889","2248.921","522.968",,,,,,,,,,,,,
"986","94",,"30","117",,"17.22","1637.48","temperate","Temperate Broadleaf & Mixed Forests",,,"0","5",,,"wetland",,,,"bulk soil",,,,,,"3091.195","2602.149","489.046",,,,,,,,,,,,,
"987","94",,"30","117",,"17.22","1637.48","temperate","Temperate Broadleaf & Mixed Forests",,,"0","5",,,"wetland",,,,"bulk soil",,,,,,"2374.132","1691.446","682.686",,,,,,,,,,,,,
"988","94",,"30","117",,"17.22","1637.48","temperate","Temperate Broadleaf & Mixed Forests",,,"0","5",,,"wetland",,,,"bulk soil",,,,,,"2322.282","1762.565","559.717",,,,,,,,,,,,,
"989","94",,"30","117",,"17.22","1637.48","temperate","Temperate Broadleaf & Mixed Forests",,,"0","5",,,"wetland",,,,"bulk soil",,,,,,"3058.004","2243.87","814.134",,,,,,,,,,,,,
"990","94",,"30","117",,"17.22","1637.48","temperate","Temperate Broadleaf & Mixed Forests",,,"0","5",,,"wetland",,,,"bulk soil",,,,,,"1627.646","1121.639","506.007",,,,,,,,,,,,,
"991","94",,"30","117",,"17.22","1637.48","temperate","Temperate Broadleaf & Mixed Forests",,,"0","5",,,"wetland",,,,"bulk soil",,,,,,"1758.015","1432.927","325.088",,,,,,,,,,,,,
"992","94",,"30","117",,"17.22","1637.48","temperate","Temperate Broadleaf & Mixed Forests",,,"0","5",,,"wetland",,,,"bulk soil",,,,,,"2389.723","1999.617","390.106",,,,,,,,,,,,,
"993","94",,"30","117",,"17.22","1637.48","temperate","Temperate Broadleaf & Mixed Forests",,,"0","5",,,"wetland",,,,"bulk soil",,,,,,"2461.747","2128.178","333.569",,,,,,,,,,,,,
"994","94",,"30","117",,"17.22","1637.48","temperate","Temperate Broadleaf & Mixed Forests",,,"0","5",,,"wetland",,,,"bulk soil",,,,,,"2957.492","2539.117","418.375",,,,,,,,,,,,,
"995","94",,"30","117",,"17.22","1637.48","temperate","Temperate Broadleaf & Mixed Forests",,,"0","5",,,"wetland",,,,"bulk soil",,,,,,"3364.397","2934.715","429.682",,,,,,,,,,,,,
"996","94",,"30","117",,"17.22","1637.48","temperate","Temperate Broadleaf & Mixed Forests",,,"0","5",,,"wetland",,,,"bulk soil",,,,,,"3133.271","2748.819","384.452",,,,,,,,,,,,,
"997","94",,"30","117",,"17.22","1637.48","temperate","Temperate Broadleaf & Mixed Forests",,,"0","5",,,"wetland",,,,"bulk soil",,,,,,"3849.681","3287.137","562.544",,,,,,,,,,,,,
"998","94",,"30","117",,"17.22","1637.48","temperate","Temperate Broadleaf & Mixed Forests",,,"0","5",,,"wetland",,,,"bulk soil",,,,,,"3855.74","3273.408","582.332",,,,,,,,,,,,,
"999","94",,"30","117",,"17.22","1637.48","temperate","Temperate Broadleaf & Mixed Forests",,,"0","5",,,"wetland",,,,"bulk soil",,,,,,"4470.769","3939.32","531.449",,,,,,,,,,,,,
"1000","94",,"30","117",,"17.22","1637.48","temperate","Temperate Broadleaf & Mixed Forests",,,"0","5",,,"wetland",,,,"bulk soil",,,,,,"4682.478","4009.686","672.792",,,,,,,,,,,,,
"1001","94",,"30","117",,"17.22","1637.48","temperate","Temperate Broadleaf & Mixed Forests",,,"0","5",,,"wetland",,,,"bulk soil",,,,,,"4701.696","4051.519","650.177",,,,,,,,,,,,,
"1002","94",,"30","117",,"17.22","1637.48","temperate","Temperate Broadleaf & Mixed Forests",,,"0","5",,,"wetland",,,,"bulk soil",,,,,,"6040.215","4530.674","1509.541",,,,,,,,,,,,,
"1003","94",,"30","117",,"17.22","1637.48","temperate","Temperate Broadleaf & Mixed Forests",,,"0","5",,,"wetland",,,,"bulk soil",,,,,,"5419.432","5179.149","240.283",,,,,,,,,,,,,
"1004","93",,"42.38","123.93","65","7.57","754.89","cold/snow","Temperate Broadleaf & Mixed Forests","cover crop","control","0","10",,"Acrisol","cropland",,,,"bulk soil",,"2036.1","99.45",,,"21523.5","17048.3","4475.2",,,,,"8.6",,"0.05","6.3",,,,,
"1005","93",,"42.38","123.93","65","7.57","754.89","cold/snow","Temperate Broadleaf & Mixed Forests","cover crop","control","0","10",,"Acrisol","cropland",,,,"bulk soil",,"1526","86.05",,,"16501.6","12629.4","3872.2",,,,,"8.6",,"0.05","6.3",,,,,
"1006","93",,"42.38","123.93","65","7.57","754.89","cold/snow","Temperate Broadleaf & Mixed Forests","cover crop","control","0","10",,"Acrisol","cropland",,,,"bulk soil",,"1692.18","84.13",,,"17935.4","14149.6","3785.8",,,,,"8.6",,"0.05","6.3",,,,,
"1007","93",,"42.38","123.93","65","7.57","754.89","cold/snow","Temperate Broadleaf & Mixed Forests","cover crop","NMS","0","10",,"Acrisol","cropland",,,,"bulk soil",,"1323.59","118.89",,,"15736.1","10386.1","5350",,,,,,,,,,,,,
"1008","93",,"42.38","123.93","65","7.57","754.89","cold/snow","Temperate Broadleaf & Mixed Forests","cover crop","RCS","0","10",,"Acrisol","cropland",,,,"bulk soil",,"2413.45","210.2",,,"28481.7","19022.7","9459",,,,,,,,,,,,,
"1009","93",,"42.38","123.93","65","7.57","754.89","cold/snow","Temperate Broadleaf & Mixed Forests","cover crop","RES","0","10",,"Acrisol","cropland",,,,"bulk soil",,"1796.15","98.96",,,"19348.2","14895","4453.2",,,,,,,,,,,,,
"1010","92",,"46.49","-106.14","825","7.86","346.53","arid","Temperate Grasslands, Savannas & Shrublands",,,"0","10",,"Haplic Yertisols","grassland",,,,"bulk soil",,"402","85","211",,"6351.8","2526.8","3825",,,"498.49",,,"25.8","3.1",,,"45.2","32.2","22.8",
"1011","92",,"-3.05","-60.36","175","26.9","2225.79","equatorial","Tropical & Subtropical Moist Broadleaf Forests",,,"0","10",,"Xanthic Ferralsols","forest",,,,"bulk soil",,"190","63","127",,"3736.3","901.3","2835",,,"151.96",,,"13","0.9",,,,,,
"1012","92",,"-3.05","-60.36","175","26.9","2225.79","equatorial","Tropical & Subtropical Moist Broadleaf Forests",,,"0","10",,"Fimic Anthrosols","forest",,,,"bulk soil",,"1522","85","845",,"16431.8","12606.8","3825",,,"205.55",,,"36.2","2.8",,,,,,
"1013","92",,"49.58","51.18","520","7.2","217.59","arid","Temperate Grasslands, Savannas & Shrublands",,,"0","10",,"Aric Anthrosols","forest",,,,"bulk soil",,"951","63","507",,"10585.3","7750.3","2835",,,"825.5",,,"49.4","4",,,,,,
"1014","92",,"40.02","72.39","2900","10.92","236.51","arid","Montane Grasslands & Shrublands",,,"0","10",,"Haplic Phaeozem","grassland",,,,"bulk soil",,"7109","504","4417",,"80191.1","57511.1","22680",,,"360.28",,,"80.8","8.3",,,,,,
"1015","91",,"51.21","11.06","132","8.18","509.17","temperate","Temperate Broadleaf & Mixed Forests",,,"0","10",,"Orthic Luvisols","grassland",,,,"bulk soil",,"550","41",,,"6268.7","4423.7","1845",,,"430","66",,"12.3","1.4","7.4",,"17","80","3",
"1016","91",,"51.21","11.06","132","8.18","509.17","temperate","Temperate Broadleaf & Mixed Forests",,,"0","10",,"Orthic Luvisols","grassland",,,,"bulk soil",,"530","41",,,"6088.7","4243.7","1845",,,"580","84",,"12.3","1.4","7.4",,"17","80","3",
"1017","91",,"51.21","11.06","132","8.18","509.17","temperate","Temperate Broadleaf & Mixed Forests",,,"0","10",,"Orthic Luvisols","grassland",,,,"bulk soil",,"570","47",,,"6641.7","4526.7","2115",,,"500","56",,"12.3","1.4","7.4",,"17","80","3",
"1018","91",,"51.21","11.06","132","8.18","509.17","temperate","Temperate Broadleaf & Mixed Forests",,,"0","10",,"Orthic Luvisols","grassland",,,,"bulk soil",,"470","34",,,"5323.5","3793.5","1530",,,"400","44",,"12.3","1.4","7.4",,"17","80","3",
"1019","91",,"51.21","11.06","132","8.18","509.17","temperate","Temperate Broadleaf & Mixed Forests",,,"0","10",,"Orthic Luvisols","grassland",,,,"bulk soil",,"540","43",,,"6243","4308","1935",,,"380","38",,"12.3","1.4","7.4",,"17","80","3",
"1020","91",,"51.21","11.06","132","8.18","509.17","temperate","Temperate Broadleaf & Mixed Forests",,,"0","10",,"Orthic Luvisols","grassland",,,,"bulk soil",,"530","48",,,"6313.8","4153.8","2160",,,"590","96",,"12.3","1.4","7.4",,"17","80","3",
"1021","91",,"51.21","11.06","132","8.18","509.17","temperate","Temperate Broadleaf & Mixed Forests",,,"0","10",,"Orthic Luvisols","grassland",,,,"bulk soil",,"530","41",,,"6088.7","4243.7","1845",,,"470","75",,"12.3","1.4","7.4",,"17","80","3",
"1022","91",,"51.21","11.06","132","8.18","509.17","temperate","Temperate Broadleaf & Mixed Forests",,,"0","10",,"Orthic Luvisols","grassland",,,,"bulk soil",,"590","45",,,"6757.3","4732.3","2025",,,"640","47",,"12.3","1.4","7.4",,"17","80","3",
"1023","91",,"51.21","11.06","132","8.18","509.17","temperate","Temperate Broadleaf & Mixed Forests",,,"0","10",,"Orthic Luvisols","grassland",,,,"bulk soil",,"530","35",,,"5895.7","4320.7","1575",,,"310","50",,"12.3","1.4","7.4",,"17","80","3",
"1024","91",,"51.21","11.06","132","8.18","509.17","temperate","Temperate Broadleaf & Mixed Forests",,,"0","10",,"Orthic Luvisols","grassland",,,,"bulk soil",,"550","36",,,"6107.9","4487.9","1620",,,"300","43",,"12.3","1.4","7.4",,"17","80","3",
"1025","91",,"51.21","11.06","132","8.18","509.17","temperate","Temperate Broadleaf & Mixed Forests",,,"0","10",,"Orthic Luvisols","grassland",,,,"bulk soil",,"560","39",,,"6294.4","4539.4","1755",,,"260","31",,"12.3","1.4","7.4",,"17","80","3",
"1026","91",,"51.21","11.06","132","8.18","509.17","temperate","Temperate Broadleaf & Mixed Forests",,,"0","10",,"Orthic Luvisols","grassland",,,,"bulk soil",,"530","38",,,"5992.2","4282.2","1710",,,"300","48",,"12.3","1.4","7.4",,"17","80","3",
"1027","91",,"51.21","11.06","132","8.18","509.17","temperate","Temperate Broadleaf & Mixed Forests",,,"0","10",,"Orthic Luvisols","grassland",,,,"bulk soil",,"550","39",,,"6204.4","4449.4","1755",,,"350","54",,"12.3","1.4","7.4",,"17","80","3",
"1028","91",,"51.21","11.06","132","8.18","509.17","temperate","Temperate Broadleaf & Mixed Forests",,,"0","10",,"Orthic Luvisols","grassland",,,,"bulk soil",,"540","37",,,"6050","4385","1665",,,"350","38",,"12.3","1.4","7.4",,"17","80","3",
"1029","91",,"51.21","11.06","132","8.18","509.17","temperate","Temperate Broadleaf & Mixed Forests",,,"0","10",,"Orthic Luvisols","grassland",,,,"bulk soil",,"520","36",,,"5837.9","4217.9","1620",,,"350","52",,"12.3","1.4","7.4",,"17","80","3",
"1030","91",,"51.21","11.06","132","8.18","509.17","temperate","Temperate Broadleaf & Mixed Forests",,,"0","10",,"Orthic Luvisols","grassland",,,,"bulk soil",,"540","40",,,"6146.5","4346.5","1800",,,"210","32",,"12.3","1.4","7.4",,"17","80","3",
"1031","91",,"51.21","11.06","132","8.18","509.17","temperate","Temperate Broadleaf & Mixed Forests",,,"0","10",,"Orthic Luvisols","grassland",,,,"bulk soil",,"530","41",,,"6088.7","4243.7","1845",,,"460",,,"12.3","1.4","7.4",,"17","80","3",
"1032","91",,"51.21","11.06","132","8.18","509.17","temperate","Temperate Broadleaf & Mixed Forests",,,"0","10",,"Orthic Luvisols","grassland",,,,"bulk soil",,"550","45",,,"6397.3","4372.3","2025",,,"570",,,"12.3","1.4","7.4",,"17","80","3",
"1033","91",,"51.21","11.06","132","8.18","509.17","temperate","Temperate Broadleaf & Mixed Forests",,,"0","10",,"Orthic Luvisols","grassland",,,,"bulk soil",,"540","35",,,"5985.7","4410.7","1575",,,"300",,,"12.3","1.4","7.4",,"17","80","3",
"1034","90",,"50.4","8.35","167","8.91","735.67","temperate","Temperate Broadleaf & Mixed Forests",,,"140","160",,"Haplic Luvisols","cropland",,,,"bulk soil",,"140","8",,,"1517.3","1157.3","360",,,"22","3",,"3.6","0.4","8.4",,"24","73","3",
"1035","90",,"51.32","9.56","470","7.08","684.49","temperate","Temperate Broadleaf & Mixed Forests",,,"0","10",,"Haplic Luvisols","cropland",,,,"bulk soil",,"620","50",,,"7188.1","4938.1","2250",,,"316","47.8",,"12.7","1.3","7.7",,"18","79","3",
"1036","90",,"51.32","9.56","470","7.08","684.49","temperate","Temperate Broadleaf & Mixed Forests",,,"0","10",,"Haplic Luvisols","grassland",,,,"bulk soil",,"860","64",,,"9798.4","6918.4","2880",,,"325","47",,"16.3","1.7","6.9",,"17","77","6",
"1037","90",,"51.32","9.56","470","7.08","684.49","temperate","Temperate Broadleaf & Mixed Forests",,,"0","10",,"Luvic Phaeozem","cropland",,,,"bulk soil",,"800","77",,,"9676.5","6211.5","3465",,,"394","52.5",,"17.8","1.8","7",,"22","72","6",
"1038","90",,"51.32","9.56","470","7.08","684.49","temperate","Temperate Broadleaf & Mixed Forests",,,"0","10",,"Luvic Phaeozem","grassland",,,,"bulk soil",,"1060","89",,,"12402.5","8397.5","4005",,,"522","57.8",,"22.3","2.2","7.5",,"23","71","6",
"1039","90",,"51.32","9.56","470","7.08","684.49","temperate","Temperate Broadleaf & Mixed Forests",,,"0","10",,"Gleyic Chernozem","cropland",,,,"bulk soil",,"1130","117",,,"13933.1","8668.1","5265",,,"482","60",,"28.9","3.1","8",,"25","69","6",
"1040","90",,"51.32","9.56","470","7.08","684.49","temperate","Temperate Broadleaf & Mixed Forests",,,"0","10",,"Gleyic Chernozem","grassland",,,,"bulk soil",,"1620","148",,,"19340.1","12680.1","6660",,,"834","119.1",,"40.7","4.1","8.1",,"21","68","11",
"1041","90",,"50.4","8.35","167","8.91","735.67","temperate","Temperate Broadleaf & Mixed Forests",,,"140","160",,"Haplic Luvisols","cropland",,,,"bulk soil",,"130","7",,,"1395.1","1080.1","315",,,"28","3.1",,"3.6","0.4","8.4",,"24","73","3",
"1042","90",,"51.32","9.56","470","7.08","684.49","temperate","Temperate Broadleaf & Mixed Forests",,,"0","10",,"Haplic Luvisols","cropland",,,,"bulk soil",,"550","45",,,"6397.3","4372.3","2025",,,"320","47.2",,"12.7","1.3","7.7",,"18","79","3",
"1043","90",,"51.32","9.56","470","7.08","684.49","temperate","Temperate Broadleaf & Mixed Forests",,,"0","10",,"Haplic Luvisols","grassland",,,,"bulk soil",,"750","57",,,"8583.3","6018.3","2565",,,"380","51",,"16.3","1.7","6.9",,"17","77","6",
"1044","90",,"51.32","9.56","470","7.08","684.49","temperate","Temperate Broadleaf & Mixed Forests",,,"0","10",,"Luvic Phaeozem","cropland",,,,"bulk soil",,"670","64",,,"8088.4","5208.4","2880",,,"441","57",,"17.8","1.8","7",,"22","72","6",
"1045","90",,"51.32","9.56","470","7.08","684.49","temperate","Temperate Broadleaf & Mixed Forests",,,"0","10",,"Luvic Phaeozem","grassland",,,,"bulk soil",,"950","79",,,"11090.9","7535.9","3555",,,"654","82.4",,"22.3","2.2","7.5",,"23","71","6",
"1046","90",,"51.32","9.56","470","7.08","684.49","temperate","Temperate Broadleaf & Mixed Forests",,,"0","10",,"Gleyic Chernozem","cropland",,,,"bulk soil",,"1150","118",,,"14145.2","8835.2","5310",,,"571","76.5",,"28.9","3.1","8",,"25","69","6",
"1047","90",,"51.32","9.56","470","7.08","684.49","temperate","Temperate Broadleaf & Mixed Forests",,,"0","10",,"Gleyic Chernozem","grassland",,,,"bulk soil",,"1530","138",,,"18208.5","11998.5","6210",,,"868","119.7",,"40.7","4.1","8.1",,"21","68","11",
"1048","89",,"44.483","0.783","55-105","12.1","690.84","temperate","Temperate Broadleaf & Mixed Forests",,,"0","25",,,"forest",,"Mature forest",,"bulk soil",,"677.2","14.4",,,"6557.9","5909.9","648",,,,,,"33.50",,"4.3",,,,,
"1049","89",,"44.483","0.783","55-105","12.1","690.84","temperate","Temperate Broadleaf & Mixed Forests",,,"0","25",,,"forest",,"Mature forest",,"bulk soil",,"486.3","14.8",,,"4852.7","4186.7","666",,,,,,"29.60",,"3.5",,,,,
"1050","89",,"44.483","0.783","55-105","12.1","690.84","temperate","Temperate Broadleaf & Mixed Forests",,,"0","25",,,,,,,"bulk soil",,"310.6","9.6",,,"3104.2","2672.2","432",,,,,,"21.70",,"4.5",,,,,
"1051","89",,"44.483","0.783","55-105","12.1","690.84","temperate","Temperate Broadleaf & Mixed Forests",,,"0","25",,,,,,,"bulk soil",,"292.6","9.8",,,"2948.6","2507.6","441",,,,,,"22.60",,"5.6",,,,,
"1052","89",,"44.483","0.783","55-105","12.1","690.84","temperate","Temperate Broadleaf & Mixed Forests",,,"0","25",,,,,,,"bulk soil",,"268.3","9.3",,,"2713.8","2295.3","418.5",,,,,,"20.00",,"5.6",,,,,
"1053","89",,"44.483","0.783","55-105","12.1","690.84","temperate","Temperate Broadleaf & Mixed Forests",,,"0","25",,,,,,,"bulk soil",,"291.2","13.5",,,"3055","2447.5","607.5",,,,,,"18.00",,"6",,,,,
"1054","88",,"11.59","0.19","268","18.6","878.95","equatorial","Tropical & Subtropical Grasslands, Savannas & Shrublands",,,"0","20",,,"cropland",,,,"bulk soil",,"383","26",,,"4283.2","3113.2","1170",,,"64","6.8",,"5.2","2.9","6.4",,"15",,,
"1055","88",,"11.59","0.19","268","18.6","878.95","equatorial","Tropical & Subtropical Grasslands, Savannas & Shrublands",,,"0","20",,,"cropland",,,,"bulk soil",,"404","31",,,"4633.1","3238.1","1395",,,"112","10.6",,"5.2","4.7","6.4",,"15",,,
"1056","88",,"10.17","0.23","178","28.05","992.22","equatorial","Tropical & Subtropical Grasslands, Savannas & Shrublands",,,"0","20",,,"cropland",,,,"bulk soil",,"248","13",,,"2650.1","2065.1","585",,,"47","4.5",,"3.7","2.9","6.2",,"5",,,
"1057","88",,"10.17","0.23","178","28.05","992.22","equatorial","Tropical & Subtropical Grasslands, Savannas & Shrublands",,,"0","20",,,"cropland",,,,"bulk soil",,"290","16",,,"3124.6","2404.6","720",,,"45","4.4",,"3.7","4.2","6.2",,"5",,,
"1058","87",,"47.27","8.57","614","9.66","1385.05","temperate","Temperate Broadleaf & Mixed Forests",,,"0","10",,"Typic Hapludolls","grassland",,,,"bulk soil",,"1498","145","878",,"18145.6","11620.6","6525",,,,,,"573.67",,"7.05",,,,,
"1059","87",,"47.27","8.57","614","9.66","1385.05","temperate","Temperate Broadleaf & Mixed Forests",,,"0","10",,"Typic Hapludolls","grassland",,,,"bulk soil",,"1826","124","974",,"20422.2","14842.2","5580",,,,,,"539.08",,"7.05",,,,,
"1060","87",,"40.06","-88.13","209","11","978.8","cold/snow","Temperate Grasslands, Savannas & Shrublands",,,"0","10",,"Alfisols","forest",,,,"bulk soil",,"560","48","273",,"6583.8","4423.8","2160",,,,,,"213.05",,,,"3.1","13.1","83.8",
"1061","87",,"45.38","-89.24","78","6.3","744.73","cold/snow","Temperate Broadleaf & Mixed Forests",,,"0","20",,"Typic Hapludolls","cropland",,,,"bulk soil",,"1922","96","893",,"20385.6","16065.6","4320",,,,,,"534.08",,,,,,,
"1062","86",,"51.19","9.3","167","8.27","715.06","temperate","Temperate Broadleaf & Mixed Forests",,,"0","20",,"Haplic Luvisols","cropland",,,,"bulk soil",,"590","45",,,"6757.3","4732.3","2025",,,,,,"12.5","1.2","7.4",,"17","80","3",
"1063","86",,"51.19","9.3","167","8.27","715.06","temperate","Temperate Broadleaf & Mixed Forests",,,"0","20",,"Haplic Luvisols","cropland",,,,"bulk soil",,"540","47",,,"6371.7","4256.7","2115",,,,,,"12.5","1.2","7.4",,"17","80","3",
"1064","86",,"51.19","9.3","167","8.27","715.06","temperate","Temperate Broadleaf & Mixed Forests",,,"0","20",,"Haplic Luvisols","cropland",,,,"bulk soil",,"652","49","232",,"7444","5239","2205",,,"99.56","18.03",,"12.46","1.24","7.4",,"17","80","3",
"1065","86",,"51.19","9.3","167","8.27","715.06","temperate","Temperate Broadleaf & Mixed Forests",,,"0","20",,"Haplic Luvisols","cropland",,,,"bulk soil",,"575","46","202",,"6654.5","4584.5","2070",,,"71.04","16.04",,"12.66","1.28","7.4",,"17","80","3",
"1066","86",,"51.19","9.3","167","8.27","715.06","temperate","Temperate Broadleaf & Mixed Forests",,,"0","20",,"Haplic Luvisols","cropland",,,,"bulk soil",,"555","43","188",,"6378","4443","1935",,,"134.3","13.9",,"12.56","1.27","7.4",,"17","80","3",
"1067","86",,"51.19","9.3","167","8.27","715.06","temperate","Temperate Broadleaf & Mixed Forests",,,"0","20",,"Haplic Luvisols","cropland",,,,"bulk soil",,"539","40","177",,"6137.5","4337.5","1800",,,"136.37","15.66",,"12.68","1.21","7.4",,"17","80","3",
"1068","86",,"51.19","9.3","167","8.27","715.06","temperate","Temperate Broadleaf & Mixed Forests",,,"0","20",,"Haplic Luvisols","cropland",,,,"bulk soil",,"525","42","152",,"6075.8","4185.8","1890",,,"137.41","12.3",,"12.59","1.13","7.4",,"17","80","3",
"1069","86",,"51.19","9.3","167","8.27","715.06","temperate","Temperate Broadleaf & Mixed Forests",,,"0","20",,"Haplic Luvisols","cropland",,,,"bulk soil",,"539","40","174",,"6137.5","4337.5","1800",,,"179.93","10.85",,"12.48","1.26","7.4",,"17","80","3",
"1070","85",,"46.467","-90.083",,"4.2","824.45","cold/snow","Temperate Broadleaf & Mixed Forests",,"BA","0","15",,,"forest",,,,"bulk soil",,"579.19","96.07",,,"8302.6","3979.5","4323.1","4323.15","3979.25",,,"31.03",,"2.31",,,,,,
"1071","85",,"46.467","-90.083",,"4.2","824.45","cold/snow","Temperate Broadleaf & Mixed Forests",,"SM","0","15",,,"forest",,,,"bulk soil",,"540.36","61",,,"6825.2","4080.2","2745","2745","4080.05",,,"27.96",,"1.89","4.36",,,,,
"1072","85",,"46.467","-90.083",,"4.2","824.45","cold/snow","Temperate Broadleaf & Mixed Forests",,"HL","0","15",,,"forest",,,,"bulk soil",,"494.01","39.81",,,"5726.4","3935","1791.4","1791.45","3934.96",,,"29.14",,"1.75","4.74",,,,,
"1073","84",,"52.83","-6.93","54","9.57","1209.19","temperate","Temperate Broadleaf & Mixed Forests","tillage","reduced tillage","0","5",,"haplic luvisol","cropland",,,,"bulk soil",,,,,,"4.73684211","3.07017544","1.66666667",,,,,,"22.28","2.28070175","6",,"20","58","22",
"1074","84",,"52.83","-6.93","54","9.57","1209.19","temperate","Temperate Broadleaf & Mixed Forests","tillage","conventional tillage","0","5",,"haplic luvisol","cropland",,,,"bulk soil",,,,,,"3.60655738","2.54098361","1.06557377",,,,,,"17.95","1.96721311","6",,"5","23","72",
"1075","84",,"52.83","-6.93","54","9.57","1209.19","temperate","Temperate Broadleaf & Mixed Forests","tillage","reduced tillage","5","20",,"haplic luvisol","cropland",,,,"bulk soil",,,,,,"3.57142857","2.46031746","1.11111111",,,,,,"18.02","1.9047619","6",,"5","23","72",
"1076","84",,"52.83","-6.93","54","9.57","1209.19","temperate","Temperate Broadleaf & Mixed Forests","tillage","conventional tillage","5","20",,"haplic luvisol","cropland",,,,"bulk soil",,,,,,"3.98373984","2.76422764","1.2195122",,,,,,"17.89","1.95121951","6",,"5","23","72",
"1077","83",,"43.3","124.48","65","7.05","614.81","cold/snow","Temperate Broadleaf & Mixed Forests",,,"0","20",,"Typic Hapludolls","cropland",,,,"bulk soil",,"712","45","251",,"7855.3","5830.3","2025",,,,,,"17.4","1.65","6.3",,"27","50","23",
"1078","82",,"43.36","124.4","65","7.05","614.81","cold/snow","Temperate Broadleaf & Mixed Forests",,,"0","20",,"Typic Hapludolls","cropland",,,,"bulk soil",,"31","9","23",,"568.5","163.5","405",,,,,,"22.8","1.5","6.1",,"27","50","23",
"1079","82",,"43.36","124.4","65","7.05","614.81","cold/snow","Temperate Broadleaf & Mixed Forests",,,"0","20",,"Typic Hapludolls","cropland",,,,"bulk soil",,"39","9","26",,"640.5","235.5","405",,,,,,"22.52","1.5","6.1",,"27","50","23",
"1080","82",,"43.36","124.4","65","7.05","614.81","cold/snow","Temperate Broadleaf & Mixed Forests",,,"0","20",,"Typic Hapludolls","cropland",,,,"bulk soil",,"70","13","26",,"1048.1","463.1","585",,,,,,"21.21","1.5","6.1",,"27","50","23",
"1081","82",,"43.36","124.4","65","7.05","614.81","cold/snow","Temperate Broadleaf & Mixed Forests",,,"0","20",,"Typic Hapludolls","cropland",,,,"bulk soil",,"91","12","26",,"1205","665","540",,,,,,"20.34","1.5","6.1",,"27","50","23",
"1082","82",,"43.36","124.4","65","7.05","614.81","cold/snow","Temperate Broadleaf & Mixed Forests",,,"0","20",,"Typic Hapludolls","cropland",,,,"bulk soil",,"69","11","39",,"974.8","479.8","495",,,,,,"20","1.5","6.1",,"27","50","23",
"1083","82",,"43.36","124.4","65","7.05","614.81","cold/snow","Temperate Broadleaf & Mixed Forests",,,"0","20",,"Typic Hapludolls","cropland",,,,"bulk soil",,"47","10","52",,"744.6","294.6","450",,,,,,"19.87","1.5","6.1",,"27","50","23",
"1084","82",,"43.36","124.4","65","7.05","614.81","cold/snow","Temperate Broadleaf & Mixed Forests",,,"0","20",,"Typic Hapludolls","cropland",,,,"bulk soil",,"45","9","55",,"694.5","289.5","405",,,,,,"19.49","1.5","6.1",,"27","50","23",
"1085","82",,"43.36","124.4","65","7.05","614.81","cold/snow","Temperate Broadleaf & Mixed Forests",,,"0","20",,"Typic Hapludolls","cropland",,,,"bulk soil",,"47","6","52",,"616","346","270",,,,,,"18.88","1.5","6.1",,"27","50","23",
"1086","81",,"-21.23","-48.28","550","21.85","1262.51","equatorial","Tropical & Subtropical Grasslands, Savannas & Shrublands","rotation","Soybean-corn rotation","0","5",,"Oxisol","cropland",,,,"bulk soil",,"190.252","11.1138",,,"2069.7","1569.6","500.1",,,,,,"17.65","1.42994","6",,,,,
"1087","81",,"-21.23","-48.28","550","21.85","1262.51","equatorial","Tropical & Subtropical Grasslands, Savannas & Shrublands","rotation","Continuous corn","0","5",,"Oxisol","cropland",,,,"bulk soil",,"188.679","11.3149",,,"2062.1","1552.9","509.2",,,,,,"17.57","1.31647",,,"55.6","6.3","38.13",
"1088","81",,"-21.23","-48.28","550","21.85","1262.51","equatorial","Tropical & Subtropical Grasslands, Savannas & Shrublands","rotation","Corn","0","5",,"Oxisol","cropland",,,,"bulk soil",,"168.239","9.81834",,,"1829.9","1388.1","441.8",,,,,,"16.19","1.22916",,,"55.6","6.3","38.13",
"1089","81",,"-21.23","-48.28","550","21.85","1262.51","equatorial","Tropical & Subtropical Grasslands, Savannas & Shrublands","rotation","Millet","0","5",,"Oxisol","cropland",,,,"bulk soil",,"194.969","11.6308",,,"2128.8","1605.4","523.4",,,,,,"18.20","1.42873",,,"55.6","6.3","38.13",
"1090","81",,"-21.23","-48.28","550","21.85","1262.51","equatorial","Tropical & Subtropical Grasslands, Savannas & Shrublands","rotation","Sorghum","0","5",,"Oxisol","cropland",,,,"bulk soil",,"179.245","11.0699",,,"1969.2","1471.1","498.1",,,,,,"17.72","1.37273",,,"55.6","6.3","38.13",
"1091","81",,"-21.23","-48.28","550","21.85","1262.51","equatorial","Tropical & Subtropical Grasslands, Savannas & Shrublands","rotation","Pigeon pea","0","5",,"Oxisol","cropland",,,,"bulk soil",,"238.994","13.6412",,,"2589.7","1975.8","613.9",,,,,,"19.46","1.52576",,,"55.6","6.3","38.13",
"1092","81",,"-21.23","-48.28","550","21.85","1262.51","equatorial","Tropical & Subtropical Grasslands, Savannas & Shrublands","rotation","Sunn hemp","0","5",,"Oxisol","cropland",,,,"bulk soil",,"194.969","12.7958",,,"2166.3","1590.5","575.8",,,,,,"18.03","1.37695",,,"55.6","6.3","38.13",
"1093","81",,"-21.23","-48.28","550","21.85","1262.51","equatorial","Tropical & Subtropical Grasslands, Savannas & Shrublands","rotation","Sunflower","0","5",,"Oxisol","cropland",,,,"bulk soil",,"172.956","9.67122",,,"1867.7","1432.5","435.2",,,,,,"16.47","1.32095",,,"55.6","6.3","38.13",
"1094","81",,"-21.23","-48.28","550","21.85","1262.51","equatorial","Tropical & Subtropical Grasslands, Savannas & Shrublands","rotation","Oilseed radish","0","5",,"Oxisol","cropland",,,,"bulk soil",,"166.667","10.1546",,,"1826.6","1369.6","457",,,,,,"17.17","1.42761",,,"55.6","6.3","38.13",
"1095","80",,"50.617","3.567",,"10.09","760.28","temperate","Temperate Broadleaf & Mixed Forests","tillage","no till","0","10",,,"cropland",,,,"bulk soil",,"677.56","165.06",,,"11406.9","3979.2","7427.7","7427.61","3978.82",,,"14.9",,"1.52",,,"7.7",,,
"1096","80",,"50.617","3.567",,"10.09","760.28","temperate","Temperate Broadleaf & Mixed Forests","tillage","Conventional till","0","10",,,"cropland",,,,"bulk soil",,"534.91","131.14",,,"9032","3130.7","5901.3","5901.3","3130.45",,,"11.1",,"1.2",,,"15.4",,,
"1097","79",,"42.683","-88.067",,"8.61","831.47","cold/snow","Temperate Broadleaf & Mixed Forests",,,"0","10",,,"cropland",,,,"bulk soil",,"621.6","30.2",,,"6565.7","5206.7","1359","1359","5206.66",,,"23.3",,"2.3","3.73",,,,,
"1098","79",,"42.683","-88.067",,"8.61","831.47","cold/snow","Temperate Broadleaf & Mixed Forests",,,"0","10",,,"grassland",,,,"bulk soil",,"523.5","28.7",,,"5634.6","4343.1","1291.5","1291.5","4343.01",,,"14.9",,"1.4","6.76",,"16.8",,,
"1099","79",,"42.683","-88.067",,"8.61","831.47","cold/snow","Temperate Broadleaf & Mixed Forests",,,"0","10",,,"grassland",,,,"bulk soil",,"506.3","31.7",,,"5576.3","4149.8","1426.5","1426.5","4149.7",,,"20.3",,"1.9","6.41",,"18.2",,,
"1100","78",,"44.09","7.55","1609","9.42","883.45","temperate","Mediterranean Forests, Woodlands & Scrub",,,"0","10",,,"forest",,,,"bulk soil",,"781","69","347","18","9248.2","6143.2","3105",,,"1613.63","114.61","11.31","11.31",,,,"29.3",,,
"1101","78",,"44.09","7.55","1312","9.42","883.45","temperate","Mediterranean Forests, Woodlands & Scrub",,,"0","10",,,"forest",,,,"bulk soil",,"968","114","553","41","12378.6","7248.6","5130",,,"1173.93","79.87","8.23","8.23",,,,,,,
"1102","78",,"44.09","7.55","1321","9.42","883.45","temperate","Mediterranean Forests, Woodlands & Scrub",,,"0","10",,,"forest",,,,"bulk soil",,"918","105","315","27","11639.1","6914.1","4725",,,"1143.76","93.2","8.02","8.02",,,,,,,
"1103","78",,"44.09","7.55","1609","9.42","883.45","temperate","Mediterranean Forests, Woodlands & Scrub",,,"0","10",,,"forest",,,,"bulk soil",,"511","27","146","14","5467.4","4252.4","1215",,,"2258.57","121.63","15.83","15.83",,,,,,,
"1104","78",,"44.09","7.55","1321","9.42","883.45","temperate","Mediterranean Forests, Woodlands & Scrub",,,"0","10",,,"forest",,,,"bulk soil",,"703","46","256","18","7806.5","5736.5","2070",,,"2886.78","153.34","20.23","20.23",,,,,,,
"1105","78",,"44.09","7.55","1609","9.42","883.45","temperate","Mediterranean Forests, Woodlands & Scrub",,,"0","10",,,"forest",,,,"bulk soil",,"872","110","283","27","11385.9","6435.9","4950",,,"1989.61","99.88","13.94","13.94",,,,,,,
"1106","78",,"44.09","7.55","1312","9.42","883.45","temperate","Mediterranean Forests, Woodlands & Scrub",,,"0","10",,,"forest",,,,"bulk soil",,"963","96","260","23","11754.6","7434.6","4320",,,"1716.13","74.93","12.03","12.03",,,,,,,
"1107","78",,"44.09","7.55","1321","9.42","883.45","temperate","Mediterranean Forests, Woodlands & Scrub",,,"0","10",,,"forest",,,,"bulk soil",,"767","46","247","18","8382.5","6312.5","2070",,,"1371.44","318.82","9.61","9.61",,,,,,,
"1108","78",,"44.09","7.55","1312","9.42","883.45","temperate","Mediterranean Forests, Woodlands & Scrub",,,"0","10",,,"forest",,,,"bulk soil",,"781","46","178","18","8508.5","6438.5","2070",,,"373.02","28.25","26.14","26.14",,,,,,,
"1109","78",,"44.09","7.55","1321","9.42","883.45","temperate","Mediterranean Forests, Woodlands & Scrub",,,"0","10",,,"forest",,,,"bulk soil",,"904","132","260","32","12381.5","6441.5","5940",,,"283.56","25.55","19.87","19.87",,,,,,,
"1110","78",,"44.09","7.55","1609","9.42","883.45","temperate","Mediterranean Forests, Woodlands & Scrub",,,"0","10",,,"forest",,,,"bulk soil",,"502","110","164","23","8055.9","3105.9","4950",,,"1208.37","144.79","8.47","8.47",,,,,,,
"1111","78",,"44.09","7.55","1312","9.42","883.45","temperate","Mediterranean Forests, Woodlands & Scrub",,,"0","10",,,"forest",,,,"bulk soil",,"708","46","174","9","7851.5","5781.5","2070",,,"1285.08","134.38","9.01","9.01",,,,,,,
"1112","77",,"47.43","126.63",,"1.97","543.87","cold/snow","Temperate Broadleaf & Mixed Forests",,,"0","20",,"Udolls","cropland",,,,"aggregate",">2mm","1322.92","114.583",,,"15591.6","10435.4","5156.2",,,,,,"26.40","2.08",,,"37","28","35",
"1113","77",,"47.43","126.63",,"1.97","543.87","cold/snow","Temperate Broadleaf & Mixed Forests",,,"0","20",,"Udolls","cropland",,,,"aggregate","0.250-2mm","1437.5","125.694",,,"16980.2","11324","5656.2",,,,,,"26.40","2.08","5.84",,,,,
"1114","77",,"47.43","126.63",,"1.97","543.87","cold/snow","Temperate Broadleaf & Mixed Forests",,,"0","20",,"Udolls","cropland",,,,"aggregate","0.053-0.250mm","1572.92","136.806",,,"18556.4","12400.1","6156.3",,,,,,"26.40","2.08","5.84",,,,,
"1115","77",,"47.43","126.63",,"1.97","543.87","cold/snow","Temperate Broadleaf & Mixed Forests",,,"0","20",,"Udolls","cropland",,,,"aggregate","<0.053mm","1666.67","140.972",,,"19534.1","13190.4","6343.7",,,,,,"26.40","2.08","5.84",,,,,
"1116","77",,"47.43","126.63",,"1.97","543.87","cold/snow","Temperate Broadleaf & Mixed Forests",,,"0","20",,"Udolls","cropland",,,,"aggregate",">2mm","1145.83","102.083",,,"13595.7","9002","4593.7",,,,,,"28.80","2.2","5.84",,,,,
"1117","77",,"47.43","126.63",,"1.97","543.87","cold/snow","Temperate Broadleaf & Mixed Forests",,,"0","20",,"Udolls","cropland",,,,"aggregate","0.250-2mm","1250","115.278",,,"14957.7","9770.2","5187.5",,,,,,"28.80","2.2","5.94",,,,,
"1118","77",,"47.43","126.63",,"1.97","543.87","cold/snow","Temperate Broadleaf & Mixed Forests",,,"0","20",,"Udolls","cropland",,,,"aggregate","0.053-0.250mm","1395.83","124.306",,,"16560.5","10966.7","5593.8",,,,,,"28.80","2.2","5.94",,,,,
"1119","77",,"47.43","126.63",,"1.97","543.87","cold/snow","Temperate Broadleaf & Mixed Forests",,,"0","20",,"Udolls","cropland",,,,"aggregate","<0.053mm","1427.08","122.917",,,"16797.1","11265.8","5531.3",,,,,,"28.80","2.2","5.94",,,,,
"1120","77",,"47.43","126.63",,"1.97","543.87","cold/snow","Temperate Broadleaf & Mixed Forests",,,"0","20",,"Udolls","cropland",,,,"aggregate",">2mm","1187.5","103.472",,,"14015.4","9359.2","4656.2",,,,,,"29.40","2.34","5.94",,,,,
"1121","77",,"47.43","126.63",,"1.97","543.87","cold/snow","Temperate Broadleaf & Mixed Forests",,,"0","20",,"Udolls","cropland",,,,"aggregate","0.250-2mm","1281.25","113.194",,,"15171.9","10078.2","5093.7",,,,,,"29.40","2.34","6.03",,,,,
"1122","77",,"47.43","126.63",,"1.97","543.87","cold/snow","Temperate Broadleaf & Mixed Forests",,,"0","20",,"Udolls","cropland",,,,"aggregate","0.053-0.250mm","1270.83","115.972",,,"15167.4","9948.7","5218.7",,,,,,"29.40","2.34","6.03",,,,,
"1123","77",,"47.43","126.63",,"1.97","543.87","cold/snow","Temperate Broadleaf & Mixed Forests",,,"0","20",,"Udolls","cropland",,,,"aggregate","<0.053mm","1260.42","120.139",,,"15207.8","9801.5","5406.3",,,,,,"29.40","2.34","6.03",,,,,
"1124","77",,"47.43","126.63",,"1.97","543.87","cold/snow","Temperate Broadleaf & Mixed Forests",,,"0","20",,"Udolls","cropland",,,,"aggregate",">2mm","802.083","84.7222",,,"9943.7","6131.2","3812.5",,,,,,"30.20","2.61","6.03",,,,,
"1125","77",,"47.43","126.63",,"1.97","543.87","cold/snow","Temperate Broadleaf & Mixed Forests",,,"0","20",,"Udolls","cropland",,,,"aggregate","0.250-2mm","885.417","90.9722",,,"10894.6","6800.9","4093.7",,,,,,"30.20","2.61","6.13",,,,,
"1126","77",,"47.43","126.63",,"1.97","543.87","cold/snow","Temperate Broadleaf & Mixed Forests",,,"0","20",,"Udolls","cropland",,,,"aggregate","0.053-0.250mm","864.583","80.5556",,,"10372.1","6747.1","3625",,,,,,"30.20","2.61","6.13",,,,,
"1127","77",,"47.43","126.63",,"1.97","543.87","cold/snow","Temperate Broadleaf & Mixed Forests",,,"0","20",,"Udolls","cropland",,,,"aggregate","<0.053mm","843.75","81.9444",,,"10229.3","6541.8","3687.5",,,,,,"30.20","2.61","6.13",,,,,
"1128","76",,"51.24","9.25","132","8.27","715.06","temperate","Temperate Broadleaf & Mixed Forests",,,"5","15",,"Colluvic Cambisols","cropland",,,,"bulk soil",,"560","39",,,"6294.4","4539.4","1755",,,"207.5","59.1",,"12.79","1.18","7.7",,"19","79","2",
"1129","76",,"51.24","9.25","132","8.27","715.06","temperate","Temperate Broadleaf & Mixed Forests",,,"40","50",,"Colluvic Cambisols","cropland",,,,"bulk soil",,"625","44",,,"7040.2","5060.2","1980",,,"54.7","12.9",,"7.95","0.71","7.9",,"21","77","2",
"1130","76",,"51.24","9.25","132","8.27","715.06","temperate","Temperate Broadleaf & Mixed Forests",,,"50","60",,"Colluvic Cambisols","cropland",,,,"bulk soil",,"583","41",,,"6565.7","4720.7","1845",,,"56.7","10.8",,"8.27","0.74","7.9",,"23","76","1",
"1131","76",,"51.24","9.25","132","8.27","715.06","temperate","Temperate Broadleaf & Mixed Forests",,,"75","85",,"Colluvic Cambisols","cropland",,,,"bulk soil",,"494","34",,,"5539.5","4009.5","1530",,,"36.4","6.7",,"10.11","0.71","7.9",,"30","69","1",
"1132","76",,"51.24","9.25","132","8.27","715.06","temperate","Temperate Broadleaf & Mixed Forests",,,"5","15",,"Haplic Luvisols","cropland",,,,"bulk soil",,"417","29",,,"4685.7","3380.7","1305",,,"151.9","45.2",,"11.52","1.09","7.4",,"20","78","2",
"1133","76",,"51.24","9.25","132","8.27","715.06","temperate","Temperate Broadleaf & Mixed Forests",,,"40","50",,"Haplic Luvisols","cropland",,,,"bulk soil",,"338","24",,,"3813.9","2733.9","1080",,,"46.2","6.3",,"4.24","0.37","7.4",,"29","70","2",
"1134","76",,"51.24","9.25","132","8.27","715.06","temperate","Temperate Broadleaf & Mixed Forests",,,"50","60",,"Haplic Luvisols","cropland",,,,"bulk soil",,"287","20",,,"3226.3","2326.3","900",,,"34.4","4.6",,"3.69","0.32","7.6",,"28","70","2",
"1135","76",,"51.24","9.25","132","8.27","715.06","temperate","Temperate Broadleaf & Mixed Forests",,,"75","85",,"Haplic Luvisols","cropland",,,,"bulk soil",,"217","15",,,"2435.4","1760.4","675",,,"27.3","3.2",,"2.84","0.25","7.6",,"25","73","1",
"1136","75",,"23.167","112.167",,"20.99","1653.52","temperate","Tropical & Subtropical Moist Broadleaf Forests","amendment","control","0","10",,"oxisols","forest",,"Evergreen broadleaved forest",,"bulk soil",,"1372.18","119.6","480.24",,"16196.3","10814.3","5382",,,,,"37.77",,"2.54","3.91",,"29.3","32.9","37.8",
"1137","75",,"23.167","112.167",,"20.99","1653.52","temperate","Tropical & Subtropical Moist Broadleaf Forests","amendment","low-N","0","10",,"oxisols","forest",,"Evergreen broadleaved forest",,"bulk soil",,"1365.85","108.53","450.88",,"15783.3","10899.4","4883.9",,,,,"47.57",,"3.21","3.81",,"29.3","32.9","37.8",
"1138","75",,"23.167","112.167",,"20.99","1653.52","temperate","Tropical & Subtropical Moist Broadleaf Forests","amendment","medium-N","0","10",,"oxisols","forest",,"Evergreen broadleaved forest",,"bulk soil",,"1411.9","128.69","526.36",,"16846.1","11055.1","5791",,,,,"47.38",,"3.28","3.77",,"29.3","32.9","37.8",
"1139","75",,"23.167","112.167",,"20.99","1653.52","temperate","Tropical & Subtropical Moist Broadleaf Forests","amendment","high-N","0","10",,"oxisols","forest",,"Evergreen broadleaved forest",,"bulk soil",,"1040.69","130.67","462.94",,"13568.9","7688.8","5880.1",,,,,"47.92",,"3.31","3.75",,"29.3","32.9","37.8",
"1140","74",,"55.41","12.16","18","7.71","570.64","temperate","Temperate Broadleaf & Mixed Forests",,,"0","20",,"Luvisols","cropland",,,,"bulk soil",,"987","64","449",,"10941.4","8061.4","2880",,,,,,"15.4","1.6",,,,,,
"1141","74",,"55.41","12.16","18","7.71","570.64","temperate","Temperate Broadleaf & Mixed Forests",,,"0","20",,"Luvisols","cropland",,,,"bulk soil",,"1127","83","490",,"12812.5","9077.5","3735",,,,,,"20.4","2.1",,,,,,
"1142","74",,"55.41","12.16","18","7.71","570.64","temperate","Temperate Broadleaf & Mixed Forests",,,"0","20",,"Luvisols","cropland",,,,"bulk soil",,"1097","94","609",,"12896.3","8666.3","4230",,,,,,"24.8","2.5",,,,,,
"1143","74",,"55.41","12.16","18","7.71","570.64","temperate","Temperate Broadleaf & Mixed Forests",,,"0","20",,"Luvisols","cropland",,,,"bulk soil",,"1250","93","658",,"14241.2","10056.2","4185",,,,,,"21.8","2.1",,,,,,
"1144","73",,"37.44","-119.34","1200","5.66","799.29","temperate","Temperate Conifer Forests",,"Pinus ponderosa-basalt","6","18.7",,"Ultic Haploxeralfs","forest",,,,"bulk soil",,"1256.95","78.7",,,"13843.8","10302.3","3541.5",,,,,,"42.50","3.08","4.55",,"9.9","80.2","9.9",
"1145","73",,"37.44","-119.34","1800","5.66","799.29","temperate","Temperate Conifer Forests",,"Abies concolor-basalt","6","18.7",,"Humic Dystroxerepts","forest",,,,"bulk soil",,"567.518","78.8201",,,"7642.7","4095.8","3546.9",,,,,,"81.18",,,,"29.3","33","37.8",
"1146","73",,"37.44","-119.34","2350","5.66","799.29","temperate","Temperate Conifer Forests",,"Abies magnifica-basalt","6","18.7",,"Dystric Xeropsamments","forest",,,,"bulk soil",,"343.02","76.3454",,,"5542.6","2107.1","3435.5",,,,,,"28.57",,"6.2",,"26.8",,,
"1147","73",,"37.44","-119.34","1200","5.66","799.29","temperate","Temperate Conifer Forests",,"Pinus ponderosa-granite","6","18.7",,"Ultic Haploxeralfs","forest",,,,"bulk soil",,"543.873","39.3202",,,"6159.5","4390.1","1769.4",,,,,,"41.25",,"6.5",,"6.3",,,
"1148","73",,"37.44","-119.34","1800","5.66","799.29","temperate","Temperate Conifer Forests",,"Abies concolor-granite","6","18.7",,"Humic Dystroxerepts","forest",,,,"bulk soil",,"821.045","57.9602",,,"9253.6","6645.4","2608.2",,,,,,"52.17",,"5.8",,"6.7",,,
"1149","73",,"37.44","-119.34","2350","5.66","799.29","temperate","Temperate Conifer Forests",,"Abies magnifica-granite","6","18.7",,"Dystric Xeropsamments","forest",,,,"bulk soil",,"413.251","59.1468",,,"5621.6","2960","2661.6",,,,,,"35.98",,"5.4",,"14",,,
"1150","73",,"37.44","-119.34","1200","5.66","799.29","temperate","Temperate Conifer Forests",,"Pinus ponderosa-andesite","6","18.7",,"Ultic Haploxeralfs","forest",,,,"bulk soil",,"378.975","37.9739",,,"4632.1","2923.3","1708.8",,,,,,"24.52",,"6",,"7.7",,,
"1151","73",,"37.44","-119.34","1800","5.66","799.29","temperate","Temperate Conifer Forests",,"Abies concolor-andesite","6","18.7",,"Humic Dystroxerepts","forest",,,,"bulk soil",,"1136.83","103.362",,,"13555.9","8904.6","4651.3",,,,,,"120.33",,"5.5",,"8.7",,,
"1152","73",,"37.44","-119.34","2350","5.66","799.29","temperate","Temperate Conifer Forests",,"Abies magnifica-andesite","6","18.7",,"Dystric Xeropsamments","forest",,,,"bulk soil",,"1209.74","106.986",,,"14328.7","9514.3","4814.4",,,,,,"89.70",,"6",,"25.4",,,
"1153","73",,"37.44","-119.34","1200","5.66","799.29","temperate","Temperate Conifer Forests",,"Pinus ponderosa-basalt","17","38",,"Ultic Haploxeralfs","forest",,,,"bulk soil",,"732.786","57.3583",,,"8439.9","5858.8","2581.1",,,,,,"66.83",,"5.8",,"9.4",,,
"1154","73",,"37.44","-119.34","1800","5.66","799.29","temperate","Temperate Conifer Forests",,"Abies concolor-basalt","17","38",,"Humic Dystroxerepts","forest",,,,"bulk soil",,"477.937",,,,,,,,,,,,"14.53",,"5.5",,"7.7",,,
"1155","73",,"37.44","-119.34","2350","5.66","799.29","temperate","Temperate Conifer Forests",,"Abies magnifica-basalt","17","38",,"Dystric Xeropsamments","forest",,,,"bulk soil",,"591.404","69.2308",,,"7549.3","4433.9","3115.4",,,,,,"23.43",,"6.2",,"26.8",,,
"1156","73",,"37.44","-119.34","1200","5.66","799.29","temperate","Temperate Conifer Forests",,"Pinus ponderosa-granite","17","38",,"Ultic Haploxeralfs","forest",,,,"bulk soil",,"642.98","73.6842",,,"8156.7","4840.9","3315.8",,,,,,"18.28",,"6.5",,"6.3",,,
"1157","73",,"37.44","-119.34","1800","5.66","799.29","temperate","Temperate Conifer Forests",,"Abies concolor-granite","17","38",,"Humic Dystroxerepts","forest",,,,"bulk soil",,"75.6447","8.09717",,,"941.3","576.9","364.4",,,,,,"49.48",,"5.8",,"6.7",,,
"1158","73",,"37.44","-119.34","2350","5.66","799.29","temperate","Temperate Conifer Forests",,"Abies magnifica-granite","17","38",,"Dystric Xeropsamments","forest",,,,"bulk soil",,"140.974","15.3846",,,"1763.6","1071.3","692.3",,,,,,"10.16",,"5.4",,"14",,,
"1159","73",,"37.44","-119.34","1200","5.66","799.29","temperate","Temperate Conifer Forests",,"Pinus ponderosa-andesite","17","38",,"Ultic Haploxeralfs","forest",,,,"bulk soil",,"110.029","10.1215",,,"1315.8","860.3","455.5",,,,,,"10.20",,"6",,"7.7",,,
"1160","73",,"37.44","-119.34","1800","5.66","799.29","temperate","Temperate Conifer Forests",,"Abies concolor-andesite","17","38",,"Humic Dystroxerepts","forest",,,,"bulk soil",,"391.977","29.9595",,,"4491.4","3143.2","1348.2",,,,,,"25.61",,"5.5",,"8.7",,,
"1161","73",,"37.44","-119.34","2350","5.66","799.29","temperate","Temperate Conifer Forests",,"Abies magnifica-andesite","17","38",,"Dystric Xeropsamments","forest",,,,"bulk soil",,"1103.72","79.3522",,,"12485.6","8914.8","3570.8",,,,,,"64.35",,"6",,"25.4",,,
"1162","72","MNC is 0, but verified in primary literature","23.11","112.34","125","20.99","1653.52","temperate","Tropical & Subtropical Moist Broadleaf Forests",,,"0","0","O",,"forest",,,,"bulk soil",,"3900","0","290",,"35100","35100","0",,,,,"497.2",,,,,"7.7",,,
"1163","72",,"23.11","112.33","125","20.99","1653.52","temperate","Tropical & Subtropical Moist Broadleaf Forests",,,"0","0","O",,"forest",,,,"bulk soil",,"2800","7","160",,"25425.1","25110.1","315",,,,,"491.2",,,"3.55",,"29.3",,,
"1164","72",,"23.11","112.33","125","20.99","1653.52","temperate","Tropical & Subtropical Moist Broadleaf Forests",,,"0","0","O",,"forest",,,,"bulk soil",,"2800","20","540",,"25843.3","24943.3","900",,,,,"173.9",,,"3.55",,"29.3",,,
"1165","72",,"23.11","112.34","125","20.99","1653.52","temperate","Tropical & Subtropical Moist Broadleaf Forests",,,"0","10",,,"forest",,,,"bulk soil",,"691","59","237",,"8116.6","5461.6","2655",,,,,"21.6",,,"3.55",,"29.3",,,
"1166","72",,"23.11","112.33","125","20.99","1653.52","temperate","Tropical & Subtropical Moist Broadleaf Forests",,,"10","20",,,"forest",,,,"bulk soil",,"266","34","103",,"3487.5","1957.5","1530",,,,,"7.4",,,,,"29.3",,,
"1167","72",,"23.11","112.33","125","20.99","1653.52","temperate","Tropical & Subtropical Moist Broadleaf Forests",,,"20","40",,,"forest",,,,"bulk soil",,"198","24","84",,"2553.9","1473.9","1080",,,,,"5.8",,,,,"29.3",,,
"1168","72",,"23.11","112.34","125","20.99","1653.52","temperate","Tropical & Subtropical Moist Broadleaf Forests",,,"0","10",,,"forest",,,,"bulk soil",,"1114","120","335",,"13885.6","8485.6","5400",,,,,"25",,,,,"29.3",,,
"1169","72",,"23.11","112.33","125","20.99","1653.52","temperate","Tropical & Subtropical Moist Broadleaf Forests",,,"10","20",,,"forest",,,,"bulk soil",,"489","86","166",,"7167","3297","3870",,,,,"10",,,,,"29.3",,,
"1170","72",,"23.11","112.33","125","20.99","1653.52","temperate","Tropical & Subtropical Moist Broadleaf Forests",,,"20","40",,,"forest",,,,"bulk soil",,"232","39","84",,"3342.4","1587.4","1755",,,,,"6.1",,,,,"29.3",,,
"1171","72",,"23.11","112.34","125","20.99","1653.52","temperate","Tropical & Subtropical Moist Broadleaf Forests",,,"0","10",,,"forest",,,,"bulk soil",,"1457","215","508",,"20028","10353","9675",,,,,"39.1",,,,,"29.3",,,
"1172","72",,"23.11","112.33","125","20.99","1653.52","temperate","Tropical & Subtropical Moist Broadleaf Forests",,,"10","20",,,"forest",,,,"bulk soil",,"679","162","222",,"11321.4","4031.4","7290",,,,,"15.2",,,,,"29.3",,,
"1173","72",,"23.11","112.33","125","20.99","1653.52","temperate","Tropical & Subtropical Moist Broadleaf Forests",,,"20","40",,,"forest",,,,"bulk soil",,"471","127","170",,"8323.7","2608.7","5715",,,,,"13.3",,,,,"29.3",,,
"1174","71",,"34.66","102.52","3009","0.55","565.14","cold/snow","Montane Grasslands & Shrublands",,,"0","20",,,"grassland",,,,"bulk soil",,"1688","88","1191",,"18022.3","14062.3","3960",,,,,,"45.5","3.2",,,,,,
"1175","71",,"34.66","102.52","3009","0.55","565.14","cold/snow","Montane Grasslands & Shrublands",,,"0","20",,,"cropland",,,,"bulk soil",,"1172","18","523",,"11126.9","10316.9","810",,,,,,"33.4","2.2",,,,,,
"1176","71",,"34.66","102.52","3009","0.55","565.14","cold/snow","Montane Grasslands & Shrublands",,,"0","20",,,"cropland",,,,"bulk soil",,"1184","35","535",,"11781.7","10206.7","1575",,,,,,"33.1","2.2",,,,,,
"1177","71",,"34.59","102.49","2968","-1.03","575.89","cold/snow","Montane Grasslands & Shrublands",,,"0","20",,,"grassland",,,,"bulk soil",,"1802","94","1128",,"19241.3","15011.3","4230",,,,,,"41.2","3.1","7.41",,,,,
"1178","71",,"34.59","102.49","2968","-1.03","575.89","cold/snow","Montane Grasslands & Shrublands",,,"0","20",,,"cropland",,,,"bulk soil",,"1178","47","668",,"12113.7","9998.7","2115",,,,,,"28.7","2.1","8.09",,,,,
"1179","70",,"43.317","144.6",,"6.18","946.33","cold/snow","Temperate Conifer Forests",,,"0","10",,,"forest",,,,"bulk soil",,"4600","190",,,"47511","38961","8550","8550","38960.55",,,"106.2",,"7.1",,,"19",,,
"1180","70",,"43.317","144.6",,"6.18","946.33","cold/snow","Temperate Conifer Forests",,,"0","10",,,"forest",,,,"bulk soil",,"4100","190",,,"43011","34461","8550","8550","34460.55",,,"86.7",,"6.3",,,,,,
"1181","70",,"43.317","144.6",,"6.18","946.33","cold/snow","Temperate Conifer Forests",,,"0","10",,,"forest",,,,"bulk soil",,"3500","200",,,"37932.6","28932.6","9000","9000","28932.15",,,"90.8",,"6",,,,,,
"1182","69","converted from AS-C to AS","42.367","128",,"3.37","795.21","cold/snow","Temperate Broadleaf & Mixed Forests","stand age","20 years","0","15",,"alfisols","forest",,,,"bulk soil",,"5395.76","223.59",,,"55753.1","45691.6","10061.5","10061.42","45691.16",,,"139.09",,"7.49",,,"17.3",,,
"1183","69","converted from AS-C to AS","42.367","128",,"3.37","795.21","cold/snow","Temperate Broadleaf & Mixed Forests","stand age","80 years","0","15",,"alfisols","forest",,,,"bulk soil",,"6797.56","301.53",,,"70876.1","57307.3","13568.8","13568.7","57306.7",,,"167",,"10.06","5.75",,,,,
"1184","69","converted from AS-C to AS","42.367","128",,"3.37","795.21","cold/snow","Temperate Broadleaf & Mixed Forests","stand age","120 years","0","15",,"alfisols","forest",,,,"bulk soil",,"7334.95","308.61",,,"75940.4","62052.9","13887.5","13887.48","62052.23",,,"189.75",,"11.01","5.66",,,,,
"1185","69","converted from AS-C to AS","42.367","128",,"3.37","795.21","cold/snow","Temperate Broadleaf & Mixed Forests","stand age","200 years","0","15",,"alfisols","forest",,,,"bulk soil",,"7536.74","314.54",,,"77947.2","63792.9","14154.3","14154.19","63792.27",,,"190.39",,"10.61","5.5",,,,,
"1186","69","converted from AS-C to AS","42.367","128",,"3.37","795.21","cold/snow","Temperate Broadleaf & Mixed Forests","stand age","300 years","0","15",,"alfisols","forest",,,,"bulk soil",,"6337.8","285.34",,,"66217.6","53377.3","12840.3","12840.24","53376.63",,,"176.01",,"10.23","5.61",,,,,
"1187","68",,"28.26","116.93","37","19.68","1752.22","temperate","Temperate Broadleaf & Mixed Forests","amendment","Control","0","20",,"Typic Plinthudult","cropland",,,"2014","bulk soil",,"224","19.1","92.5",,"2630.3","1770.8","859.5",,,"56.8",,"5.69",,"0.59","4.96","water 1:5","41.2","33.2","25.6",
"1188","68",,"28.26","116.93","37","19.68","1752.22","temperate","Temperate Broadleaf & Mixed Forests","amendment","NPK","0","20",,"Typic Plinthudult","cropland",,,"2014","bulk soil",,"263","20.5","106.8",,"3026.3","2103.8","922.5",,,"80.5",,"6.44",,"0.7","5.2","water 1:5","41.2","33.2","25.6",
"1189","68",,"28.26","116.93","37","19.68","1752.22","temperate","Temperate Broadleaf & Mixed Forests","amendment","NPK+Lime","0","20",,"Typic Plinthudult","cropland",,,"2014","bulk soil",,"247.3","19.4","113.3",,"2849.7","1976.7","873",,,"83.2",,"6.32",,"0.72","6.59","water 1:5","41.2","33.2","25.6",
"1190","68",,"28.26","116.93","37","19.68","1752.22","temperate","Temperate Broadleaf & Mixed Forests","amendment","NPK+PeanutStraw","0","20",,"Typic Plinthudult","cropland",,,"2014","bulk soil",,"275.9","22.7","127.5",,"3213.2","2191.7","1021.5",,,"115.4",,"6.62",,"0.78","5.13","water 1:5","41.2","33.2","25.6",
"1191","68",,"28.26","116.93","37","19.68","1752.22","temperate","Temperate Broadleaf & Mixed Forests","amendment","NPK+RiceStraw","0","20",,"Typic Plinthudult","cropland",,,"2014","bulk soil",,"298.9","23.7","140.4",,"3452.4","2385.9","1066.5",,,"128.4",,"7.13",,"0.82","5.16","water 1:5","41.2","33.2","25.6",
"1192","68",,"28.26","116.93","37","19.68","1752.22","temperate","Temperate Broadleaf & Mixed Forests","amendment","NPK+RadishResidue","0","20",,"Typic Plinthudult","cropland",,,"2014","bulk soil",,"286.3","23.6","133.1",,"3335.7","2273.7","1062",,,"132.1",,"6.76",,"0.82","5.17","water 1:5","41.2","33.2","25.6",
"1193","68",,"28.26","116.93","37","19.68","1752.22","temperate","Temperate Broadleaf & Mixed Forests","amendment","NPK+PigManure","0","20",,"Typic Plinthudult","cropland",,,"2014","bulk soil",,"319.8","23","164",,"3617.9","2582.9","1035",,,"118.5",,"8.21",,"0.85","5.58","water 1:5","41.2","33.2","25.6",
"1194","67",,"34.85","92.93",,"-4.73","282.44","polar","Montane Grasslands & Shrublands","warming",,"0","10",,"Gelic Arenosols","grassland",,,,"bulk soil",,"491.3","56.22",,,"6229.9","3700","2529.9",,,,,"16.5",,,,,,,,
"1195","67",,"34.85","92.93",,"-4.73","282.44","polar","Montane Grasslands & Shrublands","warming",,"10","20",,"Gelic Arenosols","grassland",,,,"bulk soil",,"439.06","65.56",,,"6060.1","3109.9","2950.2",,,,,"13.5",,,,,,,,
"1196","67",,"34.85","92.93",,"-4.73","282.44","polar","Montane Grasslands & Shrublands","warming",,"20","30",,"Gelic Arenosols","grassland",,,,"bulk soil",,"237.36","43.33",,,"3529.8","1580","1949.8",,,,,"9.93",,,,,,,,
"1197","67",,"34.85","92.93",,"-4.73","282.44","polar","Montane Grasslands & Shrublands","warming",,"30","40",,"Gelic Arenosols","grassland",,,,"bulk soil",,"171.04","32.67",,,"2590.2","1120","1470.2",,,,,"7.43",,,,,,,,
"1198","67",,"34.85","92.93",,"-4.73","282.44","polar","Montane Grasslands & Shrublands","warming",,"40","50",,"Gelic Arenosols","grassland",,,,"bulk soil",,"131.22","21.11",,,"1859.9","910","949.9",,,,,"5.97",,,,,,,,
"1199","66",,"35.62","-88.85","109","15.28","1359.66","temperate","Temperate Broadleaf & Mixed Forests","cover crop; tillage","NCNT","0","7.5",,"fine-silty, mixed, thermic, Ultic Hapludalf","cropland",,,,"bulk soil",,"766.18","29.51","256.87",,"7844.8","6516.8","1328",,,,,,,,"5.5",,,,,
"1200","66",,"35.62","-88.85","109","15.28","1359.66","temperate","Temperate Broadleaf & Mixed Forests","cover crop; tillage","NCNT","0","7.5",,"fine-silty, mixed, thermic, Ultic Hapludalf","cropland",,,,"bulk soil",,"726.89","29.99","283.61",,"7506.6","6157","1349.6",,,,,,,,"5.5",,,,,
"1201","66",,"35.62","-88.85","109","15.28","1359.66","temperate","Temperate Broadleaf & Mixed Forests","cover crop; tillage","NCNT","0","7.5",,"fine-silty, mixed, thermic, Ultic Hapludalf","cropland",,,,"bulk soil",,"739.51","34.28","293.93",,"7758.1","6215.5","1542.6",,,,,,,,"5.5",,,,,
"1202","66",,"35.62","-88.85","109","15.28","1359.66","temperate","Temperate Broadleaf & Mixed Forests","cover crop; tillage","NCCT","0","7.5",,"fine-silty, mixed, thermic, Ultic Hapludalf","cropland",,,,"bulk soil",,"600.18","30.78","239.29",,"6391.6","5006.5","1385.1",,,,,,,,"5.5",,,,,
"1203","66",,"35.62","-88.85","109","15.28","1359.66","temperate","Temperate Broadleaf & Mixed Forests","cover crop; tillage","NCCT","0","7.5",,"fine-silty, mixed, thermic, Ultic Hapludalf","cropland",,,,"bulk soil",,"681.2","28.31","226.06",,"7041.4","5767.4","1274",,,,,,,,"5.5",,,,,
"1204","66",,"35.62","-88.85","109","15.28","1359.66","temperate","Temperate Broadleaf & Mixed Forests","cover crop; tillage","NCCT","0","7.5",,"fine-silty, mixed, thermic, Ultic Hapludalf","cropland",,,,"bulk soil",,"616.25","30.48","252.95",,"6526.6","5155","1371.6",,,,,,,,"5.5",,,,,
"1205","66",,"35.62","-88.85","109","15.28","1359.66","temperate","Temperate Broadleaf & Mixed Forests","cover crop; tillage","VCNT","0","7.5",,"fine-silty, mixed, thermic, Ultic Hapludalf","cropland",,,,"bulk soil",,"791.49","30.58","319.46",,"8107","6730.9","1376.1",,,,,,,,"5.5",,,,,
"1206","66",,"35.62","-88.85","109","15.28","1359.66","temperate","Temperate Broadleaf & Mixed Forests","cover crop; tillage","VCNT","0","7.5",,"fine-silty, mixed, thermic, Ultic Hapludalf","cropland",,,,"bulk soil",,"1202.77","44.55","540.65",,"12257.7","10253","2004.7",,,,,,,,"5.5",,,,,
"1207","66",,"35.62","-88.85","109","15.28","1359.66","temperate","Temperate Broadleaf & Mixed Forests","cover crop; tillage","VCNT","0","7.5",,"fine-silty, mixed, thermic, Ultic Hapludalf","cropland",,,,"bulk soil",,"869.52","39.37","302.63",,"9091.9","7320.3","1771.6",,,,,,,,"5.5",,,,,
"1208","66",,"35.62","-88.85","109","15.28","1359.66","temperate","Temperate Broadleaf & Mixed Forests","cover crop; tillage","VCCT","0","7.5",,"fine-silty, mixed, thermic, Ultic Hapludalf","cropland",,,,"bulk soil",,"879.1","30.01","331.52",,"8877.1","7526.7","1350.4",,,,,,,,"5.5",,,,,
"1209","66",,"35.62","-88.85","109","15.28","1359.66","temperate","Temperate Broadleaf & Mixed Forests","cover crop; tillage","VCCT","0","7.5",,"fine-silty, mixed, thermic, Ultic Hapludalf","cropland",,,,"bulk soil",,"866.61","41.59","347.2",,"9137.2","7265.6","1871.6",,,,,,,,"5.5",,,,,
"1210","66",,"35.62","-88.85","109","15.28","1359.66","temperate","Temperate Broadleaf & Mixed Forests","cover crop; tillage","VCCT","0","7.5",,"fine-silty, mixed, thermic, Ultic Hapludalf","cropland",,,,"bulk soil",,"917.32","39.87","342.32",,"9538.2","7744.1","1794.1",,,,,,,,"5.5",,,,,
"1211","66",,"35.62","-88.85","109","15.28","1359.66","temperate","Temperate Broadleaf & Mixed Forests","cover crop; tillage","WCNT","0","7.5",,"fine-silty, mixed, thermic, Ultic Hapludalf","cropland",,,,"bulk soil",,"761.71","26.14","315.1",,"7696.1","6519.8","1176.3",,,,,,,,"5.5",,,,,
"1212","66",,"35.62","-88.85","109","15.28","1359.66","temperate","Temperate Broadleaf & Mixed Forests","cover crop; tillage","WCNT","0","7.5",,"fine-silty, mixed, thermic, Ultic Hapludalf","cropland",,,,"bulk soil",,"783.18","30.84","306.38",,"8040.5","6652.7","1387.8",,,,,,,,"5.5",,,,,
"1213","66",,"35.62","-88.85","109","15.28","1359.66","temperate","Temperate Broadleaf & Mixed Forests","cover crop; tillage","WCNT","0","7.5",,"fine-silty, mixed, thermic, Ultic Hapludalf","cropland",,,,"bulk soil",,"783.53","28.6","301.05",,"7971.6","6684.6","1287",,,,,,,,"5.5",,,,,
"1214","66",,"35.62","-88.85","109","15.28","1359.66","temperate","Temperate Broadleaf & Mixed Forests","cover crop; tillage","WCCT","0","7.5",,"fine-silty, mixed, thermic, Ultic Hapludalf","cropland",,,,"bulk soil",,"584.57","25.8","196.03",,"6090.9","4929.9","1161",,,,,,,,"5.5",,,,,
"1215","66",,"35.62","-88.85","109","15.28","1359.66","temperate","Temperate Broadleaf & Mixed Forests","cover crop; tillage","WCCT","0","7.5",,"fine-silty, mixed, thermic, Ultic Hapludalf","cropland",,,,"bulk soil",,"812.66","29.1","294.5",,"8249.9","6940.4","1309.5",,,,,,,,"5.5",,,,,
"1216","66",,"35.62","-88.85","109","15.28","1359.66","temperate","Temperate Broadleaf & Mixed Forests","cover crop; tillage","WCCT","0","7.5",,"fine-silty, mixed, thermic, Ultic Hapludalf","cropland",,,,"bulk soil",,"637.85","29.63","195.54",,"6693.6","5360.3","1333.3",,,,,,,,"5.5",,,,,
"1217","66",,"35.62","-88.85","109","15.28","1359.66","temperate","Temperate Broadleaf & Mixed Forests","cover crop; tillage","NCNT","0","7.5",,"fine-silty, mixed, thermic, Ultic Hapludalf","cropland",,,,"aggregate",">2mm","747.1698113","30.46296","299.3421053",,"7704.3","6333.5","1370.8",,,,,,,,,,,,,
"1218","66",,"35.62","-88.85","109","15.28","1359.66","temperate","Temperate Broadleaf & Mixed Forests","cover crop; tillage","NCNT","0","7.5",,"fine-silty, mixed, thermic, Ultic Hapludalf","cropland",,,,"aggregate","1-2mm","716.2629758","29.50166","283.1125828",,"7395.3","6067.7","1327.6",,,,,,,,,,,,,
"1219","66",,"35.62","-88.85","109","15.28","1359.66","temperate","Temperate Broadleaf & Mixed Forests","cover crop; tillage","NCNT","0","7.5",,"fine-silty, mixed, thermic, Ultic Hapludalf","cropland",,,,"aggregate","0.250-1mm","780.5642633","35.03106","267.3267327",,"8151.8","6575.4","1576.4",,,,,,,,,,,,,
"1220","66",,"35.62","-88.85","109","15.28","1359.66","temperate","Temperate Broadleaf & Mixed Forests","cover crop; tillage","NCNT","0","7.5",,"fine-silty, mixed, thermic, Ultic Hapludalf","cropland",,,,"aggregate","<0.250mm","710.2040816","31.75385","221.3114754",,"7413.1","5984.2","1428.9",,,,,,,,,,,,,
"1221","66",,"35.62","-88.85","109","15.28","1359.66","temperate","Temperate Broadleaf & Mixed Forests","cover crop; tillage","NCCT","0","7.5",,"fine-silty, mixed, thermic, Ultic Hapludalf","cropland",,,,"aggregate",">2mm","694.3396226","30.24691358","250",,"7221.9","5860.8","1361.1",,,,,,,,,,,,,
"1222","66",,"35.62","-88.85","109","15.28","1359.66","temperate","Temperate Broadleaf & Mixed Forests","cover crop; tillage","NCCT","0","7.5",,"fine-silty, mixed, thermic, Ultic Hapludalf","cropland",,,,"aggregate","1-2mm","588.2352941","22.92358804","200.3311258",,"6031.4","4999.8","1031.6",,,,,,,,,,,,,
"1223","66",,"35.62","-88.85","109","15.28","1359.66","temperate","Temperate Broadleaf & Mixed Forests","cover crop; tillage","NCCT","0","7.5",,"fine-silty, mixed, thermic, Ultic Hapludalf","cropland",,,,"aggregate","0.250-1mm","427.8996865","28.13664596","227.7227723",,"4756","3489.9","1266.1",,,,,,,,,,,,,
"1224","66",,"35.62","-88.85","109","15.28","1359.66","temperate","Temperate Broadleaf & Mixed Forests","cover crop; tillage","NCCT","0","7.5",,"fine-silty, mixed, thermic, Ultic Hapludalf","cropland",,,,"aggregate","<0.250mm","628.5714286","35.07692308","191.8032787",,"6785.4","5206.9","1578.5",,,,,,,,,,,,,
"1225","66",,"35.62","-88.85","109","15.28","1359.66","temperate","Temperate Broadleaf & Mixed Forests","cover crop; tillage","VCNT","0","7.5",,"fine-silty, mixed, thermic, Ultic Hapludalf","cropland",,,,"aggregate",">2mm","1011.320755","49.69135802","407.8947368",,"10700.1","8464","2236.1",,,,,,,,,,,,,
"1226","66",,"35.62","-88.85","109","15.28","1359.66","temperate","Temperate Broadleaf & Mixed Forests","cover crop; tillage","VCNT","0","7.5",,"fine-silty, mixed, thermic, Ultic Hapludalf","cropland",,,,"aggregate","1-2mm","633.2179931","26.51162791","231.7880795",,"6551.6","5358.6","1193",,,,,,,,,,,,,
"1227","66",,"35.62","-88.85","109","15.28","1359.66","temperate","Temperate Broadleaf & Mixed Forests","cover crop; tillage","VCNT","0","7.5",,"fine-silty, mixed, thermic, Ultic Hapludalf","cropland",,,,"aggregate","0.250-1mm","832.2884013","38.38509317","272.2772277",,"8725.1","6997.8","1727.3",,,,,,,,,,,,,
"1228","66",,"35.62","-88.85","109","15.28","1359.66","temperate","Temperate Broadleaf & Mixed Forests","cover crop; tillage","VCNT","0","7.5",,"fine-silty, mixed, thermic, Ultic Hapludalf","cropland",,,,"aggregate","<0.250mm","1036.734694","45.04615385","367.2131148",,"10779.5","8752.4","2027.1",,,,,,,,,,,,,
"1229","66",,"35.62","-88.85","109","15.28","1359.66","temperate","Temperate Broadleaf & Mixed Forests","cover crop; tillage","VCCT","0","7.5",,"fine-silty, mixed, thermic, Ultic Hapludalf","cropland",,,,"aggregate",">2mm","894.3396226","35.86419753","363.4868421",,"9202.6","7588.7","1613.9",,,,,,,,,,,,,
"1230","66",,"35.62","-88.85","109","15.28","1359.66","temperate","Temperate Broadleaf & Mixed Forests","cover crop; tillage","VCCT","0","7.5",,"fine-silty, mixed, thermic, Ultic Hapludalf","cropland",,,,"aggregate","1-2mm","712.8027682","43.8538206","215.2317881",,"7825.7","5852.3","1973.4",,,,,,,,,,,,,
"1231","66",,"35.62","-88.85","109","15.28","1359.66","temperate","Temperate Broadleaf & Mixed Forests","cover crop; tillage","VCCT","0","7.5",,"fine-silty, mixed, thermic, Ultic Hapludalf","cropland",,,,"aggregate","0.250-1mm","841.69279","41.55279503","275.5775578",,"8911.7","7041.8","1869.9",,,,,,,,,,,,,
"1232","66",,"35.62","-88.85","109","15.28","1359.66","temperate","Temperate Broadleaf & Mixed Forests","cover crop; tillage","VCCT","0","7.5",,"fine-silty, mixed, thermic, Ultic Hapludalf","cropland",,,,"aggregate","<0.250mm","930.6122449","47.44615385","293.442623",,"9901.5","7766.4","2135.1",,,,,,,,,,,,,
"1233","66",,"35.62","-88.85","109","15.28","1359.66","temperate","Temperate Broadleaf & Mixed Forests","cover crop; tillage","WCNT","0","7.5",,"fine-silty, mixed, thermic, Ultic Hapludalf","cropland",,,,"aggregate",">2mm","777.3584906","26.57407407","317.4342105",,"7850.9","6655.1","1195.8",,,,,,,,,,,,,
"1234","66",,"35.62","-88.85","109","15.28","1359.66","temperate","Temperate Broadleaf & Mixed Forests","cover crop; tillage","WCNT","0","7.5",,"fine-silty, mixed, thermic, Ultic Hapludalf","cropland",,,,"aggregate","1-2mm","795.8477509","28.30564784","276.4900662",,"8073.1","6799.3","1273.8",,,,,,,,,,,,,
"1235","66",,"35.62","-88.85","109","15.28","1359.66","temperate","Temperate Broadleaf & Mixed Forests","cover crop; tillage","WCNT","0","7.5",,"fine-silty, mixed, thermic, Ultic Hapludalf","cropland",,,,"aggregate","0.250-1mm","1090.909091","47.14285714","338.2838284",,"11334.4","9213","2121.4",,,,,,,,,,,,,
"1236","66",,"35.62","-88.85","109","15.28","1359.66","temperate","Temperate Broadleaf & Mixed Forests","cover crop; tillage","WCNT","0","7.5",,"fine-silty, mixed, thermic, Ultic Hapludalf","cropland",,,,"aggregate","<0.250mm","734.6938776","34.70769231","255.7377049",,"7728.5","6166.7","1561.8",,,,,,,,,,,,,
"1237","66",,"35.62","-88.85","109","15.28","1359.66","temperate","Temperate Broadleaf & Mixed Forests","cover crop; tillage","WCCT","0","7.5",,"fine-silty, mixed, thermic, Ultic Hapludalf","cropland",,,,"aggregate",">2mm","554.7169811","21.17283951","175.9868421",,"5673.5","4720.7","952.8",,,,,,,,,,,,,
"1238","66",,"35.62","-88.85","109","15.28","1359.66","temperate","Temperate Broadleaf & Mixed Forests","cover crop; tillage","WCCT","0","7.5",,"fine-silty, mixed, thermic, Ultic Hapludalf","cropland",,,,"aggregate","1-2mm","425.6055363","40.46511628","235.0993377",,"5131.9","3311","1820.9",,,,,,,,,,,,,
"1239","66",,"35.62","-88.85","109","15.28","1359.66","temperate","Temperate Broadleaf & Mixed Forests","cover crop; tillage","WCCT","0","7.5",,"fine-silty, mixed, thermic, Ultic Hapludalf","cropland",,,,"aggregate","0.250-1mm","869.9059561","41.92546584","275.5775578",,"9177.6","7291","1886.6",,,,,,,,,,,,,
"1240","66",,"35.62","-88.85","109","15.28","1359.66","temperate","Temperate Broadleaf & Mixed Forests","cover crop; tillage","WCCT","0","7.5",,"fine-silty, mixed, thermic, Ultic Hapludalf","cropland",,,,"aggregate","<0.250mm","714.2857143","30.83076923","216.3934426",,"7420.2","6032.8","1387.4",,,,,,,,,,,,,
"1241","65",,"37.62","101.2","3220","-2.35","467.23","polar","Montane Grasslands & Shrublands","amendment","Control","0","10",,"Cambisol","grassland",,,,"bulk soil",,"3363","186",,,"36249.3","27879.3","8370",,,,,,"66.70","6.75","4.34",,,,,
"1242","65",,"37.62","101.2","3220","-2.35","467.23","polar","Montane Grasslands & Shrublands","amendment","N","0","10",,"Cambisol","grassland",,,,"bulk soil",,"3742","174",,,"39274.3","31444.3","7830",,,,,,"59.90","6.08","7.21",,,,,
"1243","65",,"37.62","101.2","3220","-2.35","467.23","polar","Montane Grasslands & Shrublands","amendment","P","0","10",,"Cambisol","grassland",,,,"bulk soil",,"3569","153",,,"37041.9","30156.9","6885",,,,,,"57.80","5.93","7.11",,,,,
"1244","65",,"37.62","101.2","3220","-2.35","467.23","polar","Montane Grasslands & Shrublands","amendment","NP","0","10",,"Cambisol","grassland",,,,"bulk soil",,"4054","159",,,"41599.9","34444.9","7155",,,,,,"61.70","6.1","7.57",,,,,
"1245","64",,"46.73","-71.52","40","4.33","1127.82","cold/snow","Temperate Broadleaf & Mixed Forests","tillage","Minimum","0","10",,"mixed, frigid Typic Dystrudept","cropland",,,"2015","bulk soil",,"142","13",,,"1696.1","1111.1","585","302",,,,"21",,,,,"17","15","68",
"1246","64",,"46.73","-71.52","40","4.33","1127.82","cold/snow","Temperate Broadleaf & Mixed Forests","tillage","Inversion","0","10",,"mixed, frigid Typic Dystrudept","cropland",,,"2015","bulk soil",,"113","10",,,"1338.6","888.6","450","196",,,,"18",,,,,"17","15","68",
"1247","64",,"46.73","-71.52","40","4.33","1127.82","cold/snow","Temperate Broadleaf & Mixed Forests","amendment","Retained","0","10",,"mixed, frigid Typic Dystrudept","cropland",,,"2015","bulk soil",,"136","12",,,"1610","1070","540","265",,,,"20",,,,,"17","15","68",
"1248","64",,"46.73","-71.52","40","4.33","1127.82","cold/snow","Temperate Broadleaf & Mixed Forests","amendment","Harvested","0","10",,"mixed, frigid Typic Dystrudept","cropland",,,"2015","bulk soil",,"120","11",,,"1433.8","938.8","495","232",,,,"19",,,,,"17","15","68",
"1249","64",,"46.73","-71.52","40","4.33","1127.82","cold/snow","Temperate Broadleaf & Mixed Forests","amendment","Poultry","0","10",,"mixed, frigid Typic Dystrudept","cropland",,,"2015","bulk soil",,"128","12",,,"1538","998","540","263",,,,"19",,,,,"17","15","68",
"1250","64",,"46.73","-71.52","40","4.33","1127.82","cold/snow","Temperate Broadleaf & Mixed Forests","amendment","Liquid dairy","0","10",,"mixed, frigid Typic Dystrudept","cropland",,,"2015","bulk soil",,"125","11",,,"1478.8","983.8","495","276",,,,"20",,,,,"17","15","68",
"1251","64",,"46.73","-71.52","40","4.33","1127.82","cold/snow","Temperate Broadleaf & Mixed Forests","amendment","Liquid swine","0","10",,"mixed, frigid Typic Dystrudept","cropland",,,"2015","bulk soil",,"134","12",,,"1592","1052","540","266",,,,"20",,,,,"17","15","68",
"1252","64",,"46.73","-71.52","40","4.33","1127.82","cold/snow","Temperate Broadleaf & Mixed Forests","amendment","NPK","0","10",,"mixed, frigid Typic Dystrudept","cropland",,,"2015","bulk soil",,"123","11",,,"1460.8","965.8","495","214",,,,"19",,,,,"17","15","68",
"1253","64",,"46.73","-71.52","40","4.33","1127.82","cold/snow","Temperate Broadleaf & Mixed Forests","amendment","PK","0","10",,"mixed, frigid Typic Dystrudept","cropland",,,"2015","bulk soil",,"128","12",,,"1538","998","540","225",,,,"19",,,,,"17","15","68",
"1254","64",,"46.73","-71.52","40","4.33","1127.82","cold/snow","Temperate Broadleaf & Mixed Forests","tillage","Minimum","0","10",,"mixed, frigid Dystric Eutrudept ","cropland",,,"2015","bulk soil",,"278","33",,,"3563.4","2078.4","1485","630",,,,"39",,,,,"43.2","40.5","16.3",
"1255","64",,"46.73","-71.52","40","4.33","1127.82","cold/snow","Temperate Broadleaf & Mixed Forests","tillage","Inversion","0","10",,"mixed, frigid Dystric Eutrudept ","cropland",,,"2015","bulk soil",,"222","27",,,"2866.4","1651.4","1215","442",,,,"34",,,,,"43.2","40.5","16.3",
"1256","64",,"46.73","-71.52","40","4.33","1127.82","cold/snow","Temperate Broadleaf & Mixed Forests","amendment","Retained","0","10",,"mixed, frigid Dystric Eutrudept ","cropland",,,"2015","bulk soil",,"267","31",,,"3400.1","2005.1","1395","571",,,,"38",,,,,"43.2","40.5","16.3",
"1257","64",,"46.73","-71.52","40","4.33","1127.82","cold/snow","Temperate Broadleaf & Mixed Forests","amendment","Harvested","0","10",,"mixed, frigid Dystric Eutrudept ","cropland",,,"2015","bulk soil",,"233","29",,,"3029.7","1724.7","1305","500",,,,"35",,,,,"43.2","40.5","16.3",
"1258","64",,"46.73","-71.52","40","4.33","1127.82","cold/snow","Temperate Broadleaf & Mixed Forests","amendment","Poultry","0","10",,"mixed, frigid Dystric Eutrudept ","cropland",,,"2015","bulk soil",,"262","32",,,"3387.2","1947.2","1440","567",,,,"39",,,,,"43.2","40.5","16.3",
"1259","64",,"46.73","-71.52","40","4.33","1127.82","cold/snow","Temperate Broadleaf & Mixed Forests","amendment","Liquid dairy","0","10",,"mixed, frigid Dystric Eutrudept ","cropland",,,"2015","bulk soil",,"257","31",,,"3310.1","1915.1","1395","596",,,,"38",,,,,"43.2","40.5","16.3",
"1260","64",,"46.73","-71.52","40","4.33","1127.82","cold/snow","Temperate Broadleaf & Mixed Forests","amendment","Liquid swine","0","10",,"mixed, frigid Dystric Eutrudept ","cropland",,,"2015","bulk soil",,"249","30",,,"3205.9","1855.9","1350","547",,,,"35",,,,,"43.2","40.5","16.3",
"1261","64",,"46.73","-71.52","40","4.33","1127.82","cold/snow","Temperate Broadleaf & Mixed Forests","amendment","NPK","0","10",,"mixed, frigid Dystric Eutrudept ","cropland",,,"2015","bulk soil",,"249","29",,,"3173.7","1868.7","1305","495",,,,"36",,,,,"43.2","40.5","16.3",
"1262","64",,"46.73","-71.52","40","4.33","1127.82","cold/snow","Temperate Broadleaf & Mixed Forests","amendment","PK","0","10",,"mixed, frigid Dystric Eutrudept ","cropland",,,"2015","bulk soil",,"231","28",,,"2979.6","1719.6","1260","474",,,,"35",,,,,"43.2","40.5","16.3",
"1263","63",,"43.3","-89.39","307","7.84","847.62","cold/snow","Temperate Broadleaf & Mixed Forests","cover crop","NoCC","0","2",,,"cropland",,,,"bulk soil",,"1330","83","442",,"14639.5","10904.5","3735",,,,,"21.7","21.70","1.9","7.68",,"22.53","54.71","22.76",
"1264","63",,"43.3","-89.39","307","7.84","847.62","cold/snow","Temperate Broadleaf & Mixed Forests","cover crop","RyeCC","0","2",,,"cropland",,,,"bulk soil",,"1427","88","502",,"15673.3","11713.3","3960",,,,,"21.7","21.70","1.9","7",,,,,
"1265","63",,"43.3","-89.39","307","7.84","847.62","cold/snow","Temperate Broadleaf & Mixed Forests","cover crop","RyeHarv","0","2",,,"cropland",,,,"bulk soil",,"1467","92","468",,"16162","12022","4140",,,,,"21.7","21.70","1.9","7",,,,,
"1266","63",,"43.3","-89.39","307","7.84","847.62","cold/snow","Temperate Broadleaf & Mixed Forests","cover crop","NoCC","14","16",,,"cropland",,,,"bulk soil",,"1383","98","428",,"15599","11189","4410",,,,,"17.8","17.80","1.5","7",,,,,
"1267","63",,"43.3","-89.39","307","7.84","847.62","cold/snow","Temperate Broadleaf & Mixed Forests","cover crop","RyeCC","14","16",,,"cropland",,,,"bulk soil",,"1339","104","417",,"15395.9","10715.9","4680",,,,,"17.8","17.80","1.5","7",,,,,
"1268","63",,"43.3","-89.39","307","7.84","847.62","cold/snow","Temperate Broadleaf & Mixed Forests","cover crop","RyeHarv","14","16",,,"cropland",,,,"bulk soil",,"1356","89","421",,"15066.5","11061.5","4005",,,,,"17.8","17.80","1.5","7",,,,,
"1269","63",,"43.3","-89.39","307","7.84","847.62","cold/snow","Temperate Broadleaf & Mixed Forests","cover crop","NoCC","26","28",,,"cropland",,,,"bulk soil",,"903","84","258",,"10828.7","7048.7","3780",,,,,"8.8","8.80","1","7",,,,,
"1270","63",,"43.3","-89.39","307","7.84","847.62","cold/snow","Temperate Broadleaf & Mixed Forests","cover crop","RyeCC","26","28",,,"cropland",,,,"bulk soil",,"928","77","274",,"10828.5","7363.5","3465",,,,,"8.8","8.80","1","7",,,,,
"1271","63",,"43.3","-89.39","307","7.84","847.62","cold/snow","Temperate Broadleaf & Mixed Forests","cover crop","RyeHarv","26","28",,,"cropland",,,,"bulk soil",,"860","77","249",,"10216.5","6751.5","3465",,,,,"8.8","8.80","1","7",,,,,
"1272","63",,"43.3","-89.39","307","7.84","847.62","cold/snow","Temperate Broadleaf & Mixed Forests","cover crop","NoCC","36","38",,,"cropland",,,,"bulk soil",,"694","59","206",,"8143.6","5488.6","2655",,,,,"6.5","6.50","0.8","7",,,,,
"1273","63",,"43.3","-89.39","307","7.84","847.62","cold/snow","Temperate Broadleaf & Mixed Forests","cover crop","RyeCC","36","38",,,"cropland",,,,"bulk soil",,"786","55","246",,"8843","6368","2475",,,,,"6.5","6.50","0.8","7",,,,,
"1274","63",,"43.3","-89.39","307","7.84","847.62","cold/snow","Temperate Broadleaf & Mixed Forests","cover crop","RyeHarv","36","38",,,"cropland",,,,"bulk soil",,"724","66","213",,"8638.8","5668.8","2970",,,,,"6.5","6.50","0.8","7",,,,,
"1275","62",,"33.483","102.017",,"1.11","738.8","cold/snow","Montane Grasslands & Shrublands",,,"0","20",,"Borolls","grassland",,"meadow",,"bulk soil",,"4867.1","202.3","3224.9","154.7","50310.5","41207","9103.5",,,,,"119",,,,,,,,
"1276","62",,"33.483","102.017",,"1.11","738.8","cold/snow","Montane Grasslands & Shrublands",,,"20","40",,"Borolls","grassland",,"meadow",,"bulk soil",,"2380","102","1985.6","122.4","24700.6","20110.6","4590",,,,,"68",,,,,,,,
"1277","62",,"33.483","102.017",,"1.11","738.8","cold/snow","Montane Grasslands & Shrublands",,,"40","60",,"Borolls","grassland",,"meadow",,"bulk soil",,"1440","55","1440","85","14729","12254","2475",,,,,"50",,,,,,,,
"1278","62",,"33.483","102.017",,"1.11","738.8","cold/snow","Montane Grasslands & Shrublands",,,"0","20",,,"wetland",,,,"bulk soil",,"4315.2","279","2343.6","148.8","47810.3","35255.3","12555",,,,,"186",,,,,,,,
"1279","62",,"33.483","102.017",,"1.11","738.8","cold/snow","Montane Grasslands & Shrublands",,,"20","40",,,"wetland",,,,"bulk soil",,"3412.2","479.4","1804.8","169.2","46128.7","24555.7","21573",,,,,"282",,,,,,,,
"1280","62",,"33.483","102.017",,"1.11","738.8","cold/snow","Montane Grasslands & Shrublands",,,"40","60",,,"wetland",,,,"bulk soil",,"3559.5","339","2576.4","237.3","42938.7","27683.7","15255",,,,,"339",,,,,,,,
"1281","62",,"33.667","101.867",,"2.76","776.01","cold/snow","Montane Grasslands & Shrublands",,,"0","20",,"Borolls","grassland",,"meadow",,"bulk soil",,"3547.8","138.7","2211.9","146","36391.2","30149.7","6241.5",,,,,"73",,,,,,,,
"1282","62",,"33.667","101.867",,"2.76","776.01","cold/snow","Montane Grasslands & Shrublands",,,"20","40",,"Borolls","grassland",,"meadow",,"bulk soil",,"1084.8","48","871.2","60","11307","9147","2160",,,,,"24",,,,,,,,
"1283","62",,"33.667","101.867",,"2.76","776.01","cold/snow","Montane Grasslands & Shrublands",,,"40","60",,"Borolls","grassland",,"meadow",,"bulk soil",,"666.4","34","554.2","44.2","7091.1","5561.1","1530",,,,,"17",,,,,,,,
"1284","62",,"33.667","101.867",,"2.76","776.01","cold/snow","Montane Grasslands & Shrublands",,,"0","20",,,"wetland",,,,"bulk soil",,"6489","339.9","4109.7","247.2","69333.2","54037.7","15295.5",,,,,"309",,,,,,,,
"1285","62",,"33.667","101.867",,"2.76","776.01","cold/snow","Montane Grasslands & Shrublands",,,"20","40",,,"wetland",,,,"bulk soil",,"2898.5","224.4","2169.2","205.7","33303.9","23205.9","10098",,,,,"187",,,,,,,,
"1286","62",,"33.667","101.867",,"2.76","776.01","cold/snow","Montane Grasslands & Shrublands",,,"40","60",,,"wetland",,,,"bulk soil",,"2740.6","289.5","2296.7","212.3","33976.6","20949.1","13027.5",,,,,"193",,,,,,,,
"1287","61",,"43.5","124.8","205","5.62","637.32","cold/snow","Temperate Broadleaf & Mixed Forests","amendment","control","0","20",,"Typic Hapludoll",,,,,"bulk soil",,"512.568306","45.57377049","341.5300546",,"6078.9","4028.1","2050.8",,,"36.2",,"18.2",,"1.42","7.73",,"31","30","39",
"1288","61",,"43.5","124.8","205","5.62","637.32","cold/snow","Temperate Broadleaf & Mixed Forests","amendment","NPK","0","20",,"Typic Hapludoll",,,,,"bulk soil",,"608.1967213","63.27868852","393.442623",,"7509","4661.5","2847.5",,,"94.4",,"19.1",,"1.53","7.61",,"31","30","39",
"1289","61",,"43.5","124.8","205","5.62","637.32","cold/snow","Temperate Broadleaf & Mixed Forests","amendment","M1","0","20",,"Typic Hapludoll",,,,,"bulk soil",,"937.1584699","85.24590164","620.2185792",,"11176.2","7340.1","3836.1",,,"136.5",,"23.8",,"1.93","7.56",,"31","30","39",
"1290","61",,"43.5","124.8","205","5.62","637.32","cold/snow","Temperate Broadleaf & Mixed Forests","amendment","M1NPK","0","20",,"Typic Hapludoll",,,,,"bulk soil",,"998.3606557","99.01639344","636.6120219",,"12169.9","7714.2","4455.7",,,"158.9",,"25.6",,"2.13","7.75",,"31","30","39",
"1291","61",,"43.5","124.8","205","5.62","637.32","cold/snow","Temperate Broadleaf & Mixed Forests","amendment","M2","0","20",,"Typic Hapludoll",,,,,"bulk soil",,"1006.010929","88.85245902","566.9398907",,"11911.9","7913.5","3998.4",,,"225.7",,"29.5",,"2.72","7.79",,"31","30","39",
"1292","61",,"43.5","124.8","205","5.62","637.32","cold/snow","Temperate Broadleaf & Mixed Forests","amendment","M2NPK","0","20",,"Typic Hapludoll",,,,,"bulk soil",,"1074.863388","105.9016393","655.7377049",,"13079.9","8314.3","4765.6",,,"233.7",,"31.1",,"2.94","7.64",,"31","30","39",
"1293","60",,"50.93","121.5","825","-4.88","451.93","cold/snow","Temperate Conifer Forests",,,"0","10",,"Alfisols","forest",,,,"bulk soil",,"6159.22","565.64",,,"73625.6","48171.8","25453.8",,,,,,"377.80","14.7",,,,,,
"1294","60",,"48.17","129.18","350","-0.62","624.36","cold/snow","Temperate Broadleaf & Mixed Forests",,,"0","10",,"Alfisols","forest",,,,"bulk soil",,"3917.6","586.592",,,"54124.9","27728.3","26396.6",,,,,,"92.40","6.6","5.9",,"2.81",,,
"1295","60",,"48.18","129.19","1300","-0.62","624.36","cold/snow","Temperate Broadleaf & Mixed Forests",,,"0","10",,"Alfisols","forest",,,,"bulk soil",,"3938.55","565.64",,,"53639.6","28185.8","25453.8",,,,,,"41.20","3.4","5.5",,"6.82",,,
"1296","60",,"39.97","115.43","1301","7.21","545.44","cold/snow","Temperate Broadleaf & Mixed Forests",,,"0","10",,"Alfisols","forest",,,,"bulk soil",,"2283.52","502.793",,,"36723","14097.3","22625.7",,,,,,"65.70","5.17","6.53",,"5",,,
"1297","60",,"30.02","117.35","375","16.81","1494.56","temperate","Temperate Broadleaf & Mixed Forests",,,"0","10",,"Alfisols","forest",,,,"bulk soil",,"1801.68","544.693",,,"33734.1","9222.9","24511.2",,,,,,"45.10","3.2","6.53",,"5.47",,,
"1298","60",,"27.65","117.95","700","10.2","1991","temperate","Tropical & Subtropical Moist Broadleaf Forests",,,"0","10",,"Ultisols","forest",,,,"bulk soil",,"1759.78","502.793",,,"32009.3","9383.6","22625.7",,,,,,"32.50","2.2","4.53",,"13.11",,,
"1299","60",,"18.72","118.72","870",,,,,,,"0","10",,"Inceptisols","forest",,,,"bulk soil",,"1655.03","460.894",,,"29718.9","8978.7","20740.2",,,,,,"21.50","1.7","4.62",,"11.17",,,
"1300","60",,"18.72","118.72","871",,,,,,,"0","10",,"Inceptisols","forest",,,,"bulk soil",,"1822.63","460.894",,,"31227.3","10487.1","20740.2",,,,,,"25.90","2.1","4.49",,"9.04",,,
"1301","59",,"34.92","93.04","4750","-3.19","277.15","polar","Montane Grasslands & Shrublands",,,"0","5",,"Gelisols","grassland",,,,"bulk soil",,"391.101425","75.5555556",,,"5950","2550","3400",,,"185","47.7",,"48.95","3.84","4.8",,,,,
"1302","59",,"34.92","93.04","4750","-3.19","277.15","polar","Montane Grasslands & Shrublands",,,"0","5",,"Gelisols","grassland",,,,"bulk soil",,"312.88114","60.4444444",,,"4760","2040","2720",,,"185","47.7",,"34.18","2.54","8.4",,,,,
"1303","59",,"34.92","93.04","4750","-3.19","277.15","polar","Montane Grasslands & Shrublands",,,"0","5",,"Gelisols","grassland",,,,"bulk soil",,"275.437664","52.8888889",,,"4180","1800","2380",,,"185","47.7",,"22.37","1.94","8.4",,,,,
"1304","59",,"34.92","93.04","4750","-3.19","277.15","polar","Montane Grasslands & Shrublands",,,"0","5",,"Gelisols","grassland",,,,"bulk soil",,"474.665039","114.666667",,,"7960","2800","5160",,,"225","50.1",,"50.49","3.86","8.4",,,,,
"1305","59",,"34.92","93.04","4750","-3.19","277.15","polar","Montane Grasslands & Shrublands",,,"0","5",,"Gelisols","grassland",,,,"bulk soil",,"470.227529","111.555556",,,"7820","2800","5020",,,"225","50.1",,"35.72","2.45","7.4",,,,,
"1306","59",,"34.92","93.04","4750","-3.19","277.15","polar","Montane Grasslands & Shrublands",,,"0","5",,"Gelisols","grassland",,,,"aggregate","0.053-8mm","439.164962","89.7777778",,,"6840","2800","4040",,,"225","50.1",,"22.30","1.58","7.4",,,,,
"1307","59",,"34.92","93.04","4750","-3.19","277.15","polar","Montane Grasslands & Shrublands",,,"0","5",,"Gelisols","grassland",,,,"aggregate","0.053-8mm","386.772121","95.1111111",,,"6540","2260","4280",,,"665","121.9",,"56.17","3.21","7.4",,,,,
"1308","59",,"34.92","93.04","4750","-3.19","277.15","polar","Montane Grasslands & Shrublands",,,"0","5",,"Gelisols","grassland",,,,"aggregate","0.053-8mm","365.998779","86",,,"6060","2190","3870",,,"665","121.9",,"35.51","2.23","8.1",,,,,
"1309","59",,"34.92","93.04","4750","-3.19","277.15","polar","Montane Grasslands & Shrublands",,,"0","5",,"Gelisols","grassland",,,,"aggregate","0.053-8mm","336.820665","73.3333333",,,"5390","2090","3300",,,"665","121.9",,"27.45","2.07","8.1",,,,,
"1310","59",,"34.92","93.04","4750","-3.19","277.15","polar","Montane Grasslands & Shrublands",,,"0","5",,"Gelisols","grassland",,,,"aggregate","0.053-8mm","451.67641","102.444444",,,"7360","2750","4610",,,"169","30.6",,"61.21","4.43","8.1",,,,,
"1311","59",,"34.92","93.04","4750","-3.19","277.15","polar","Montane Grasslands & Shrublands",,,"0","5",,"Gelisols","grassland",,,,"aggregate","<0.053mm","413.445723","92",,,"6680","2540","4140",,,"169","30.6",,"54.77","3.68","8",,,,,
"1312","59",,"34.92","93.04","4750","-3.19","277.15","polar","Montane Grasslands & Shrublands",,,"0","5",,"Gelisols","grassland",,,,"aggregate","<0.053mm","388.071188","82",,,"6130","2440","3690",,,"169","30.6",,"48.59","3.36","8",,,,,
"1313","59",,"34.92","93.04","4750","-3.19","277.15","polar","Montane Grasslands & Shrublands",,,"0","5",,"Gelisols","grassland",,,,"aggregate","<0.053mm","524.94733","130.444444",,,"8920","3050","5870",,,"371.6","45.9",,"59.91","3.63","8",,,,,
"1314","59",,"34.92","93.04","4750","-3.19","277.15","polar","Montane Grasslands & Shrublands",,,"0","5",,"Gelisols","grassland",,,,"aggregate","<0.053mm","455.173427","100.222222",,,"7320","2810","4510",,,"371.6","45.9",,"56.69","3.53","7.9",,,,,
"1315","59",,"34.92","93.04","4750","-3.19","277.15","polar","Montane Grasslands & Shrublands",,,"0","5",,"Gelisols","grassland",,,,"aggregate","<0.053mm","438.673911","96.4444444",,,"7050","2710","4340",,,"371.6","45.9",,"41.39","2.88","7.9",,,,,
"1316","58",,"21.9","101.25",,"19.46","1557.01","temperate","Tropical & Subtropical Moist Broadleaf Forests",,,"0","10",,"latosols","forest",,,,"bulk soil",,"1296.62231","91.1111111",,,"14600","10500","4100",,,"617",,,"21.20","1.7",,,,,,
"1317","58",,"21.9","101.25",,"19.46","1557.01","temperate","Tropical & Subtropical Moist Broadleaf Forests",,,"0","10",,"latosols","forest",,,,"bulk soil",,"2042.53022","146.666667",,,"23100","16500","6600",,,"947",,,"29.30","2.7","4.5",,,,,
"1318","57",,"34.6","-82.87",,"15.76","1234.3","temperate","Temperate Broadleaf & Mixed Forests",,,"0","15",,"Cambic Umbrisols","grassland",,,,"bulk soil",,"284.5986","25.3162",,,"3375.6","2236.4","1139.2",,,,,,"13.91","1.49","9.48",,,,,
"1319","57",,"34.6","-82.88",,"15.76","1234.3","temperate","Temperate Broadleaf & Mixed Forests",,,"0","15",,"Cambic Umbrisols","grassland",,,,"bulk soil",,"323.0634","28.7378",,,"3831.9","2538.7","1293.2",,,,,,"15.79","1.59","5.8",,,,,
"1320","57",,"34.6","-82.89",,"15.76","1234.3","temperate","Temperate Broadleaf & Mixed Forests",,,"0","15",,"Cambic Umbrisols","grassland",,,,"bulk soil",,"376.8732","33.5244",,,"4470.1","2961.5","1508.6",,,,,,"18.42","1.9","6.1",,,,,
"1321","56",,"32.46","80.95",,"2.48","125.07","polar","Montane Grasslands & Shrublands",,,"0","10",,,"grassland",,,,"bulk soil",,"86","42.9",,,"2153.8","223.3","1930.5",,,"143.823",,,"5.70","0.5962539","7.1",,,,,
"1322","56",,"32.08","81.83",,"-0.08","118.97","polar","Montane Grasslands & Shrublands",,,"0","10",,,"grassland",,,,"bulk soil",,"137.5","29.8",,,"2196","855","1341",,,"130.8399",,,"5.20","0.656962","8.62",,,,,
"1323","56",,"31.98","85.08",,"-2.77","468.26","polar","Montane Grasslands & Shrublands",,,"0","10",,,"grassland",,,,"bulk soil",,"150.3","35",,,"2478.4","903.4","1575",,,"192.759",,,"8.20","0.5879828","8.66",,,,,
"1324","56",,"31.75","86.8",,"-0.01","591.86","polar","Montane Grasslands & Shrublands",,,"0","10",,,"grassland",,,,"bulk soil",,"423","49.6",,,"5402.3","3170.3","2232",,,"266.1077",,,"12.20","1.2541152","8.56",,,,,
"1325","56",,"31.51","89.15",,"1.22","330.44","cold/snow","Montane Grasslands & Shrublands",,,"0","10",,,"grassland",,,,"bulk soil",,"125.6","75.8",,,"3568.3","157.3","3411",,,"198.8635",,,"8.70","0.8530572","8.22",,,,,
"1326","56",,"36.32","100.89",,"5.29","356.49","cold/snow","Montane Grasslands & Shrublands",,,"0","10",,,"grassland",,,,"bulk soil",,"741.5","4.9",,,"6831.1","6610.6","220.5",,,"1378.674",,,"32.70","3.8480565","8.33",,,,,
"1327","56",,"34.88","98.25",,"-3.15","330.45","polar","Montane Grasslands & Shrublands",,,"0","10",,,"grassland",,,,"bulk soil",,"259.7","17.1",,,"2887.3","2117.8","769.5",,,"490.1232",,,"10.10","1.0501044","8.6",,,,,
"1328","56",,"36.86","101.02",,"0.65","412.05","cold/snow","Montane Grasslands & Shrublands",,,"0","10",,,"grassland",,,,"bulk soil",,"483.7","5.2",,,"4520.5","4286.5","234",,,"944.9957",,,"23.90","1.6995739","8.32",,,,,
"1329","56",,"36.98","100.92",,"1.71","391.5","cold/snow","Montane Grasslands & Shrublands",,,"0","10",,,"grassland",,,,"bulk soil",,"2439.1","92.5",,,"24927","20764.5","4162.5",,,"1008.5824",,,"38.30","4.2389381","8.32",,,,,
"1330","56",,"37.14","99.57",,"0.64","386.95","arid","Montane Grasslands & Shrublands",,,"0","10",,,"grassland",,,,"bulk soil",,"394.2","28.9",,,"4477.3","3176.8","1300.5",,,"458.4048",,,"23.50","1.75","8.04",,,,,
"1331","56",,"36.94","98.91",,"0.38","377.99","arid","Deserts & Xeric Shrublands",,,"0","10",,,"grassland",,,,"bulk soil",,"358.1","10.8",,,"3570.3","3084.3","486",,,"658.3261",,,"16.60","1.2007246","8.54",,,,,
"1332","56",,"35.71","94.28",,"5.81","79.42","polar","Montane Grasslands & Shrublands",,,"0","10",,,"grassland",,,,"bulk soil",,"1213.4","224.7",,,"18147.6","8036.1","10111.5",,,"783.9292",,,"31.90","2.6195563","8.2",,,,,
"1333","56",,"33.73","92.1",,"-3.7","320.24","polar","Montane Grasslands & Shrublands",,,"0","10",,,"grassland",,,,"bulk soil",,"320.1","32.8",,,"3935.8","2459.8","1476",,,"589.9856",,,"9.80","2.0982906","7.98",,,,,
"1334","56",,"32.19","91.68",,"-1.25","448.25","polar","Montane Grasslands & Shrublands",,,"0","10",,,"grassland",,,,"bulk soil",,"334.3","18.4",,,"3600.5","2772.5","828",,,"163.3918",,,"3.90","0.3995943","8.2",,,,,
"1335","56",,"31.58","91.86",,"-2.17","444.27","polar","Montane Grasslands & Shrublands",,,"0","10",,,"grassland",,,,"bulk soil",,"1318","9.2",,,"12157.9","11743.9","414",,,"900.1344",,,"42.20","3.2","8.36",,,,,
"1336","56",,"31.07","91.69",,"0.04","445.71","polar","Montane Grasslands & Shrublands",,,"0","10",,,"grassland",,,,"bulk soil",,"435.1","2.2",,,"3986.7","3887.7","99",,,"190.6157",,,"16.40","1.9488704","6.97",,,,,
"1337","56",,"30.62","91.54",,"-2.69","459.31","polar","Montane Grasslands & Shrublands",,,"0","10",,,"grassland",,,,"bulk soil",,"2379.7","61.9",,,"23408.2","20622.7","2785.5",,,"737.907",,,"66.20","4.880531","7.11",,,,,
"1338","56",,"37.41","100.11",,"0.97","395.34","cold/snow","Montane Grasslands & Shrublands",,,"0","10",,,"grassland",,,,"bulk soil",,"5731.9","67.4",,,"53754.9","50721.9","3033",,,"1439.7323",,,"88.50","7.4423886","5.81",,,,,
"1339","56",,"29.28","90.64",,"7.61","438.44","cold/snow","Montane Grasslands & Shrublands",,,"0","10",,,"grassland",,,,"bulk soil",,"269.9","6.6",,,"2641.4","2344.4","297",,,"261.2842",,,"11.00","1.3604938","7.1",,,,,
"1340","56",,"29.2","90.62",,"7.61","438.44","cold/snow","Montane Grasslands & Shrublands",,,"0","10",,,"grassland",,,,"bulk soil",,"1103","22.4",,,"10647.4","9639.4","1008",,,"975.855",,,"58.30","4.2401747","7.72",,,,,
"1341","56",,"29.21","90.64",,"7.61","438.44","cold/snow","Montane Grasslands & Shrublands",,,"0","10",,,"grassland",,,,"bulk soil",,"795.8","158.6",,,"12263.2","5126.2","7137",,,"1008.0378",,,"62.30","5.4020797","6.51",,,,,
"1342","56",,"29.23","90.63",,"7.61","438.44","cold/snow","Montane Grasslands & Shrublands",,,"0","10",,,"grassland",,,,"bulk soil",,"903","296.5",,,"17663.3","4320.8","13342.5",,,"1213.7616",,,"54.40","4.0192166","6.66",,,,,
"1343","56",,"28.89","90.3",,"-0.43","425.18","polar","Montane Grasslands & Shrublands",,,"0","10",,,"grassland",,,,"bulk soil",,"335.8","1.6",,,"3073.7","3001.7","72",,,"533.2901",,,"27.80","2.6798457","6.93",,,,,
"1344","56","calculated FNC is negative, but AS values are correct (as reported in the text)","28.31","89.47",,"0.95","937.42","polar","Montane Grasslands & Shrublands",,,"0","10",,,"grassland",,,,"bulk soil",,"88.9","98.4",,,"4428","0","4428",,,"704.4045",,,"24.50","2.1409807","7.9",,,,,
"1345","56",,"28.56","87.79",,"-0.24","870.43","polar","Montane Grasslands & Shrublands",,,"0","10",,,"grassland",,,,"bulk soil",,"29.4","0.6",,,"283.9","256.9","27",,,"76.5302",,,"2.60","0.4395973","8.09",,,,,
"1346","56",,"28.94","87.44",,"1.62","300.05","polar","Montane Grasslands & Shrublands",,,"0","10",,,"grassland",,,,"bulk soil",,"567.9","3.7",,,"5230.1","5063.6","166.5",,,"1075.0817",,,"33.10","2.6009427","8.38",,,,,
"1347","56",,"29.9","90.13",,"0.07","467.58","cold/snow","Montane Grasslands & Shrublands",,,"0","10",,,"grassland",,,,"bulk soil",,"1050.8","4.7",,,"9608.4","9396.9","211.5",,,"1034.4708",,,"66.40","4.2589744","6.27",,,,,
"1348","56",,"29.87","90.12",,"0.07","467.58","cold/snow","Montane Grasslands & Shrublands",,,"0","10",,,"grassland",,,,"bulk soil",,"1075.5","5.8",,,"9866","9605","261",,,"1099.869",,,"70.10","3.960452","6.76",,,,,
"1349","56",,"49.33","119.97",,"-0.84","379.38","cold/snow","Temperate Grasslands, Savannas & Shrublands",,,"0","10",,,"grassland",,,,"bulk soil",,"1301.7","194.7",,,"17977.4","9215.9","8761.5",,,"632.7627",,,"35.80","3.5004888","6.29",,,,,
"1350","56",,"49.05","119.54",,"-0.84","379.38","cold/snow","Temperate Grasslands, Savannas & Shrublands",,,"0","10",,,"grassland",,,,"bulk soil",,"623.7","116.9",,,"9373.1","4112.6","5260.5",,,"377.856",,,"19.20","2.0020855","7.7",,,,,
"1351","56",,"48.48","119.65",,"-1.87","354.03","cold/snow","Temperate Grasslands, Savannas & Shrublands",,,"0","10",,,"grassland",,,,"bulk soil",,"1237","219.1",,,"18179.9","8320.4","9859.5",,,"637.875",,,"36.50","3.6559679","7.73",,,,,
"1352","56",,"49.49","118.4",,"-0.94","313.06","cold/snow","Temperate Grasslands, Savannas & Shrublands",,,"0","10",,,"grassland",,,,"bulk soil",,"465.6","89.8",,,"7078.6","3037.6","4041",,,"284.08",,,"13.30","1.4496718","8.3",,,,,
"1353","56",,"48.81","116.79",,"0.96","244.8","arid","Temperate Grasslands, Savannas & Shrublands",,,"0","10",,,"grassland",,,,"bulk soil",,"376.6","64.1",,,"5451","2566.5","2884.5",,,"284.2918",,,"12.90","1.4111232","8.33",,,,,
"1354","56",,"48.76","118.7",,"-1.21","330.88","cold/snow","Temperate Grasslands, Savannas & Shrublands",,,"0","10",,,"grassland",,,,"bulk soil",,"749.4","147",,,"11472.5","4857.5","6615",,,"461.3154",,,"24.10","2.5818182","9.7",,,,,
"1355","56",,"49.62","119.79",,"-2.28","359.45","cold/snow","Temperate Grasslands, Savannas & Shrublands",,,"0","10",,,"grassland",,,,"bulk soil",,"1443","74.3",,,"15376.7","12033.2","3343.5",,,"778.5687",,,"46.90","4.3941948","8.41",,,,,
"1356","56",,"43.58","116.69",,"1.93","314.92","cold/snow","Temperate Grasslands, Savannas & Shrublands",,,"0","10",,,"grassland",,,,"bulk soil",,"379.8","101.6",,,"6686","2114","4572",,,"258.0144",,,"11.80","1.4202899","7.84",,,,,
"1357","56",,"43.83","116.48",,"2.31","287.11","arid","Temperate Grasslands, Savannas & Shrublands",,,"0","10",,,"grassland",,,,"bulk soil",,"629.8","118.3",,,"9473.1","4149.6","5323.5",,,"448.47",,,"22.70","2.7060932","8.73",,,,,
"1358","56",,"44.64","117.76",,"1.37","323.46","cold/snow","Temperate Grasslands, Savannas & Shrublands",,,"0","10",,,"grassland",,,,"bulk soil",,"646.1","116.2",,,"9552.2","4323.2","5229",,,"469.8624",,,"24.30","2.7730901","8.14",,,,,
"1359","56",,"43.93","116.29",,"2.31","287.11","arid","Temperate Grasslands, Savannas & Shrublands",,,"0","10",,,"grassland",,,,"bulk soil",,"471.9","104.2",,,"7598.5","2909.5","4689",,,"321.468",,,"15.10","1.7622951","8.87",,,,,
"1360","56",,"43.74","116.11",,"2.31","287.11","arid","Temperate Grasslands, Savannas & Shrublands",,,"0","10",,,"grassland",,,,"bulk soil",,"297.6","69",,,"4897.6","1792.6","3105",,,"265.8201",,,"11.80","1.4270205","8.23",,,,,
"1361","56",,"44.42","116.96",,"1.1","297.69","cold/snow","Temperate Grasslands, Savannas & Shrublands",,,"0","10",,,"grassland",,,,"bulk soil",,"301","37.6",,,"3918.3","2226.3","1692",,,"350.2278",,,"16.60","1.9518779","9.24",,,,,
"1362","56",,"45.59","117.04",,"0.7","255.72","cold/snow","Temperate Grasslands, Savannas & Shrublands",,,"0","10",,,"grassland",,,,"bulk soil",,"257.8","69.4",,,"4552.3","1429.3","3123",,,"292.4858",,,"13.50","1.5191874","8.97",,,,,
"1363","56",,"47.65","119.3",,"-0.97","317.96","cold/snow","Temperate Grasslands, Savannas & Shrublands",,,"0","10",,,"grassland",,,,"bulk soil",,"1015.6","164.9",,,"14444.1","7023.6","7420.5",,,"524.2792",,,"28.90","2.9044266","7.76",,,,,
"1364","56",,"48.6","116.63",,"0.96","244.8","arid","Temperate Grasslands, Savannas & Shrublands",,,"0","10",,,"grassland",,,,"bulk soil",,"401.2","108.6",,,"7103.7","2216.7","4887",,,"323.0876",,,"15.10","1.8110048","9.22",,,,,
"1365","56",,"48.49","117.14",,"0.78","250.23","arid","Temperate Grasslands, Savannas & Shrublands",,,"0","10",,,"grassland",,,,"bulk soil",,"206.6","56.4",,,"3673.4","1135.4","2538",,,"185.5026",,,"7.70","0.8954704","8.85",,,,,
"1366","56",,"46.6","119.5",,"-1.63","394.25","cold/snow","Temperate Grasslands, Savannas & Shrublands",,,"0","10",,,"grassland",,,,"bulk soil",,"520.6","81.8",,,"7316.3","3635.3","3681",,,"315.7672",,,"15.80","1.4447489","9.06",,,,,
"1367","56",,"46.27","118.54",,"-0.28","353.32","cold/snow","Temperate Grasslands, Savannas & Shrublands",,,"0","10",,,"grassland",,,,"bulk soil",,"390.5","65.8",,,"5630.8","2669.8","2961",,,"247.696",,,"11.30","1.207265","8.34",,,,,
"1368","56",,"45.41","116.91",,"0.46","255.78","arid","Temperate Grasslands, Savannas & Shrublands",,,"0","10",,,"grassland",,,,"bulk soil",,"223.4","54.2",,,"3753.8","1314.8","2439",,,"171.01",,,"7.00","0.8849558","7.71",,,,,
"1369","56",,"44.08","115.91",,"2.01","274.54","arid","Temperate Grasslands, Savannas & Shrublands",,,"0","10",,,"grassland",,,,"bulk soil",,"292.3","64.3",,,"4698.8","1805.3","2893.5",,,"235.6536",,,"10.10","1.2396088","8.96",,,,,
"1370","56",,"43.86","114.16",,"2.31","224.07","arid","Temperate Grasslands, Savannas & Shrublands",,,"0","10",,,"grassland",,,,"bulk soil",,"169.1","63.9",,,"3577.1","701.6","2875.5",,,"160.1733",,,"6.20","0.8373656","9.09",,,,,
"1371","56",,"41.52","110.69",,"3.69","272.89","arid","Deserts & Xeric Shrublands",,,"0","10",,,"grassland",,,,"bulk soil",,"272.2","49.1",,,"4029","1819.5","2209.5",,,"263.6785",,,"11.40","1.5166445","8.03",,,,,
"1372","56",,"41.5","108.83",,"6.55","222.97","arid","Deserts & Xeric Shrublands",,,"0","10",,,"grassland",,,,"bulk soil",,"130","38.6",,,"2411.5","674.5","1737",,,"186.807",,,"7.30","0.8721625","9.02",,,,,
"1373","56",,"41.82","108.54",,"3.6","206.5","arid","Deserts & Xeric Shrublands",,,"0","10",,,"grassland",,,,"bulk soil",,"120.1","22.5",,,"1804.6","792.1","1012.5",,,"145.5948",,,"5.50","0.5263663","9.2",,,,,
"1374","56",,"39.76","108.64",,"6.15","326.76","arid","Montane Grasslands & Shrublands",,,"0","10",,,"grassland",,,,"bulk soil",,"120.5","38.5",,,"2322.8","590.3","1732.5",,,"139.1544",,,"5.00","0.5947867","9.25",,,,,
"1375","56",,"39.15","107.93",,"7.61","268.07","arid","Montane Grasslands & Shrublands",,,"0","10",,,"grassland",,,,"bulk soil",,"110.9","39.6",,,"2271.8","489.8","1782",,,"145.856",,,"5.30","0.6324582","9.36",,,,,
"1376","56",,"41.74","111.79",,"4.18","315.28","arid","Temperate Grasslands, Savannas & Shrublands",,,"0","10",,,"grassland",,,,"bulk soil",,"273","58.9",,,"4351.4","1700.9","2650.5",,,"245.7807",,,"10.50","1.2918719","9.56",,,,,
"1377","56",,"42.09","112.16",,"4.26","221.56","arid","Deserts & Xeric Shrublands",,,"0","10",,,"grassland",,,,"bulk soil",,"168","32.7",,,"2563.7","1092.2","1471.5",,,"190.3872",,,"7.70","0.9088757","9.26",,,,,
"1378","56",,"43.3","112.26",,"4.71","155.65","arid","Deserts & Xeric Shrublands",,,"0","10",,,"grassland",,,,"bulk soil",,"126.7","36.6",,,"2317.5","670.5","1647",,,"112.4373",,,"3.90","0.4949622","9.29",,,,,
"1379","56",,"42.96","112.74",,"5.41","208.69","arid","Deserts & Xeric Shrublands",,,"0","10",,,"grassland",,,,"bulk soil",,"147.6","56.6",,,"3148.8","601.8","2547",,,"147.2476",,,"5.50","0.7070968","9.85",,,,,
"1380","56",,"43.33","113.07",,"4.88","188.57","arid","Deserts & Xeric Shrublands",,,"0","10",,,"grassland",,,,"bulk soil",,"191.2","22.2",,,"2434.8","1435.8","999",,,"179.9444",,,"7.00","0.977591","9.49",,,,,
"1381","21","Converted from AS-C to AS","41.52","123.4","31","8.39","695.67","cold/snow","Temperate Broadleaf & Mixed Forests","amendment","CK","0","20",,"luvisol","cropland",,,,"bulk soil",,"1253.563562","106.9749401",,,"14722.7","9908.8","4813.9",,,"8.80196",,,"12.47",,,,,,,
"1382","21","Converted from AS-C to AS","41.52","123.4","31","8.39","695.67","cold/snow","Temperate Broadleaf & Mixed Forests","amendment","D1","0","20",,"luvisol","cropland",,,,"bulk soil",,"1348.68282","106.7451738",,,"15571.3","10767.8","4803.5",,,"15.0367",,,"14.20",,,,,,,
"1383","21","Converted from AS-C to AS","41.52","123.4","31","8.39","695.67","cold/snow","Temperate Broadleaf & Mixed Forests","amendment","D2","0","20",,"luvisol","cropland",,,,"bulk soil",,"1457.721971","121.2383015",,,"17018.9","11563.2","5455.7",,,"33.7408",,,"18.21",,,,,,,
"1384","21","Converted from AS-C to AS","41.52","123.4","31","8.39","695.67","cold/snow","Temperate Broadleaf & Mixed Forests","amendment","D3","0","20",,"luvisol","cropland",,,,"bulk soil",,"1378.842585","118.2475532",,,"16212.7","10891.6","5321.1",,,"45.8435",,,"21.98",,,,,,,
"1385","21","Converted from AS-C to AS","41.52","123.4","31","8.39","695.67","cold/snow","Temperate Broadleaf & Mixed Forests","amendment","CK","0","20",,"luvisol","cropland",,,,"bulk soil",,"1374.202622","132.050841",,,"16615","10672.7","5942.3",,,"45.8435",,,"12.84",,,,,,,
"1386","21","Converted from AS-C to AS","41.52","123.4","31","8.39","695.67","cold/snow","Temperate Broadleaf & Mixed Forests","amendment","D1","0","20",,"luvisol","cropland",,,,"bulk soil",,"1622.440687","131.8210744",,,"18841.7","12909.8","5931.9",,,"93.8875",,,"15.86",,,,,,,
"1387","21","Converted from AS-C to AS","41.52","123.4","31","8.39","695.67","cold/snow","Temperate Broadleaf & Mixed Forests","amendment","D2","0","20",,"luvisol","cropland",,,,"bulk soil",,"1436.842134","126.0693441",,,"16986.3","11313.2","5673.1",,,"98.2885",,,"19.75",,,,,,,
"1388","21","Converted from AS-C to AS","41.52","123.4","31","8.39","695.67","cold/snow","Temperate Broadleaf & Mixed Forests","amendment","D3","0","20",,"luvisol","cropland",,,,"bulk soil",,"1402.042405","117.0976396",,,"16384.6","11115.2","5269.4",,,"117.726",,,"23.58",,,,,,,
"1389","21","Converted from AS-C to AS","41.52","123.4","31","8.39","695.67","cold/snow","Temperate Broadleaf & Mixed Forests","amendment","CK","0","20",,"luvisol","cropland",,,,"bulk soil",,"1555.161212","123.3089028",,,"17962.4","12413.5","5548.9",,,"59.4132",,,"13.46",,,,,,,
"1390","21","Converted from AS-C to AS","41.52","123.4","31","8.39","695.67","cold/snow","Temperate Broadleaf & Mixed Forests","amendment","D1","0","20",,"luvisol","cropland",,,,"bulk soil",,"1638.680561","116.4072591",,,"18492.1","13253.8","5238.3",,,"84.3521",,,"15.93",,,,,,,
"1391","21","Converted from AS-C to AS","41.52","123.4","31","8.39","695.67","cold/snow","Temperate Broadleaf & Mixed Forests","amendment","D2","0","20",,"luvisol","cropland",,,,"bulk soil",,"1555.161212","112.2665969",,,"17607.3","12555.3","5052",,,"94.9878",,,"19.75",,,,,,,
"1392","21","Converted from AS-C to AS","41.52","123.4","31","8.39","695.67","cold/snow","Temperate Broadleaf & Mixed Forests","amendment","D3","0","20",,"luvisol","cropland",,,,"bulk soil",,"1381.162568","99.38345623",,,"15627","11154.7","4472.3",,,"84.3521",,,"24.01",,,,,,,
"1393","21","Converted from AS-C to AS","41.52","123.4","31","8.39","695.67","cold/snow","Temperate Broadleaf & Mixed Forests","amendment","CK","0","20",,"luvisol","cropland",,,,"bulk soil",,"1462.361934","99.38345623",,,"16357.8","11885.5","4472.3",,,"64.5477",,,"12.65",,,,,,,
"1394","21","Converted from AS-C to AS","41.52","123.4","31","8.39","695.67","cold/snow","Temperate Broadleaf & Mixed Forests","amendment","D1","0","20",,"luvisol","cropland",,,,"bulk soil",,"1513.401537","114.3366577",,,"17298","12152.9","5145.1",,,"122.861",,,"15.31",,,,,,,
"1395","21","Converted from AS-C to AS","41.52","123.4","31","8.39","695.67","cold/snow","Temperate Broadleaf & Mixed Forests","amendment","D2","0","20",,"luvisol","cropland",,,,"bulk soil",,"1518.0415","115.2568048",,,"17369.4","12182.8","5186.6",,,"92.0538",,,"19.88",,,,,,,
"1396","21","Converted from AS-C to AS","41.52","123.4","31","8.39","695.67","cold/snow","Temperate Broadleaf & Mixed Forests","amendment","D3","0","20",,"luvisol","cropland",,,,"bulk soil",,"1467.001897","100.5333699",,,"16436.5","11912.5","4524",,,"103.423",,,"24.38",,,,,,,
"1397","21","Converted from AS-C to AS","41.52","123.4","31","8.39","695.67","cold/snow","Temperate Broadleaf & Mixed Forests","amendment","CK","0","20",,"luvisol","cropland",,,,"bulk soil",,"1469.32188","131.3610009",,,"17448.8","11537.6","5911.2",,,"28.6064",,,"12.90",,,,,,,
"1398","21","Converted from AS-C to AS","41.52","123.4","31","8.39","695.67","cold/snow","Temperate Broadleaf & Mixed Forests","amendment","D1","0","20",,"luvisol","cropland",,,,"bulk soil",,"1515.721518","135.2718964",,,"17992.2","11905","6087.2",,,"41.0758",,,"16.11",,,,,,,
"1399","21","Converted from AS-C to AS","41.52","123.4","31","8.39","695.67","cold/snow","Temperate Broadleaf & Mixed Forests","amendment","D2","0","20",,"luvisol","cropland",,,,"bulk soil",,"1457.721971","134.8118229",,,"17455.4","11388.9","6066.5",,,"62.3472",,,"19.51",,,,,,,
"1400","21","Converted from AS-C to AS","41.52","123.4","31","8.39","695.67","cold/snow","Temperate Broadleaf & Mixed Forests","amendment","D3","0","20",,"luvisol","cropland",,,,"bulk soil",,"1376.522603","126.990032",,,"16473.1","10758.5","5714.6",,,"77.7506",,,"23.77",,,,,,,
"1401","55",,"37.92","117.88","2","14.03","515.97","cold/snow","Temperate Broadleaf & Mixed Forests",,,"0","20",,,"cropland",,,,"bulk soil",,"223.37","106.63",,,"5439.8","641.5","4798.3",,,,,,"10.07","1.08","5.17",,,,,
"1402","55",,"37.92","117.88","2","14.03","515.97","cold/snow","Temperate Broadleaf & Mixed Forests",,,"0","20",,,"cropland",,,,"bulk soil",,"337.57","98.5",,,"6206.2","1773.7","4432.5",,,,,,"13.17","1.28","8.1",,,,,
"1403","55",,"37.92","117.88","3","14.03","515.97","cold/snow","Temperate Broadleaf & Mixed Forests",,,"0","20",,,"cropland",,,,"bulk soil",,"314.17","62.53",,,"4838.6","2024.8","2813.8",,,,,,"12.51","1.27","8.16",,,,,
"1404","54","Converted from AS-C to AS","28.55","113.33","88","17.25","1414.62","temperate","Tropical & Subtropical Moist Broadleaf Forests","warming; eCO2","N0 aCO2 Tillering","0","20",,"Stagnic Anthrosol","cropland",,,,"bulk soil",,"876.2226136","62.79657885",,,"9905.7","7079.9","2825.8",,,,,,,,,,,,,
"1405","54","Converted from AS-C to AS","28.55","113.33","88","17.25","1414.62","temperate","Tropical & Subtropical Moist Broadleaf Forests","warming; eCO2","N0 eCO2 Tillering","0","20",,"Stagnic Anthrosol","cropland",,,,"bulk soil",,"1022.259716","80.81646671",,,"11799.6","8162.9","3636.7",,,,,,,,,,,,,
"1406","54","Converted from AS-C to AS","28.55","113.33","88","17.25","1414.62","temperate","Tropical & Subtropical Moist Broadleaf Forests","warming; eCO2","N100 aCO2 Tillering","0","20",,"Stagnic Anthrosol","cropland",,,,"bulk soil",,"864.5396453","63.88869327",,,"9835.7","6960.7","2875",,,,,,,,,,,,,
"1407","54","Converted from AS-C to AS","28.55","113.33","88","17.25","1414.62","temperate","Tropical & Subtropical Moist Broadleaf Forests","warming; eCO2","N100 eCO2 Tillering","0","20",,"Stagnic Anthrosol","cropland",,,,"bulk soil",,"928.7959702","64.98080768",,,"10449.1","7525","2924.1",,,,,,,,,,,,,
"1408","54","Converted from AS-C to AS","28.55","113.33","88","17.25","1414.62","temperate","Tropical & Subtropical Moist Broadleaf Forests","warming; eCO2","N0 aCO2 Booting","0","20",,"Stagnic Anthrosol","cropland",,,,"bulk soil",,"1156.61385","86.27703878",,,"13184.5","9302","3882.5",,,,,,,,,,,,,
"1409","54","Converted from AS-C to AS","28.55","113.33","88","17.25","1414.62","temperate","Tropical & Subtropical Moist Broadleaf Forests","warming; eCO2","N0 eCO2 Booting","0","20",,"Stagnic Anthrosol","cropland",,,,"bulk soil",,"917.113002","70.44137976",,,"10519.7","7349.8","3169.9",,,,,,,,,,,,,
"1410","54","Converted from AS-C to AS","28.55","113.33","88","17.25","1414.62","temperate","Tropical & Subtropical Moist Broadleaf Forests","warming; eCO2","N100 aCO2 Booting","0","20",,"Stagnic Anthrosol","cropland",,,,"bulk soil",,"946.3204224","72.07955138",,,"10835.2","7591.6","3243.6",,,,,,,,,,,,,
"1411","54","Converted from AS-C to AS","28.55","113.33","88","17.25","1414.62","temperate","Tropical & Subtropical Moist Broadleaf Forests","warming; eCO2","N100 eCO2 Booting","0","20",,"Stagnic Anthrosol","cropland",,,,"bulk soil",,"940.4789384","63.88869327",,,"10519.2","7644.2","2875",,,,,,,,,,,,,
"1412","53",,"37.88","114.68",,"14.03","486.89","arid","Temperate Broadleaf & Mixed Forests","amendment","N","0","10",,"Argic Rusty Ustic Cambisol","cropland",,,"2017","bulk soil",,"171.1","10.4",,,"1874.4","1406.4","468",,,,,"10.2",,,,,,,,
"1413","53",,"37.88","114.68",,"14.03","486.89","arid","Temperate Broadleaf & Mixed Forests","amendment","N","10","20",,"Argic Rusty Ustic Cambisol","cropland",,,"2017","bulk soil",,"176.4","9.5",,,"1893.1","1465.6","427.5",,,,,"9.2",,,,,,,,
"1414","52",,"27.42","100.25",,"13.54","943.97","temperate","Temperate Conifer Forests","amendment","N","0","10",,"Luvisols","forest",,,"2020","bulk soil",,"1901.38","55.86",,,"18909","16395.3","2513.7",,,,,,,,,,,,,
"1415","52",,"27.42","100.25",,"13.54","943.97","temperate","Temperate Conifer Forests","amendment","N","0","10",,"Luvisols","forest",,,"2020","bulk soil",,"564.41","38.13",,,"6306.1","4590.2","1715.9",,,,,,,,,,,,,
"1416","51",,"37.62","101.2",,"-2.35","467.23","polar","Montane Grasslands & Shrublands","warming",,,,,,"grassland",,,,"bulk soil",,"4909","193",,,"50388.4","41703.4","8685",,,,,"76.96",,,,,,,,
"1417","50",,"42.2","125.55","488","4.47","794.85","cold/snow","Temperate Broadleaf & Mixed Forests","tillage","control","0","5",,"Typic Hapludoll","cropland",,,"2007","bulk soil",,"426.2","88.6","149.7","22.9","6685.4","2698.4","3987",,,,,"16.5",,"1.39","6.48",,"36","24","40",
"1418","50",,"42.2","125.55","488","4.47","794.85","cold/snow","Temperate Broadleaf & Mixed Forests","tillage","no tillage, corn and soybean","0","5",,"Typic Hapludoll","cropland",,,"2007","bulk soil",,"713.6","122.3","262.3","13.8","10355.9","4852.4","5503.5",,,,,"16.5",,"1.39","6.48",,"36","24","40",
"1419","50",,"42.2","125.55","488","4.47","794.85","cold/snow","Temperate Broadleaf & Mixed Forests","tillage","no tillage, corn monoculture","0","5",,"Typic Hapludoll","cropland",,,"2007","bulk soil",,"876.5","119.8","301.6","18.9","11741.6","6350.6","5391",,,,,"16.5",,"1.39","6.48",,"36","24","40",
"1420","50",,"42.2","125.55","488","4.47","794.85","cold/snow","Temperate Broadleaf & Mixed Forests","tillage","control","5","10",,"Typic Hapludoll","cropland",,,"2007","bulk soil",,"444.4","73.1","171.6","6","6350.7","3061.2","3289.5",,,,,"16.3",,"1.39","6.45",,"35.8","23.7","40.4",
"1421","50",,"42.2","125.55","488","4.47","794.85","cold/snow","Temperate Broadleaf & Mixed Forests","tillage","no tillage, corn and soybean","5","10",,"Typic Hapludoll","cropland",,,"2007","bulk soil",,"590","109.2","229.1","12.3","8822.2","3908.2","4914",,,,,"16.3",,"1.39","6.45",,"35.8","23.7","40.4",
"1422","50",,"42.2","125.55","488","4.47","794.85","cold/snow","Temperate Broadleaf & Mixed Forests","tillage","no tillage, corn monoculture","5","10",,"Typic Hapludoll","cropland",,,"2007","bulk soil",,"721.4","119","281.2","14.8","10320","4965","5355",,,,,"16.3",,"1.39","6.45",,"35.8","23.7","40.4",
"1423","50",,"42.2","125.55","488","4.47","794.85","cold/snow","Temperate Broadleaf & Mixed Forests","tillage","control","10","20",,"Typic Hapludoll","cropland",,,"2007","bulk soil",,"396.2","76.9","168.8","6.8","6039.1","2578.6","3460.5",,,,,"16.3",,"1.39","6.51",,"35.6","24.3","40",
"1424","50",,"42.2","125.55","488","4.47","794.85","cold/snow","Temperate Broadleaf & Mixed Forests","tillage","no tillage, corn and soybean","10","20",,"Typic Hapludoll","cropland",,,"2007","bulk soil",,"585.9","107.9","238.5","10.8","8743.5","3888","4855.5",,,,,"16.3",,"1.39","6.51",,"35.6","24.3","40",
"1425","50",,"42.2","125.55","488","4.47","794.85","cold/snow","Temperate Broadleaf & Mixed Forests","tillage","no tillage, corn monoculture","10","20",,"Typic Hapludoll","cropland",,,"2007","bulk soil",,"651.7","108.2","268.8","12.9","9345.3","4476.3","4869",,,,,"16.3",,"1.39","6.51",,"35.6","24.3","40",
"1426","49",,"47.26","126.38","158","2.06","509.46","cold/snow","Temperate Broadleaf & Mixed Forests",,,"0","20",,"Udolls","cropland",,,,"bulk soil",,"843","78",,,"10095.7","6585.7","3510",,,"118",,,"24.2","1.84","6.13",,"40.8","32.4","25.7",
"1427","49",,"47.26","126.38","158","2.06","509.46","cold/snow","Temperate Broadleaf & Mixed Forests",,,"0","20",,"Udolls","grassland",,,,"bulk soil",,"1251","86",,,"14025","10155","3870",,,"516",,,"31.9","2.76","6.21",,"40.8","32.4","25.7",
"1428","49",,"47.26","126.38","158","2.06","509.46","cold/snow","Temperate Broadleaf & Mixed Forests",,,"0","20",,"Udolls","cropland",,,,"bulk soil",,"1054","88",,,"12316.3","8356.3","3960",,,"156",,,"27.1","2.05","6.12",,"40.8","32.4","25.7",
"1429","48",,"42.13","-82.44","188","9.21","841.26","cold/snow","Temperate Broadleaf & Mixed Forests","tillage","Long-term no-tillage","0","10",,"Typic Argiaquolls","cropland",,,,"bulk soil",,"958","161",,,"13800.2","6555.2","7245",,,,,,"23.16",,,,"37","35","28",
"1430","48",,"42.13","-82.44","188","9.21","841.26","cold/snow","Temperate Broadleaf & Mixed Forests","tillage","Long-term moldboard plow tillage","0","10",,"Typic Argiaquolls","cropland",,,,"bulk soil",,"1080","142",,,"14287.1","7897.1","6390",,,,,,"23.16",,,,"37","28","35",
"1431","48",,"42.13","-82.44","188","9.21","841.26","cold/snow","Temperate Broadleaf & Mixed Forests","tillage","Long-term Kentucky bluegrass sod","0","10",,"Typic Argiaquolls","cropland",,,,"bulk soil",,"1430","203",,,"19399.1","10264.1","9135",,,,,,"23.16",,,,"37","28","35",
"1432","48",,"42.13","-82.44","188","9.21","841.26","cold/snow","Temperate Broadleaf & Mixed Forests","tillage","Long-term no-tillage","10","20",,"Typic Argiaquolls","cropland",,,,"bulk soil",,"1001","133",,,"13286.7","7301.7","5985",,,,,,"23.16",,,,"37","28","35",
"1433","48",,"42.13","-82.44","188","9.21","841.26","cold/snow","Temperate Broadleaf & Mixed Forests","tillage","Long-term moldboard plow tillage","10","20",,"Typic Argiaquolls","cropland",,,,"bulk soil",,"918","133",,,"12539.7","6554.7","5985",,,,,,"23.16",,,,"37","28","35",
"1434","48",,"42.13","-82.44","188","9.21","841.26","cold/snow","Temperate Broadleaf & Mixed Forests","tillage","Long-term Kentucky bluegrass sod","10","20",,"Typic Argiaquolls","cropland",,,,"bulk soil",,"1020","107",,,"12621.4","7806.4","4815",,,,,,"23.16",,,,"37","28","35",
"1435","48",,"42.13","-82.44","188","9.21","841.26","cold/snow","Temperate Broadleaf & Mixed Forests","tillage","Long-term moldboard plow tillage-14year","0","5",,"Typic Argiaquolls","cropland",,,,"bulk soil",,"953.667","190.368",,,"14705.8","6139.2","8566.6",,,,,,"23.16",,,,"37","28","35",
"1436","48",,"42.13","-82.44","188","9.21","841.26","cold/snow","Temperate Broadleaf & Mixed Forests","tillage","Long-term moldboard plow tillage-19year","0","5",,"Typic Argiaquolls","cropland",,,,"bulk soil",,"1013.69","156.278",,,"14149.6","7117.1","7032.5",,,,,,"23.16",,,,"37","28","35",
"1437","48",,"42.13","-82.44","188","9.21","841.26","cold/snow","Temperate Broadleaf & Mixed Forests","tillage","Long-term moldboard plow tillage-24year","0","5",,"Typic Argiaquolls","cropland",,,,"bulk soil",,"1029.97","137.846",,,"13703.3","7500.2","6203.1",,,,,,"23.16",,,,"37","28","35",
"1438","48",,"42.13","-82.44","188","9.21","841.26","cold/snow","Temperate Broadleaf & Mixed Forests","tillage","Long-term moldboard plow tillage-29year","0","5",,"Typic Argiaquolls","cropland",,,,"bulk soil",,"993.897","133.762",,,"13247.3","7228","6019.3",,,,,,"23.16",,,,"37","28","35",
"1439","48",,"42.13","-82.44","188","9.21","841.26","cold/snow","Temperate Broadleaf & Mixed Forests","tillage","Long-term no-tillage-14year","0","5",,"Typic Argiaquolls","cropland",,,,"bulk soil",,"1364.16","138.19",,,"16722.1","10503.5","6218.6",,,,,,"23.16",,,,"37","28","35",
"1440","48",,"42.13","-82.44","188","9.21","841.26","cold/snow","Temperate Broadleaf & Mixed Forests","tillage","Long-term no-tillage-19year","0","5",,"Typic Argiaquolls","cropland",,,,"bulk soil",,"1258.2","123.673",,,"15301.5","9736.2","5565.3",,,,,,"23.16",,,,"37","28","35",
"1441","48",,"42.13","-82.44","188","9.21","841.26","cold/snow","Temperate Broadleaf & Mixed Forests","tillage","Long-term no-tillage-24year","0","5",,"Typic Argiaquolls","cropland",,,,"bulk soil",,"1187.21","100.02",,,"13901.8","9400.9","4500.9",,,,,,"23.16",,,,"37","28","35",
"1442","48",,"42.13","-82.44","188","9.21","841.26","cold/snow","Temperate Broadleaf & Mixed Forests","tillage","Long-term no-tillage-29year","0","5",,"Typic Argiaquolls","cropland",,,,"bulk soil",,"1116.17","89.4121",,,"12921.2","8897.7","4023.5",,,,,,"23.16",,,,"37","28","35",
"1443","48",,"42.13","-82.44","188","9.21","841.26","cold/snow","Temperate Broadleaf & Mixed Forests","tillage","Long-term Kentucky bluegrass sod-14year","0","5",,"Typic Argiaquolls","cropland",,,,"bulk soil",,"1844.52","255.58",,,"24820.9","13319.8","11501.1",,,,,,"23.16",,,,"37","28","35",
"1444","48",,"42.13","-82.44","188","9.21","841.26","cold/snow","Temperate Broadleaf & Mixed Forests","tillage","Long-term Kentucky bluegrass sod-24year","0","5",,"Typic Argiaquolls","cropland",,,,"bulk soil",,"2174.11","270.888",,,"28279.6","16089.6","12190",,,,,,"23.16",,,,"37","28","35",
"1445","48",,"42.13","-82.44","188","9.21","841.26","cold/snow","Temperate Broadleaf & Mixed Forests","tillage","Long-term Kentucky bluegrass sod-29year","0","5",,"Typic Argiaquolls","cropland",,,,"bulk soil",,"2295.22","277.239",,,"29573.8","17098","12475.8",,,,,,"23.16",,,,"37","28","35",
"1446","48",,"42.13","-82.44","188","9.21","841.26","cold/snow","Temperate Broadleaf & Mixed Forests","tillage","Long-term moldboard plow tillage-14year","5","10",,"Typic Argiaquolls","cropland",,,,"bulk soil",,"975.536","168.843",,,"14210.3","6612.4","7597.9",,,,,,"23.16",,,,"37","28","35",
"1447","48",,"42.13","-82.44","188","9.21","841.26","cold/snow","Temperate Broadleaf & Mixed Forests","tillage","Long-term moldboard plow tillage-19year","5","10",,"Typic Argiaquolls","cropland",,,,"bulk soil",,,"124.322",,,,,"5594.5",,,,,,"23.16",,,,"37","28","35",
"1448","48",,"42.13","-82.44","188","9.21","841.26","cold/snow","Temperate Broadleaf & Mixed Forests","tillage","Long-term moldboard plow tillage-24year","5","10",,"Typic Argiaquolls","cropland",,,,"bulk soil",,"955.758","90.2405",,,"11504.2","7443.4","4060.8",,,,,,"23.16",,,,"37","28","35",
"1449","48",,"42.13","-82.44","188","9.21","841.26","cold/snow","Temperate Broadleaf & Mixed Forests","tillage","Long-term moldboard plow tillage-29year","5","10",,"Typic Argiaquolls","cropland",,,,"bulk soil",,"989.564","87.4587",,,"11719","7783.4","3935.6",,,,,,"23.16",,,,"37","28","35",
"1450","48",,"42.13","-82.44","188","9.21","841.26","cold/snow","Temperate Broadleaf & Mixed Forests","tillage","Long-term no-tillage-14year","5","10",,"Typic Argiaquolls","cropland",,,,"bulk soil",,"992.989","163.628",,,"14199.7","6836.4","7363.3",,,,,,"23.16",,,,"37","28","35",
"1451","48",,"42.13","-82.44","188","9.21","841.26","cold/snow","Temperate Broadleaf & Mixed Forests","tillage","Long-term no-tillage-19year","5","10",,"Typic Argiaquolls","cropland",,,,"bulk soil",,"956.913","130.844",,,"12820.6","6932.6","5888",,,,,,"23.16",,,,"37","28","35",
"1452","48",,"42.13","-82.44","188","9.21","841.26","cold/snow","Temperate Broadleaf & Mixed Forests","tillage","Long-term no-tillage-24year","5","10",,"Typic Argiaquolls","cropland",,,,"bulk soil",,"850.954","105.886",,,"11064.2","6299.3","4764.9",,,,,,"23.16",,,,"37","28","35",
"1453","48",,"42.13","-82.44","188","9.21","841.26","cold/snow","Temperate Broadleaf & Mixed Forests","tillage","Long-term no-tillage-29year","5","10",,"Typic Argiaquolls","cropland",,,,"bulk soil",,"884.72","99.1936",,,"11152.8","6689.1","4463.7",,,,,,"23.16",,,,"37","28","35",
"1454","48",,"42.13","-82.44","188","9.21","841.26","cold/snow","Temperate Broadleaf & Mixed Forests","tillage","Long-term Kentucky bluegrass sod-14year","5","10",,"Typic Argiaquolls","cropland",,,,"bulk soil",,"1115.27","159.715",,,"15174.4","7987.2","7187.2",,,,,,"23.16",,,,"37","28","35",
"1455","48",,"42.13","-82.44","188","9.21","841.26","cold/snow","Temperate Broadleaf & Mixed Forests","tillage","Long-term Kentucky bluegrass sod-24year","5","10",,"Typic Argiaquolls","cropland",,,,"bulk soil",,"1147.91","232.409",,,"17806.1","7347.7","10458.4",,,,,,"23.16",,,,"37","28","35",
"1456","48",,"42.13","-82.44","188","9.21","841.26","cold/snow","Temperate Broadleaf & Mixed Forests","tillage","Long-term Kentucky bluegrass sod-29year","5","10",,"Typic Argiaquolls","cropland",,,,"bulk soil",,"1251.55","240.062",,,"18985.1","8182.3","10802.8",,,,,,"23.16",,,,"37","28","35",
"1457","48",,"42.13","-82.44","188","9.21","841.26","cold/snow","Temperate Broadleaf & Mixed Forests","tillage","Long-term moldboard plow tillage-14year","10","20",,"Typic Argiaquolls","cropland",,,,"bulk soil",,"1032.31","147.322",,,"14029.1","7399.6","6629.5",,,,,,"23.16",,,,"37","28","35",
"1458","48",,"42.13","-82.44","188","9.21","841.26","cold/snow","Temperate Broadleaf & Mixed Forests","tillage","Long-term moldboard plow tillage-19year","10","20",,"Typic Argiaquolls","cropland",,,,"bulk soil",,"935.1","113.234",,,"12057.8","6962.3","5095.5",,,,,,"23.16",,,,"37","28","35",
"1459","48",,"42.13","-82.44","188","9.21","841.26","cold/snow","Temperate Broadleaf & Mixed Forests","tillage","Long-term moldboard plow tillage-24year","10","20",,"Typic Argiaquolls","cropland",,,,"bulk soil",,"881.556","83.0656",,,"10605.7","6867.7","3738",,,,,,"23.16",,,,"37","28","35",
"1460","48",,"42.13","-82.44","188","9.21","841.26","cold/snow","Temperate Broadleaf & Mixed Forests","tillage","Long-term moldboard plow tillage-29year","10","20",,"Typic Argiaquolls","cropland",,,,"bulk soil",,"915.322","88.1078",,,"11071.8","7106.9","3964.9",,,,,,"23.16",,,,"37","28","35",
"1461","48",,"42.13","-82.44","188","9.21","841.26","cold/snow","Temperate Broadleaf & Mixed Forests","tillage","Long-term no-tillage-14year","10","20",,"Typic Argiaquolls","cropland",,,,"bulk soil",,"936.227","135.581",,,"12786.7","6685.6","6101.1",,,,,,"23.16",,,,"37","28","35",
"1462","48",,"42.13","-82.44","188","9.21","841.26","cold/snow","Temperate Broadleaf & Mixed Forests","tillage","Long-term no-tillage-19year","10","20",,"Typic Argiaquolls","cropland",,,,"bulk soil",,"873.964","104.104",,,"11214","6529.3","4684.7",,,,,,"23.16",,,,"37","28","35",
"1463","48",,"42.13","-82.44","188","9.21","841.26","cold/snow","Temperate Broadleaf & Mixed Forests","tillage","Long-term no-tillage-24year","10","20",,"Typic Argiaquolls","cropland",,,,"bulk soil",,"898.982","81.7551",,,"10720.3","7041.3","3679",,,,,,"23.16",,,,"37","28","35",
"1464","48",,"42.13","-82.44","188","9.21","841.26","cold/snow","Temperate Broadleaf & Mixed Forests","tillage","Long-term no-tillage-29year","10","20",,"Typic Argiaquolls","cropland",,,,"bulk soil",,"906.602","81.5861",,,"10783.5","7112.1","3671.4",,,,,,"23.16",,,,"37","28","35",
"1465","48",,"42.13","-82.44","188","9.21","841.26","cold/snow","Temperate Broadleaf & Mixed Forests","tillage","Long-term Kentucky bluegrass sod-14year","10","20",,"Typic Argiaquolls","cropland",,,,"bulk soil",,"1075.99","108.19",,,"13163.7","8295.1","4868.6",,,,,,"23.16",,,,"37","28","35",
"1466","48",,"42.13","-82.44","188","9.21","841.26","cold/snow","Temperate Broadleaf & Mixed Forests","tillage","Long-term Kentucky bluegrass sod-24year","10","20",,"Typic Argiaquolls","cropland",,,,"bulk soil",,"1195.95","204.369",,,"17336.6","8140","9196.6",,,,,,"23.16",,,,"37","28","35",
"1467","48",,"42.13","-82.44","188","9.21","841.26","cold/snow","Temperate Broadleaf & Mixed Forests","tillage","Long-term Kentucky bluegrass sod-29year","10","20",,"Typic Argiaquolls","cropland",,,,"bulk soil",,"1194.81","221.15",,,"17866.2","7914.4","9951.8",,,,,,"23.16",,,,"37","28","35",
"1468","48",,"42.13","-82.44","188","9.21","841.26","cold/snow","Temperate Broadleaf & Mixed Forests","tillage","Long-term no-tillage (NT) to moldboard plowing-1year","0","5",,"Typic Argiaquolls","cropland",,,,"bulk soil",,"881.815","129.607",,,"12104.9","6272.6","5832.3",,,,,,"23.16",,,,"37","28","35",
"1469","48",,"42.13","-82.44","188","9.21","841.26","cold/snow","Temperate Broadleaf & Mixed Forests","tillage","Long-term no-tillage (NT) to moldboard plowing-6year","0","5",,"Typic Argiaquolls","cropland",,,,"bulk soil",,"921.862","118.889",,,"12120.6","6770.6","5350",,,,,,"23.16",,,,"37","28","35",
"1470","48",,"42.13","-82.44","188","9.21","841.26","cold/snow","Temperate Broadleaf & Mixed Forests","tillage","Long-term no-tillage (NT) to moldboard plowing-11year","0","5",,"Typic Argiaquolls","cropland",,,,"bulk soil",,"935.6","108.189",,,"11900.1","7031.6","4868.5",,,,,,"23.16",,,,"37","28","35",
"1471","48",,"42.13","-82.44","188","9.21","841.26","cold/snow","Temperate Broadleaf & Mixed Forests","tillage","Long-term no-tillage (NT) to moldboard plowing-16year","0","5",,"Typic Argiaquolls","cropland",,,,"bulk soil",,"929.594","105.332",,,"11754.1","7014.2","4739.9",,,,,,"23.16",,,,"37","28","35",
"1472","48",,"42.13","-82.44","188","9.21","841.26","cold/snow","Temperate Broadleaf & Mixed Forests","tillage","Long-term no-tillage (NT) to moldboard plowing-1year","5","10",,"Typic Argiaquolls","cropland",,,,"bulk soil",,"857.687","130.043",,,"11901.7","6049.8","5851.9",,,,,,"23.16",,,,"37","28","35",
"1473","48",,"42.13","-82.44","188","9.21","841.26","cold/snow","Temperate Broadleaf & Mixed Forests","tillage","Long-term no-tillage (NT) to moldboard plowing-6year","5","10",,"Typic Argiaquolls","cropland",,,,"bulk soil",,"897.734","108.846",,,"11580.4","6682.3","4898.1",,,,,,"23.16",,,,"37","28","35",
"1474","48",,"42.13","-82.44","188","9.21","841.26","cold/snow","Temperate Broadleaf & Mixed Forests","tillage","Long-term no-tillage (NT) to moldboard plowing-11year","5","10",,"Typic Argiaquolls","cropland",,,,"bulk soil",,"950.94","108.615",,,"12051.9","7164.2","4887.7",,,,,,"23.16",,,,"37","28","35",
"1475","48",,"42.13","-82.44","188","9.21","841.26","cold/snow","Temperate Broadleaf & Mixed Forests","tillage","Long-term no-tillage (NT) to moldboard plowing-16year","5","10",,"Typic Argiaquolls","cropland",,,,"bulk soil",,"931.789","104.45",,,"11745.5","7045.3","4700.2",,,,,,"23.16",,,,"37","28","35",
"1476","48",,"42.13","-82.44","188","9.21","841.26","cold/snow","Temperate Broadleaf & Mixed Forests","tillage","Long-term no-tillage (NT) to moldboard plowing-1year","10","20",,"Typic Argiaquolls","cropland",,,,"bulk soil",,"938.824","142.267",,,"13025.1","6623.1","6402",,,,,,"23.16",,,,"37","28","35",
"1477","48",,"42.13","-82.44","188","9.21","841.26","cold/snow","Temperate Broadleaf & Mixed Forests","tillage","Long-term no-tillage (NT) to moldboard plowing-6year","10","20",,"Typic Argiaquolls","cropland",,,,"bulk soil",,"840.711","121.073",,,"11460.5","6012.2","5448.3",,,,,,"23.16",,,,"37","28","35",
"1478","48",,"42.13","-82.44","188","9.21","841.26","cold/snow","Temperate Broadleaf & Mixed Forests","tillage","Long-term no-tillage (NT) to moldboard plowing-11year","10","20",,"Typic Argiaquolls","cropland",,,,"bulk soil",,"880.758","88.0992",,,"10760.4","6795.9","3964.5",,,,,,"23.16",,,,"37","28","35",
"1479","48",,"42.13","-82.44","188","9.21","841.26","cold/snow","Temperate Broadleaf & Mixed Forests","tillage","Long-term no-tillage (NT) to moldboard plowing-16year","10","20",,"Typic Argiaquolls","cropland",,,,"bulk soil",,"907.648","82.6194",,,"10826.1","7108.2","3717.9",,,,,,"23.16",,,,"37","28","35",
"1480","48",,"42.13","-82.44","188","9.21","841.26","cold/snow","Temperate Broadleaf & Mixed Forests","tillage","Long-term moldboard plowing (MP) to notillage (NT)-1year","0","5",,"Typic Argiaquolls","cropland",,,,"bulk soil",,"885.965","98.2533",,,"11133.8","6712.4","4421.4",,,,,,"23.16",,,,"37","28","35",
"1481","48",,"42.13","-82.44","188","9.21","841.26","cold/snow","Temperate Broadleaf & Mixed Forests","tillage","Long-term moldboard plowing (MP) to notillage (NT)-6year","0","5",,"Typic Argiaquolls","cropland",,,,"bulk soil",,"1039.47","102.183",,,"12641.7","8043.5","4598.2",,,,,,"23.16",,,,"37","28","35",
"1482","48",,"42.13","-82.44","188","9.21","841.26","cold/snow","Temperate Broadleaf & Mixed Forests","tillage","Long-term moldboard plowing (MP) to notillage (NT)-11year","0","5",,"Typic Argiaquolls","cropland",,,,"bulk soil",,"1070.18","116.594",,,"13381.6","8134.9","5246.7",,,,,,"23.16",,,,"37","28","35",
"1483","48",,"42.13","-82.44","188","9.21","841.26","cold/snow","Temperate Broadleaf & Mixed Forests","tillage","Long-term moldboard plowing (MP) to notillage (NT)-16year","0","5",,"Typic Argiaquolls","cropland",,,,"bulk soil",,"1109.65","115.284",,,"13694.7","8506.9","5187.8",,,,,,"23.16",,,,"37","28","35",
"1484","48",,"42.13","-82.44","188","9.21","841.26","cold/snow","Temperate Broadleaf & Mixed Forests","tillage","Long-term moldboard plowing (MP) to notillage (NT)-1year","5","10",,"Typic Argiaquolls","cropland",,,,"bulk soil",,"899.123","166.376",,,"13443.2","5956.3","7486.9",,,,,,"23.16",,,,"37","28","35",
"1485","48",,"42.13","-82.44","188","9.21","841.26","cold/snow","Temperate Broadleaf & Mixed Forests","tillage","Long-term moldboard plowing (MP) to notillage (NT)-6year","5","10",,"Typic Argiaquolls","cropland",,,,"bulk soil",,"947.368","124.454",,,"12529.1","6928.7","5600.4",,,,,,"23.16",,,,"37","28","35",
"1486","48",,"42.13","-82.44","188","9.21","841.26","cold/snow","Temperate Broadleaf & Mixed Forests","tillage","Long-term moldboard plowing (MP) to notillage (NT)-11year","5","10",,"Typic Argiaquolls","cropland",,,,"bulk soil",,"925.439","104.803",,,"11699.7","6983.6","4716.1",,,,,,"23.16",,,,"37","28","35",
"1487","48",,"42.13","-82.44","188","9.21","841.26","cold/snow","Temperate Broadleaf & Mixed Forests","tillage","Long-term moldboard plowing (MP) to notillage (NT)-16year","5","10",,"Typic Argiaquolls","cropland",,,,"bulk soil",,"899.123","106.114",,,"11505","6729.9","4775.1",,,,,,"23.16",,,,"37","28","35",
"1488","48",,"42.13","-82.44","188","9.21","841.26","cold/snow","Temperate Broadleaf & Mixed Forests","tillage","Long-term moldboard plowing (MP) to notillage (NT)-1year","10","20",,"Typic Argiaquolls","cropland",,,,"bulk soil",,"938.596","134.934",,,"12787.2","6715.2","6072",,,,,,"23.16",,,,"37","28","35",
"1489","48",,"42.13","-82.44","188","9.21","841.26","cold/snow","Temperate Broadleaf & Mixed Forests","tillage","Long-term moldboard plowing (MP) to notillage (NT)-6year","10","20",,"Typic Argiaquolls","cropland",,,,"bulk soil",,"938.596","136.245",,,"12829.4","6698.4","6131",,,,,,"23.16",,,,"37","28","35",
"1490","48",,"42.13","-82.44","188","9.21","841.26","cold/snow","Temperate Broadleaf & Mixed Forests","tillage","Long-term moldboard plowing (MP) to notillage (NT)-11year","10","20",,"Typic Argiaquolls","cropland",,,,"bulk soil",,"899.123","140.175",,,"12600.6","6292.7","6307.9",,,,,,"23.16",,,,"37","28","35",
"1491","48",,"42.13","-82.44","188","9.21","841.26","cold/snow","Temperate Broadleaf & Mixed Forests","tillage","Long-term moldboard plowing (MP) to notillage (NT)-16year","10","20",,"Typic Argiaquolls","cropland",,,,"bulk soil",,"938.596","151.965",,,"13335","6496.6","6838.4",,,,,,"23.16",,,,"37","28","35",
"1492","48",,"42.13","-82.44","188","9.21","841.26","cold/snow","Temperate Broadleaf & Mixed Forests","tillage","Long-term bluegrass sod (BG) to moldboard plowing-1year","0","5",,"Typic Argiaquolls","cropland",,,,"bulk soil",,"912.667","93.8813",,,"11233.5","7008.8","4224.7",,,,,,"23.16",,,,"37","28","35",
"1493","48",,"42.13","-82.44","188","9.21","841.26","cold/snow","Temperate Broadleaf & Mixed Forests","tillage","Long-term bluegrass sod (BG) to moldboard plowing-11year","0","5",,"Typic Argiaquolls","cropland",,,,"bulk soil",,"1084.69","140.05",,,"14266.7","7964.4","6302.3",,,,,,"23.16",,,,"37","28","35",
"1494","48",,"42.13","-82.44","188","9.21","841.26","cold/snow","Temperate Broadleaf & Mixed Forests","tillage","Long-term bluegrass sod (BG) to moldboard plowing-16year","0","5",,"Typic Argiaquolls","cropland",,,,"bulk soil",,"1072.85","149.326",,,"14458.4","7738.7","6719.7",,,,,,"23.16",,,,"37","28","35",
"1495","48",,"42.13","-82.44","188","9.21","841.26","cold/snow","Temperate Broadleaf & Mixed Forests","tillage","Long-term bluegrass sod (BG) to moldboard plowing-1year","5","10",,"Typic Argiaquolls","cropland",,,,"bulk soil",,"1169.93","143.201",,,"15135.1","8691.1","6444",,,,,,"23.16",,,,"37","28","35",
"1496","48",,"42.13","-82.44","188","9.21","841.26","cold/snow","Temperate Broadleaf & Mixed Forests","tillage","Long-term bluegrass sod (BG) to moldboard plowing-11year","5","10",,"Typic Argiaquolls","cropland",,,,"bulk soil",,"1146.27","154.017",,,"15270.1","8339.3","6930.8",,,,,,"23.16",,,,"37","28","35",
"1497","48",,"42.13","-82.44","188","9.21","841.26","cold/snow","Temperate Broadleaf & Mixed Forests","tillage","Long-term bluegrass sod (BG) to moldboard plowing-16year","5","10",,"Typic Argiaquolls","cropland",,,,"bulk soil",,"1058.31","159.391",,,"14651.3","7478.7","7172.6",,,,,,"23.16",,,,"37","28","35",
"1498","48",,"42.13","-82.44","188","9.21","841.26","cold/snow","Temperate Broadleaf & Mixed Forests","tillage","Long-term bluegrass sod (BG) to moldboard plowing-1year","10","20",,"Typic Argiaquolls","cropland",,,,"bulk soil",,"1340.18","161.056",,,"17241.6","9994.1","7247.5",,,,,,"23.16",,,,"37","28","35",
"1499","48",,"42.13","-82.44","188","9.21","841.26","cold/snow","Temperate Broadleaf & Mixed Forests","tillage","Long-term bluegrass sod (BG) to moldboard plowing-11year","10","20",,"Typic Argiaquolls","cropland",,,,"bulk soil",,"1175.21","166.633",,,"15936.3","8437.8","7498.5",,,,,,"23.16",,,,"37","28","35",
"1500","48",,"42.13","-82.44","188","9.21","841.26","cold/snow","Temperate Broadleaf & Mixed Forests","tillage","Long-term bluegrass sod (BG) to moldboard plowing-16year","10","20",,"Typic Argiaquolls","cropland",,,,"bulk soil",,"1076.46",,,,,,,,,,,,"23.16",,,,"37","28","35",
"1501","47",,"44.2","125.55","201","5.05","554.17","cold/snow","Temperate Broadleaf & Mixed Forests","tillage","NTCS","0","5",,,"cropland",,,,"bulk soil",,"1046.6","54.1","271.2",,"11159.4","8724.9","2434.5",,,,,"16.5",,"1.4","5.72",,"36","24","40",
"1502","47",,"44.2","125.55","201","5.05","554.17","cold/snow","Temperate Broadleaf & Mixed Forests","tillage","MPCS","0","5",,,"cropland",,,,"bulk soil",,"642.8","40.9","232.2",,"7100.7","5260.2","1840.5",,,,,"16.5",,"1.4","6.5",,,,,
"1503","47",,"44.2","125.55","201","5.05","554.17","cold/snow","Temperate Broadleaf & Mixed Forests","tillage","NTCC","0","5",,,"cropland",,,,"bulk soil",,"1011.7","61.5","269.3",,"11083.3","8315.8","2767.5",,,,,"16.3",,"1.4","6.5",,,,,
"1504","47",,"44.2","125.55","201","5.05","554.17","cold/snow","Temperate Broadleaf & Mixed Forests","tillage","MPCC","0","5",,,"cropland",,,,"bulk soil",,"648.3","46.5","233",,"7330.3","5237.8","2092.5",,,,,"16.3",,"1.4","6.5",,,,,
"1505","47",,"44.2","125.55","201","5.05","554.17","cold/snow","Temperate Broadleaf & Mixed Forests","tillage","CTCC","0","5",,,"cropland",,,,"bulk soil",,"630.1","41.3","230.3",,"6999.2","5140.7","1858.5",,,,,"16.1",,"1.4","6.5",,,,,
"1506","47",,"44.2","125.55","201","5.05","554.17","cold/snow","Temperate Broadleaf & Mixed Forests","tillage","NTCS","5","10",,,"cropland",,,,"bulk soil",,"658","39.2","229.8",,"7182.8","5418.8","1764",,,,,"16.1",,"1.4","6.5",,,,,
"1507","47",,"44.2","125.55","201","5.05","554.17","cold/snow","Temperate Broadleaf & Mixed Forests","tillage","MPCS","5","10",,,"cropland",,,,"bulk soil",,"647.1","40.1","235.3",,"7113.6","5309.1","1804.5",,,,,,,,,,,,,
"1508","47",,"44.2","125.55","201","5.05","554.17","cold/snow","Temperate Broadleaf & Mixed Forests","tillage","NTCC","5","10",,,"cropland",,,,"bulk soil",,"800.2","56.9","265.8",,"9031.9","6471.4","2560.5",,,,,,,,,,,,,
"1509","47",,"44.2","125.55","201","5.05","554.17","cold/snow","Temperate Broadleaf & Mixed Forests","tillage","MPCC","5","10",,,"cropland",,,,"bulk soil",,"659.8","45.8","236.5",,"7411.3","5350.3","2061",,,,,,,,,,,,,
"1510","47",,"44.2","125.55","201","5.05","554.17","cold/snow","Temperate Broadleaf & Mixed Forests","tillage","CTCC","5","10",,,"cropland",,,,"bulk soil",,"622.5","39.7","227.4",,"6879.4","5092.9","1786.5",,,,,,,,,,,,,
"1511","47",,"44.2","125.55","201","5.05","554.17","cold/snow","Temperate Broadleaf & Mixed Forests","tillage","NTCS","10","20",,,"cropland",,,,"bulk soil",,"525.9","32","215.9",,"5762.3","4322.3","1440",,,,,,,,,,,,,
"1512","47",,"44.2","125.55","201","5.05","554.17","cold/snow","Temperate Broadleaf & Mixed Forests","tillage","MPCS","10","20",,,"cropland",,,,"bulk soil",,"624.5","37.3","227",,"6820.2","5141.7","1678.5",,,,,,,,,,,,,
"1513","47",,"44.2","125.55","201","5.05","554.17","cold/snow","Temperate Broadleaf & Mixed Forests","tillage","NTCC","10","20",,,"cropland",,,,"bulk soil",,"560.2","37.3","234.9",,"6241.5","4563","1678.5",,,,,,,,,,,,,
"1514","47",,"44.2","125.55","201","5.05","554.17","cold/snow","Temperate Broadleaf & Mixed Forests","tillage","MPCC","10","20",,,"cropland",,,,"bulk soil",,"631.3","41.1","234",,"7003.6","5154.1","1849.5",,,,,,,,,,,,,
"1515","47",,"44.2","125.55","201","5.05","554.17","cold/snow","Temperate Broadleaf & Mixed Forests","tillage","CTCC","10","20",,,"cropland",,,,"bulk soil",,"506.9","30.7","231.5",,"5549.5","4168","1381.5",,,,,,,,,,,,,
"1516","129",,"40.48","-96.4","386","11.02","821.34","cold/snow","Temperate Grasslands, Savannas & Shrublands",,,"0","20",,"Typic Argiudoll","grassland",,,,"aggregate","<0.002mm","7924.2","786.8","4001.44","168.6","96623.6","61217.6","35406",,,,,"112.4","112.4","11.7",,,,,,
"1517","129",,"40.48","-96.4","386","11.02","821.34","cold/snow","Temperate Grasslands, Savannas & Shrublands",,,"0","20",,"Typic Argiudoll","grassland",,,,"aggregate","0.002-0.020mm","2020.14","177.48","1315.44","46.98","23889.5","15902.9","7986.6",,,,,"52.2","52.2","3.9",,,,,,
"1518","129",,"40.48","-96.4","386","11.02","821.34","cold/snow","Temperate Grasslands, Savannas & Shrublands",,,"0","20",,"Typic Argiudoll","grassland",,,,"aggregate","0.020-0.250mm","369","9.84","246","32.8","3637.5","3194.7","442.8",,,,,"16.4","16.4","1",,,,,,
"1519","129",,"40.48","-96.4","386","11.02","821.34","cold/snow","Temperate Grasslands, Savannas & Shrublands",,,"0","20",,"Typic Argiudoll","grassland",,,,"aggregate","0.250-2mm","7744.44","234.68","6805.72","528.03","77248","66687.4","10560.6",,,,,"586.7","586.7","17.7",,,,,,
"1520","129",,"40.48","-96.4","386","11.02","821.34","cold/snow","Temperate Grasslands, Savannas & Shrublands",,,"0","20",,"Typic Argiudoll","forest",,,,"aggregate","<0.002mm","7360.18","359.27","3379.08","281.59","77796.7","61629.6","16167.1",,,,,"97.1","97.1","10.3",,,,,,
"1521","129",,"40.48","-96.4","386","11.02","821.34","cold/snow","Temperate Grasslands, Savannas & Shrublands",,,"0","20",,"Typic Argiudoll","forest",,,,"aggregate","0.002-0.020mm","2218.44","79.8","1029.42","103.74","22532.6","18941.6","3591",,,,,"79.8","79.8","5.8",,,,,,
"1522","129",,"40.48","-96.4","386","11.02","821.34","cold/snow","Temperate Grasslands, Savannas & Shrublands",,,"0","20",,"Typic Argiudoll","forest",,,,"aggregate","0.020-0.250mm","1077.76","29.47","543.09","37.89","10647.6","9321.5","1326.1",,,,,"42.1","42.1","2.8",,,,,,
"1523","129",,"40.48","-96.4","386","11.02","821.34","cold/snow","Temperate Grasslands, Savannas & Shrublands",,,"0","20",,"Typic Argiudoll","forest",,,,"aggregate","0.250-2mm","10647","327.6","5405.4","122.85","106359.6","91617.6","14742",,,,,"409.5","409.5","22.8",,,,,,
"1524","129",,"40.48","-96.4","386","11.02","821.34","cold/snow","Temperate Grasslands, Savannas & Shrublands",,,"0","20",,"Typic Argiudoll","cropland",,,,"aggregate","<0.002mm","4107.12","131.88","1664.2","87.92","41205.7","35271.1","5934.6",,,,,"62.8","62.8","6.6",,,,,,
"1525","129",,"40.48","-96.4","386","11.02","821.34","cold/snow","Temperate Grasslands, Savannas & Shrublands",,,"0","20",,"Typic Argiudoll","cropland",,,,"aggregate","0.002-0.020mm","803.64","24.42","475.08","15.54","8018.2","6919.3","1098.9",,,,,"22.2","22.2","1.9",,,,,,
"1526","129",,"40.48","-96.4","386","11.02","821.34","cold/snow","Temperate Grasslands, Savannas & Shrublands",,,"0","20",,"Typic Argiudoll","cropland",,,,"aggregate","0.020-0.250mm","121.55","3.3","99","4.95","1200.1","1051.6","148.5",,,,,"5.5","5.5","0.5",,,,,,
"1527","129",,"40.48","-96.4","386","11.02","821.34","cold/snow","Temperate Grasslands, Savannas & Shrublands",,,"0","20",,"Typic Argiudoll","cropland",,,,"aggregate","0.250-2mm","5682.6","270.6","4036.45","293.15","59846.7","47669.7","12177",,,,,"225.5","225.5","12.7",,,,,,
"1528","129",,"40.8","96.667",,"7.18","67.77","arid","Deserts & Xeric Shrublands",,,"0","10",,,"cropland",,,,"bulk soil",,"864.83","31.52","411.73","19.7","8797.2","7378.8","1418.4","1418.4","7378.78",,,"19.7","19.7","2.1","4.9",,"18.2",,,
"1529","129",,"40.8","96.667",,"7.18","67.77","arid","Deserts & Xeric Shrublands",,,"0","10",,,"grassland",,,,"bulk soil",,"2994.42","223.36","1675.2","97.72","34133.7","24082.5","10051.2","10051.2","24082.01",,,"69.8","69.8","6",,,,,,
"1530","129",,"40.8","96.667",,"7.18","67.77","arid","Deserts & Xeric Shrublands",,,"0","10",,,"forest",,,,"bulk soil",,"2964.48","146.68","1590.32","100.36","31398","24797.4","6600.6","6600.6","24797.06",,,"77.2","77.2","6.5",,,,,,
"1531","128",,"26.74","115.06",,"17.51","1531.99","temperate","Tropical & Subtropical Moist Broadleaf Forests","amendment","CK","0","20",,,"cropland",,,,"bulk soil",,"99.3015","23.293",,,"1642.9","594.7","1048.2",,,"307",,,"9.10","1","7",,,,,
"1532","128",,"26.74","115.06",,"17.51","1531.99","temperate","Tropical & Subtropical Moist Broadleaf Forests","amendment","N1P1K1","0","20",,,"cropland",,,,"bulk soil",,"149.755","33.9375",,,"2439.3","912.1","1527.2",,,"435",,,"12.50","1.3",,,,,"5.4",
"1533","128",,"26.74","115.06",,"17.51","1531.99","temperate","Tropical & Subtropical Moist Broadleaf Forests","amendment","N1.5P1.5K1.5","0","20",,,"cropland",,,,"bulk soil",,"190.41","38.9558",,,"2966.6","1213.6","1753",,,"561",,,"14.20","1.5",,,,,"6.2",
"1534","128",,"26.74","115.06",,"17.51","1531.99","temperate","Tropical & Subtropical Moist Broadleaf Forests","amendment","N2P2K2","0","20",,,"cropland",,,,"bulk soil",,"235.96","43.3735",,,"3518.7","1566.9","1951.8",,,"445",,,"15.10","1.5",,,,,"6.2",
"1535","128",,"26.74","115.06",,"17.51","1531.99","temperate","Tropical & Subtropical Moist Broadleaf Forests","amendment","N3P3K3","0","20",,,"cropland",,,,"bulk soil",,"166.409","33.7349",,,"2582.7","1064.6","1518.1",,,"171",,,"15.10","1.5",,,,,"6.6",
"1536","128",,"26.74","115.06",,"17.51","1531.99","temperate","Tropical & Subtropical Moist Broadleaf Forests","amendment","N1P1K1","0","20",,,"cropland",,,,"bulk soil",,"145.161","31.0187",,,"2304.1","908.3","1395.8",,,"555",,,"13.90","1.3",,,,,"6.7",
"1537","128",,"26.74","115.06",,"17.51","1531.99","temperate","Tropical & Subtropical Moist Broadleaf Forests","amendment","N2P1 K1","0","20",,,"cropland",,,,"bulk soil",,"186.636","37.5886",,,"2888.7","1197.2","1691.5",,,"409",,,"13.70","1.6",,,,,"6",
"1538","128",,"26.74","115.06",,"17.51","1531.99","temperate","Tropical & Subtropical Moist Broadleaf Forests","amendment","N1P2K1","0","20",,,"cropland",,,,"bulk soil",,"123.272","22.2975",,,"1826.6","823.2","1003.4",,,"441",,,"13.10","1.5",,,,,"6.6",
"1539","46",,"49.53","11.41","490","7.43","776","temperate","Temperate Broadleaf & Mixed Forests",,,"0","0","litter",,"forest",,,,"bulk soil",,"919",,"481",,,,,,,,,"498",,"13",,,,,,
"1540","46",,"49.53","11.41","490","7.43","776","temperate","Temperate Broadleaf & Mixed Forests",,,"0","0","O",,"forest",,,,"bulk soil",,"3656",,"1044",,,,,,,,,"476",,"13",,,,,,
"1541","46",,"49.53","11.41","490","7.43","776","temperate","Temperate Broadleaf & Mixed Forests",,,"0","4",,,"forest",,,,"bulk soil",,"3555",,"1045",,,,,,,,,"377",,"14",,,,,,
"1542","46",,"49.44","11.23","520","8.47","695.39","temperate","Temperate Broadleaf & Mixed Forests",,,"0","0","litter",,"forest",,,,"bulk soil",,"2550",,"750",,,,,,,,,"481",,"16",,,,,,
"1543","46",,"49.53","11.41","490","7.43","776","temperate","Temperate Broadleaf & Mixed Forests",,,"0","4",,,"forest",,,,"bulk soil",,"1826",,"1767",,,,,,,,,"377",,"14",,,,,,
"1544","46",,"49.53","11.41","490","7.43","776","temperate","Temperate Broadleaf & Mixed Forests",,,"0","4",,,"forest",,,,"bulk soil",,"1001",,"409",,,,,,,,,"377",,"14",,,,,,
"1545","46",,"49.53","11.41","490","7.43","776","temperate","Temperate Broadleaf & Mixed Forests",,,"0","4",,,"forest",,,,"bulk soil",,"1199",,"543",,,,,,,,,"377",,"14",,,,,,
"1546","46",,"49.53","11.41","490","7.43","776","temperate","Temperate Broadleaf & Mixed Forests",,,"0","4",,,"forest",,,,"bulk soil",,"3658",,"474",,,,,,,,,"377",,"14",,,,,,
"1547","46",,"49.53","11.41","490","7.43","776","temperate","Temperate Broadleaf & Mixed Forests",,,"0","4",,,"forest",,,,"bulk soil",,"4199",,"1908",,,,,,,,,"377",,"14",,,,,,
"1548","46",,"49.53","11.41","490","7.43","776","temperate","Temperate Broadleaf & Mixed Forests",,,"0","4",,,"forest",,,,"bulk soil",,"7558",,"1514",,,,,,,,,"377",,"14",,,,,,
"1549","46",,"49.53","11.41","490","7.43","776","temperate","Temperate Broadleaf & Mixed Forests",,,"0","4",,,"forest",,,,"bulk soil",,"1076",,"190",,,,,,,,,"377",,"14",,,,,,
"1550","46",,"49.53","11.41","490","7.43","776","temperate","Temperate Broadleaf & Mixed Forests",,,"0","4",,,"forest",,,,"bulk soil",,"2490",,"384",,,,,,,,,"377",,"14",,,,,,
"1551","46",,"49.53","11.41","490","7.43","776","temperate","Temperate Broadleaf & Mixed Forests",,,"0","4",,,"forest",,,,"bulk soil",,"1708",,"1616",,,,,,,,,"377",,"14",,,,,,
"1552","46",,"49.44","11.23","520","8.47","695.39","temperate","Temperate Broadleaf & Mixed Forests",,,"0","4",,,"forest",,,,"bulk soil",,"5518",,"1937",,,,,,,,,"377",,"14",,,,,,
"1553","46",,"49.44","11.23","520","8.47","695.39","temperate","Temperate Broadleaf & Mixed Forests",,,"0","4",,,"forest",,,,"bulk soil",,"4082",,"499",,,,,,,,,"377",,"14",,,,,,
"1554","46",,"49.44","11.23","520","8.47","695.39","temperate","Temperate Broadleaf & Mixed Forests",,,"0","4",,,"forest",,,,"bulk soil",,"2355",,"2172",,,,,,,,,"377",,"14",,,,,,
"1555","46",,"49.44","11.23","520","8.47","695.39","temperate","Temperate Broadleaf & Mixed Forests",,,"0","4",,,"forest",,,,"bulk soil",,"2741",,"582",,,,,,,,,"377",,"14",,,,,,
"1556","46",,"49.44","11.23","520","8.47","695.39","temperate","Temperate Broadleaf & Mixed Forests",,,"0","4",,,"forest",,,,"bulk soil",,"4946",,"1252",,,,,,,,,"377",,"14",,,,,,
"1557","46",,"49.44","11.23","520","8.47","695.39","temperate","Temperate Broadleaf & Mixed Forests",,,"0","4",,,"forest",,,,"bulk soil",,"3269",,"486",,,,,,,,,"377",,"14",,,,,,
"1558","46",,"49.44","11.23","520","8.47","695.39","temperate","Temperate Broadleaf & Mixed Forests",,,"0","4",,,"forest",,,,"bulk soil",,"3218",,"455",,,,,,,,,"377",,"14",,,,,,
"1559","46",,"49.44","11.23","520","8.47","695.39","temperate","Temperate Broadleaf & Mixed Forests",,,"0","4",,,"forest",,,,"bulk soil",,"4303",,"1176",,,,,,,,,"377",,"14",,,,,,
"1560","46",,"49.44","11.23","520","8.47","695.39","temperate","Temperate Broadleaf & Mixed Forests",,,"0","4",,,"forest",,,,"bulk soil",,"4645",,"1283",,,,,,,,,"377",,"14",,,,,,
"1561","45",,"26.45","115.04","100","18.48","1526.47","temperate","Tropical & Subtropical Moist Broadleaf Forests",,,"0","10",,"Ultisols","forest",,,,"bulk soil",,"283","20",,,"3190.3","2290.3","900",,,,,,"17.1","1.2","4.7",,,,,
"1562","45",,"26.45","115.04","100","18.48","1526.47","temperate","Tropical & Subtropical Moist Broadleaf Forests",,,"0","10",,"Ultisols","forest",,,,"bulk soil",,"370","26",,,"4166.2","2996.2","1170",,,,,,"19.5","1.3","4.6",,,,,
"1563","45",,"26.45","115.04","100","18.48","1526.47","temperate","Tropical & Subtropical Moist Broadleaf Forests",,,"0","10",,"Ultisols","forest",,,,"bulk soil",,"392","27",,,"4396.4","3181.4","1215",,,,,,"22.9","1.4","4.4",,,,,
"1564","45",,"26.45","115.04","100","18.48","1526.47","temperate","Tropical & Subtropical Moist Broadleaf Forests",,,"0","10",,"Ultisols","forest",,,,"bulk soil",,"360","25",,,"4044.1","2919.1","1125",,,,,,"19.6","1.3","4.5",,,,,
"1565","44",,"42.23","128.05","802","1.76","764.26","cold/snow","Temperate Broadleaf & Mixed Forests",,,"0","5",,,"forest",,,,"bulk soil",,"4559","149",,,"45823.3","39118.3","6705",,,,,"113.5","113.5","6","3.91",,"29.3",,,
"1566","44",,"42.23","128.05","802","1.76","764.26","cold/snow","Temperate Broadleaf & Mixed Forests",,,"0","5",,,"forest",,,,"bulk soil",,"5385","171",,,"53964.9","46269.9","7695",,,,,"115.7","115.7","7.3","5",,"24.36",,,
"1567","44",,"42.23","128.05","802","1.76","764.26","cold/snow","Temperate Broadleaf & Mixed Forests",,,"0","5",,,"forest",,,,"bulk soil",,"4001","129",,,"40158","34353","5805",,,,,"105.7","105.7","6.7","5.5",,"24.36",,,
"1568","44",,"42.23","128.05","802","1.76","764.26","cold/snow","Temperate Broadleaf & Mixed Forests",,,"0","5",,,"forest",,,,"bulk soil",,"4196","159",,,"42877.9","35722.9","7155",,,,,"93.8","93.8","6.2","5.12",,"24.36",,,
"1569","44",,"42.23","128.05","802","1.76","764.26","cold/snow","Temperate Broadleaf & Mixed Forests",,,"0","5",,,"forest",,,,"bulk soil",,"4429","109",,,"43366.8","38461.8","4905",,,,,"96.3","96.3","5.9","5.3",,"24.36",,,
"1570","44",,"42.23","128.05","802","1.76","764.26","cold/snow","Temperate Broadleaf & Mixed Forests",,,"5","10",,,"forest",,,,"bulk soil",,"2240","75",,,"22572.2","19197.2","3375",,,,,"46.4","46.4","2.9","5.65",,"24.36",,,
"1571","44",,"42.23","128.05","802","1.76","764.26","cold/snow","Temperate Broadleaf & Mixed Forests",,,"5","10",,,"forest",,,,"bulk soil",,"1837","66",,,"18655.8","15685.8","2970",,,,,"34.1","34.1","2.4","5.05",,"24.36",,,
"1572","44",,"42.23","128.05","802","1.76","764.26","cold/snow","Temperate Broadleaf & Mixed Forests",,,"5","10",,,"forest",,,,"bulk soil",,"1385","35",,,"13590.7","12015.7","1575",,,,,"22.7","22.7","1.7","5.23",,"24.36",,,
"1573","44",,"42.23","128.05","802","1.76","764.26","cold/snow","Temperate Broadleaf & Mixed Forests",,,"5","10",,,"forest",,,,"bulk soil",,"1077","58",,,"11558.4","8948.4","2610",,,,,"18.5","18.5","1.6","5.14",,"24.36",,,
"1574","44",,"42.23","128.05","802","1.76","764.26","cold/snow","Temperate Broadleaf & Mixed Forests",,,"5","10",,,"forest",,,,"bulk soil",,"1014","49",,,"10702","8497","2205",,,,,"17.7","17.7","1.5","5.29",,"24.36",,,
"1575","44",,"42.23","128.05","802","1.76","764.26","cold/snow","Temperate Broadleaf & Mixed Forests",,,"10","15",,,"forest",,,,"bulk soil",,"1152","56",,,"12169.1","9649.1","2520",,,,,"19.9","19.9","1.5","5.17",,"24.36",,,
"1576","44",,"42.23","128.05","802","1.76","764.26","cold/snow","Temperate Broadleaf & Mixed Forests",,,"10","15",,,"forest",,,,"bulk soil",,"874","58",,,"9731.4","7121.4","2610",,,,,"16","16","1.3","5",,"24.36",,,
"1577","44",,"42.23","128.05","802","1.76","764.26","cold/snow","Temperate Broadleaf & Mixed Forests",,,"10","15",,,"forest",,,,"bulk soil",,"862","46",,,"9237.5","7167.5","2070",,,,,"14.9","14.9","1.2","5.08",,"24.36",,,
"1578","44",,"42.23","128.05","802","1.76","764.26","cold/snow","Temperate Broadleaf & Mixed Forests",,,"10","15",,,"forest",,,,"bulk soil",,"744","44",,,"8111.2","6131.2","1980",,,,,"12.1","12.1","1.1","5.18",,"24.36",,,
"1579","44",,"42.23","128.05","802","1.76","764.26","cold/snow","Temperate Broadleaf & Mixed Forests",,,"10","15",,,"forest",,,,"bulk soil",,"548","39",,,"6186.4","4431.4","1755",,,,,"9","9","0.8","5.23",,"24.36",,,
"1580","43","data reported normalized to C, corrected to soil","41.14","-103","1250","8.77","414.7","arid","Temperate Grasslands, Savannas & Shrublands",,,"0","5",,"Pachic Haplustolls","cropland",,,,"bulk soil",,"1783","58","925","55","17912.4","15302.4","2610",,,,,,"23","2.3",,,,,,
"1581","43","data reported normalized to C, corrected to soil","41.14","-103","1250","8.77","414.7","arid","Temperate Grasslands, Savannas & Shrublands",,,"0","5",,"Pachic Haplustolls","cropland",,,,"aggregate","0.250-2mm","7896","228","5324","114","78397.1","68137.1","10260",,,,,,"162.8","12.1",,,,,,
"1582","43","data reported normalized to C, corrected to soil","41.14","-103","1250","8.77","414.7","arid","Temperate Grasslands, Savannas & Shrublands",,,"0","5",,"Pachic Haplustolls","cropland",,,,"aggregate","0.053-0.250mm","2680","57","1544","30","25953.3","23388.3","2565",,,,,,"43.5","3.3",,,,,,
"1583","43","data reported normalized to C, corrected to soil","41.14","-103","1250","8.77","414.7","arid","Temperate Grasslands, Savannas & Shrublands",,,"0","5",,"Pachic Haplustolls","cropland",,,,"aggregate","0.250-2mm","2543","66","1875","42","25009.8","22039.8","2970",,,,,,"47.1","3.5",,,,,,
"1584","43","data reported normalized to C, corrected to soil","41.14","-103","1250","8.77","414.7","arid","Temperate Grasslands, Savannas & Shrublands",,,"0","5",,"Pachic Haplustolls","cropland",,,,"aggregate","0.002-0.020mm","1530","51","657","66","15410.3","13115.3","2295",,,,,,"50.5","3.9",,,,,,
"1585","43","data reported normalized to C, corrected to soil","41.14","-103","1250","8.77","414.7","arid","Temperate Grasslands, Savannas & Shrublands",,,"0","5",,"Pachic Haplustolls","cropland",,,,"aggregate","0.002-0.020mm","1897","85","949","79","19806.8","15981.8","3825",,,,,,"30.5","3.4",,,,,,
"1586","43","data reported normalized to C, corrected to soil","41.14","-103","1250","8.77","414.7","arid","Temperate Grasslands, Savannas & Shrublands",,,"0","5",,"Pachic Haplustolls","cropland",,,,"aggregate","0.002-0.020mm","392","15","199","39","4010.4","3335.4","675",,,,,,"7.7","1.2",,,,,,
"1587","42",,"-28.12","26.95","1575","17.22","500.43","arid","Montane Grasslands & Shrublands",,,"0","20",,,"cropland",,,,"bulk soil",,"670","36","231",,"7187.9","5567.9","1620",,,,,,"13.4","1.19","5.5",,,,,
"1588","42",,"-28.12","26.95","1575","17.22","500.43","arid","Montane Grasslands & Shrublands",,,"0","20",,,"cropland",,,,"bulk soil",,"448","23","155",,"4771.7","3736.7","1035",,,,,,"9.2","0.93","5",,,,,
"1589","42",,"-28.12","26.95","1575","17.22","500.43","arid","Montane Grasslands & Shrublands",,,"0","20",,,"cropland",,,,"bulk soil",,"440","22","152",,"4667.6","3677.6","990",,,,,,"8.3","0.79","5.1",,,,,
"1590","42",,"-28.12","26.95","1575","17.22","500.43","arid","Montane Grasslands & Shrublands",,,"0","20",,,"cropland",,,,"bulk soil",,"366","17","122",,"3840.8","3075.8","765",,,,,,"7","0.7","4.8",,,,,
"1591","42",,"-28.12","26.95","1575","17.22","500.43","arid","Montane Grasslands & Shrublands",,,"0","20",,,"cropland",,,,"bulk soil",,"312","12","101",,"3194","2654","540",,,,,,"5.9","0.6","5.4",,,,,
"1592","42",,"-28.12","26.95","1575","17.22","500.43","arid","Montane Grasslands & Shrublands",,,"0","20",,,"cropland",,,,"bulk soil",,"316","15","99",,"3326.4","2651.4","675",,,,,,"5.8","0.65","5.2",,,,,
"1593","42",,"-28.12","26.95","1575","17.22","500.43","arid","Montane Grasslands & Shrublands",,,"0","20",,,"cropland",,,,"bulk soil",,"317","12","106",,"3239","2699","540",,,,,,"5.5","0.59","5.7",,,,,
"1594","42",,"-28.12","26.95","1575","17.22","500.43","arid","Montane Grasslands & Shrublands",,,"0","20",,,"cropland",,,,"bulk soil",,"278","10","87",,"2823.6","2373.6","450",,,,,,"5","0.56","5.7",,,,,
"1595","42",,"-28.12","26.95","1575","17.22","500.43","arid","Montane Grasslands & Shrublands",,,"0","20",,,"cropland",,,,"bulk soil",,"282","11","86",,"2891.8","2396.8","495",,,,,,"4.4","0.53","5.2",,,,,
"1596","42",,"-28.12","26.95","1575","17.22","500.43","arid","Montane Grasslands & Shrublands",,,"0","20",,,"cropland",,,,"aggregate","0.250-2mm","115","4","21",,"1163.7","983.7","180",,,,,,"13.4","1.19",,,,,,
"1597","42",,"-28.12","26.95","1575","17.22","500.43","arid","Montane Grasslands & Shrublands",,,"0","20",,,"cropland",,,,"aggregate","0.020-0.250mm","414","14","72",,"4176.3","3546.3","630",,,,,,"13.4","1.19",,,,,,
"1598","42",,"-28.12","26.95","1575","17.22","500.43","arid","Montane Grasslands & Shrublands",,,"0","20",,,"cropland",,,,"aggregate","0.002-0.020mm","607","26","111",,"6299.2","5129.2","1170",,,,,,"13.4","1.19",,,,,,
"1599","42",,"-28.12","26.95","1575","17.22","500.43","arid","Montane Grasslands & Shrublands",,,"0","20",,,"cropland",,,,"aggregate","<0.002mm","489","31","145",,"5398.1","4003.1","1395",,,,,,"13.4","1.19",,,,,,
"1600","41","Data from Ni et al. 2020 (https://doi.org/10.1111/geb.13159)","17.48","100.35","1425","27.71","1341.53","equatorial","Tropical & Subtropical Dry Broadleaf Forests",,,"0","0","O",,"forest",,,,"bulk soil",,"2320","239",,,"28566.9","17811.9","10755",,,,,"486.6",,,"6.9",,"18.56",,,
"1601","41","Data from Ni et al. 2020 (https://doi.org/10.1111/geb.13159)","17.48","100.35","1425","27.71","1341.53","equatorial","Tropical & Subtropical Dry Broadleaf Forests",,,"0","10",,,"forest",,,,"bulk soil",,"1737","278",,,"24574.3","12064.3","12510",,,,,"60.72",,,,,,,,
"1602","41","Data from Ni et al. 2020 (https://doi.org/10.1111/geb.13159)","17.48","100.35","1425","27.71","1341.53","equatorial","Tropical & Subtropical Dry Broadleaf Forests",,,"30","40",,,"forest",,,,"bulk soil",,"613","117",,,"9280.1","4015.1","5265",,,,,"17.54",,,,,"53.3",,,
"1603","41","Data from Ni et al. 2020 (https://doi.org/10.1111/geb.13159)","17.48","100.35","1425","27.71","1341.53","equatorial","Tropical & Subtropical Dry Broadleaf Forests",,,"0","0","O",,"forest",,,,"bulk soil",,"2223","328",,,"30556.4","15796.4","14760",,,,,"467.01",,,,,"47.2",,,
"1604","41","Data from Ni et al. 2020 (https://doi.org/10.1111/geb.13159)","17.48","100.35","1425","27.71","1341.53","equatorial","Tropical & Subtropical Dry Broadleaf Forests",,,"0","10",,,"forest",,,,"bulk soil",,"1526","248",,,"21710.4","10550.4","11160",,,,,"49.49",,,,,,,,
"1605","41","Data from Ni et al. 2020 (https://doi.org/10.1111/geb.13159)","17.48","100.35","1425","27.71","1341.53","equatorial","Tropical & Subtropical Dry Broadleaf Forests",,,"30","40",,,"forest",,,,"bulk soil",,"869","186",,,"13803.3","5433.3","8370",,,,,"18.14",,,,,"37",,,
"1606","41","Data from Ni et al. 2020 (https://doi.org/10.1111/geb.13159)","17.48","100.35","1425","27.71","1341.53","equatorial","Tropical & Subtropical Dry Broadleaf Forests",,,"0","0","O",,"forest",,,,"bulk soil",,"1540","414",,,"27175.4","8545.4","18630",,,,,"452.58",,,,,"33",,,
"1607","41","Data from Ni et al. 2020 (https://doi.org/10.1111/geb.13159)","17.48","100.35","1425","27.71","1341.53","equatorial","Tropical & Subtropical Dry Broadleaf Forests",,,"0","10",,,"forest",,,,"bulk soil",,"1414","288",,,"21988.9","9028.9","12960",,,,,"39.8",,,,,,,,
"1608","41","Data from Ni et al. 2020 (https://doi.org/10.1111/geb.13159)","17.48","100.35","1425","27.71","1341.53","equatorial","Tropical & Subtropical Dry Broadleaf Forests",,,"30","40",,,"forest",,,,"bulk soil",,"371","79",,,"5879.9","2324.9","3555",,,,,"10.85",,,,,"40.1",,,
"1609","41","Data from Ni et al. 2020 (https://doi.org/10.1111/geb.13159)","17.48","100.35","1425","27.71","1341.53","equatorial","Tropical & Subtropical Dry Broadleaf Forests",,,"0","0","litter",,"forest",,,,"bulk soil",,"5977","993",,,"85730.8","41045.8","44685",,,,,"458",,,,,"39.2",,,
"1610","41","Data from Ni et al. 2020 (https://doi.org/10.1111/geb.13159)","17.48","100.35","1425","27.71","1341.53","equatorial","Tropical & Subtropical Dry Broadleaf Forests",,,"23","40",,,"forest",,,,"bulk soil",,"730","164",,,"11844.7","4464.7","7380",,,,,"21",,,,,,,,
"1611","41","Data from Ni et al. 2020 (https://doi.org/10.1111/geb.13159)","17.48","100.35","1425","27.71","1341.53","equatorial","Tropical & Subtropical Dry Broadleaf Forests",,,"62","90",,,"forest",,,,"bulk soil",,"207","49",,,"3439","1234","2205",,,,,"5",,,,,,,,
"1612","41","Data from Ni et al. 2020 (https://doi.org/10.1111/geb.13159)","17.48","100.35","1425","27.71","1341.53","equatorial","Tropical & Subtropical Dry Broadleaf Forests",,,"0","0","litter",,"forest",,,,"bulk soil",,"5224","850",,,"74354.5","36104.5","38250",,,,,"452",,,,,,,,
"1613","41","Data from Ni et al. 2020 (https://doi.org/10.1111/geb.13159)","17.48","100.35","1425","27.71","1341.53","equatorial","Tropical & Subtropical Dry Broadleaf Forests",,,"0","0","O",,"forest",,,,"bulk soil",,"4759","723",,,"66084.8","33549.8","32535",,,,,"346",,,,,,,,
"1614","41","Data from Ni et al. 2020 (https://doi.org/10.1111/geb.13159)","17.48","100.35","1425","27.71","1341.53","equatorial","Tropical & Subtropical Dry Broadleaf Forests",,,"23","36",,,"forest",,,,"bulk soil",,"831","162",,,"12689.4","5399.4","7290",,,,,"27",,,,,,,,
"1615","41","Data from Ni et al. 2020 (https://doi.org/10.1111/geb.13159)","17.48","100.35","1425","27.71","1341.53","equatorial","Tropical & Subtropical Dry Broadleaf Forests",,,"0","0","litter",,"forest",,,,"bulk soil",,"1853","381",,,"28931.1","11786.1","17145",,,,,"465",,,,,,,,
"1616","41","Data from Ni et al. 2020 (https://doi.org/10.1111/geb.13159)","17.48","100.35","1425","27.71","1341.53","equatorial","Tropical & Subtropical Dry Broadleaf Forests",,,"0","0","O",,"forest",,,,"bulk soil",,"6051","652",,,"75429.2","46089.2","29340",,,,,"365",,,,,,,,
"1617","41","Data from Ni et al. 2020 (https://doi.org/10.1111/geb.13159)","17.48","100.35","1425","27.71","1341.53","equatorial","Tropical & Subtropical Dry Broadleaf Forests",,,"0","15",,,"forest",,,,"bulk soil",,"1703","207",,,"21984.7","12669.7","9315",,,,,"41",,,,,,,,
"1618","41","Data from Ni et al. 2020 (https://doi.org/10.1111/geb.13159)","17.48","100.35","1425","27.71","1341.53","equatorial","Tropical & Subtropical Dry Broadleaf Forests",,,"0","0","litter",,"forest",,,,"bulk soil",,"3528","565",,,"49924","24499","25425",,,,,"470",,,,,,,,
"1619","41","Data from Ni et al. 2020 (https://doi.org/10.1111/geb.13159)","17.48","100.35","1425","27.71","1341.53","equatorial","Tropical & Subtropical Dry Broadleaf Forests",,,"0","0","O",,"forest",,,,"bulk soil",,"8625","723",,,"100878.8","68343.8","32535",,,,,"439",,,,,,,,
"1620","41","Data from Ni et al. 2020 (https://doi.org/10.1111/geb.13159)","17.48","100.35","1425","27.71","1341.53","equatorial","Tropical & Subtropical Dry Broadleaf Forests",,,"57","70",,,"forest",,,,"bulk soil",,"331","84",,,"5680.7","1900.7","3780",,,,,"14",,,,,,,,
"1621","41","Data from Ni et al. 2020 (https://doi.org/10.1111/geb.13159)","17.48","100.35","1425","27.71","1341.53","equatorial","Tropical & Subtropical Dry Broadleaf Forests",,,"70","90",,,"forest",,,,"bulk soil",,"220","58",,,"3845.4","1235.4","2610",,,,,"9",,,,,,,,
"1622","41","Data from Ni et al. 2020 (https://doi.org/10.1111/geb.13159)","17.48","100.35","1425","27.71","1341.53","equatorial","Tropical & Subtropical Dry Broadleaf Forests",,,"0","0","litter",,"forest",,,,"bulk soil",,"2036","440",,,"32475.7","12675.7","19800",,,,,"455",,,,,,,,
"1623","41","Data from Ni et al. 2020 (https://doi.org/10.1111/geb.13159)","17.48","100.35","1425","27.71","1341.53","equatorial","Tropical & Subtropical Dry Broadleaf Forests",,,"55","70",,,"forest",,,,"bulk soil",,"342","87",,,"5876.2","1961.2","3915",,,,,"10",,,,,,,,
"1624","41","Data from Ni et al. 2020 (https://doi.org/10.1111/geb.13159)","17.48","100.35","1425","27.71","1341.53","equatorial","Tropical & Subtropical Dry Broadleaf Forests",,,"0","0","litter",,"forest",,,,"bulk soil",,"624","182",,,"11469.7","3279.7","8190",,,,,"471",,,,,,,,
"1625","41","Data from Ni et al. 2020 (https://doi.org/10.1111/geb.13159)","17.48","100.35","1425","27.71","1341.53","equatorial","Tropical & Subtropical Dry Broadleaf Forests",,,"0","0","O",,"forest",,,,"bulk soil",,"2861","526",,,"42666.7","18996.7","23670",,,,,"393",,,,,,,,
"1626","41","Data from Ni et al. 2020 (https://doi.org/10.1111/geb.13159)","17.48","100.35","1425","27.71","1341.53","equatorial","Tropical & Subtropical Dry Broadleaf Forests",,,"56","83",,,"forest",,,,"bulk soil",,"356","84",,,"5905.7","2125.7","3780",,,,,"8",,,,,,,,
"1627","41","Data from Ni et al. 2020 (https://doi.org/10.1111/geb.13159)","17.48","100.35","1425","27.71","1341.53","equatorial","Tropical & Subtropical Dry Broadleaf Forests",,,"0","0","litter",,"forest",,,,"bulk soil",,"3269","444",,,"43701.3","23721.3","19980",,,,,"458",,,,,,,,
"1628","41","Data from Ni et al. 2020 (https://doi.org/10.1111/geb.13159)","17.48","100.35","1425","27.71","1341.53","equatorial","Tropical & Subtropical Dry Broadleaf Forests",,,"23","40",,,"forest",,,,"bulk soil",,"797","407",,,"20263.3","1948.3","18315",,,,,"21",,,,,,,,
"1629","41","Data from Ni et al. 2020 (https://doi.org/10.1111/geb.13159)","17.48","100.35","1425","27.71","1341.53","equatorial","Tropical & Subtropical Dry Broadleaf Forests",,,"62","90",,,"forest",,,,"bulk soil",,"124","66",,,"3238.8","268.8","2970",,,,,"5",,,,,,,,
"1630","41","Data from Ni et al. 2020 (https://doi.org/10.1111/geb.13159)","17.48","100.35","1425","27.71","1341.53","equatorial","Tropical & Subtropical Dry Broadleaf Forests",,,"0","0","litter",,"forest",,,,"bulk soil",,"8293","877",,,"102843.9","63378.9","39465",,,,,"452",,,,,,,,
"1631","41","Data from Ni et al. 2020 (https://doi.org/10.1111/geb.13159)","17.48","100.35","1425","27.71","1341.53","equatorial","Tropical & Subtropical Dry Broadleaf Forests",,,"0","0","O",,"forest",,,,"bulk soil",,"4786","447",,,"57450.8","37335.8","20115",,,,,"346",,,,,,,,
"1632","41","Data from Ni et al. 2020 (https://doi.org/10.1111/geb.13159)","17.48","100.35","1425","27.71","1341.53","equatorial","Tropical & Subtropical Dry Broadleaf Forests",,,"23","36",,,"forest",,,,"bulk soil",,"821","209",,,"14111","4706","9405",,,,,"27",,,,,,,,
"1633","41","Data from Ni et al. 2020 (https://doi.org/10.1111/geb.13159)","17.48","100.35","1425","27.71","1341.53","equatorial","Tropical & Subtropical Dry Broadleaf Forests",,,"0","0","litter",,"forest",,,,"bulk soil",,"1805","451",,,"30750.5","10455.5","20295",,,,,"465",,,,,,,,
"1634","41","Data from Ni et al. 2020 (https://doi.org/10.1111/geb.13159)","17.48","100.35","1425","27.71","1341.53","equatorial","Tropical & Subtropical Dry Broadleaf Forests",,,"0","0","O",,"forest",,,,"bulk soil",,"5326","472",,,"63114.9","41874.9","21240",,,,,"365",,,,,,,,
"1635","41","Data from Ni et al. 2020 (https://doi.org/10.1111/geb.13159)","17.48","100.35","1425","27.71","1341.53","equatorial","Tropical & Subtropical Dry Broadleaf Forests",,,"0","15",,,"forest",,,,"bulk soil",,"1688","172",,,"20724","12984","7740",,,,,"41",,,,,,,,
"1636","40",,"43.3","-89.33","307","7.84","847.62","cold/snow","Temperate Broadleaf & Mixed Forests","amendment","maize","0","30",,,"cropland",,,,"bulk soil",,"767","95.8","258","19.8","9984.2","5673.2","4311",,,,,,"21.30","1.78","6.9",,"19","27","54",
"1637","40",,"43.3","-89.33","307","7.84","847.62","cold/snow","Temperate Broadleaf & Mixed Forests","amendment","MS","0","30",,,,,,,"bulk soil",,"882","86.6","316","23.8","10723.3","6826.3","3897",,,,,,"21.30","1.81",,,"19","27","54",
"1638","40",,"43.3","-89.33","307","7.84","847.62","cold/snow","Temperate Broadleaf & Mixed Forests","amendment","MSW","0","30",,,,,,,"bulk soil",,"793","77.2","257","19","9620","6146","3474",,,,,,"20.10","1.82",,,"19","27","54",
"1639","40",,"43.3","-89.33","307","7.84","847.62","cold/snow","Temperate Broadleaf & Mixed Forests","amendment","MAAA","0","30",,,,,,,"bulk soil",,"964","110","332","26.9","12213.9","7263.9","4950",,,,,,"22.50","2.01",,,"19","27","54",
"1640","40",,"43.3","-89.33","307","7.84","847.62","cold/snow","Temperate Broadleaf & Mixed Forests","amendment","MOA","0","30",,,,,,,"bulk soil",,"910","90.1","310","26.8","11087.9","7033.4","4054.5",,,,,,"23.70","2.15",,,"19","27","54",
"1641","40",,"43.3","-89.33","307","7.84","847.62","cold/snow","Temperate Broadleaf & Mixed Forests","amendment","Pasture","0","30",,,,,,,"bulk soil",,"1095","100","396","40.8","13071.3","8571.3","4500",,,,,,"29.00","2.46",,,"19","27","54",
"1642","39",,"52.25","10.25","90","9","697.7","temperate","Temperate Broadleaf & Mixed Forests",,,"0","10",,"Planosols","forest",,,,"bulk soil",,"2730","210","1840","160","31324.2","21874.2","9450",,,"610",,,"59.9","4.3","3.9",,"15","77","8",
"1643","39",,"52.25","10.25","90","9","697.7","temperate","Temperate Broadleaf & Mixed Forests",,,"0","10",,"Planosols","forest",,,,"bulk soil",,"2640","140","1550","49","28262.8","21962.8","6300",,,"520",,,"58","2.4","3.9",,"6","39","55",
"1644","39",,"52.25","10.25","90","9","697.7","temperate","Temperate Broadleaf & Mixed Forests",,,"0","10",,"Gleysols","cropland",,,,"bulk soil",,"1180","140","690","34","15122.8","8822.8","6300",,,"450",,,"18.6","1.8","7",,"35","55","10",
"1645","39",,"52.25","10.25","90","9","697.7","temperate","Temperate Broadleaf & Mixed Forests",,,"0","10",,"Gleysols","cropland",,,,"bulk soil",,"1190","120","840",,"14569.6","9169.6","5400",,,"360",,,"15.1","1.4","7.3",,"34","56","10",
"1646","39",,"52.25","10.25","90","9","697.7","temperate","Temperate Broadleaf & Mixed Forests",,,"0","10",,"Gleysols","cropland",,,,"bulk soil",,"1400","110","910",,"16137.9","11187.9","4950",,,"200",,,"14","1.2","7.8",,"18","66","16",
"1647","39",,"52.25","10.25","90","9","697.7","temperate","Temperate Broadleaf & Mixed Forests",,,"0","10",,"Gleysols","cropland",,,,"bulk soil",,"980","67","540",,"10974.9","7959.9","3015",,,"180",,,"7.8","0.7","7.4",,"8","8","84",
"1648","38",,"35.28","107.88","1200","10.62","595.55","cold/snow","Temperate Broadleaf & Mixed Forests","amendment",,"0","10",,,"cropland",,,,"bulk soil",,"450","35","240",,"5175.7","3600.7","1575",,,"77.03","13.85",,"8.68","1.02","7.92",,"15","72","13",
"1649","38",,"35.28","107.88","1200","10.62","595.55","cold/snow","Temperate Broadleaf & Mixed Forests","amendment",,"10","20",,,"cropland",,,,"bulk soil",,"350","25","187",,"3954.1","2829.1","1125",,,"66.16","8.18",,"7.99","0.98","8.23",,"15","72","13",
"1650","38",,"40.06","-88.19",,"11","978.8","cold/snow","Temperate Grasslands, Savannas & Shrublands","amendment","2008y","0","10",,,"cropland",,,,"bulk soil",,"1165.72","33.38",,,"11565.1","10063","1502.1","1502.1","10062.91",,,"17.22",,,,,"17.3",,,
"1651","38",,"40.06","-88.19",,"11","978.8","cold/snow","Temperate Grasslands, Savannas & Shrublands","amendment","2010y","0","10",,,"cropland",,,,"bulk soil",,"1205.67","39.39",,,"12118","10345.4","1772.6","1772.55","10345.29",,,"18.14",,,,,,,,
"1652","38",,"40.06","-88.19",,"11","978.8","cold/snow","Temperate Grasslands, Savannas & Shrublands","amendment","2014y","0","10",,,"cropland",,,,"bulk soil",,"1165.6","37.01",,,"11680.7","10015.3","1665.4","1665.45","10015.22",,,"15.92",,,,,,,,
"1653","38",,"35.28","107.88",,"10.62","595.55","cold/snow","Temperate Broadleaf & Mixed Forests","amendment","CK","0","20",,,"cropland",,,,"bulk soil",,"400.18","32.37",,,"4642.7","3186.1","1456.6","1456.65","3186.03",,,"8.34",,"1",,,,,,
"1654","37",,"46.13","-88.18","422","4.4","741.02","cold/snow","Temperate Broadleaf & Mixed Forests",,,"0","15",,,"forest",,,,"bulk soil",,"582","97",,,"8357.8","3992.8","4365",,,,,"31.03",,,,,,,,
"1655","37",,"46.13","-88.18","422","4.4","741.02","cold/snow","Temperate Broadleaf & Mixed Forests",,,"0","15",,,"forest",,,,"bulk soil",,"544","60",,,"6825.8","4125.8","2700",,,,,"27.96",,,,,,,,
"1656","37",,"46.13","-88.18","422","4.4","741.02","cold/snow","Temperate Broadleaf & Mixed Forests",,,"0","15",,,"forest",,,,"bulk soil",,"498","40",,,"5768.5","3968.5","1800",,,,,"29.14",,,,,,,,
"1657","36",,"49.52","8.39","144","9.78","526.59","temperate","Temperate Broadleaf & Mixed Forests",,,"0","0","litter",,"forest",,,,"bulk soil",,"4606","52","658",,"43126.5","40786.5","2340",,,,,,"443","12.8",,,,,,
"1658","36",,"49.52","8.39","144","9.78","526.59","temperate","Temperate Broadleaf & Mixed Forests",,,"0","0","litter",,"forest",,,,"bulk soil",,"4228","85","571",,"40785.8","36960.8","3825",,,,,,"444","14.3",,,,,,
"1659","36",,"49.52","8.39","144","9.78","526.59","temperate","Temperate Broadleaf & Mixed Forests",,,"0","0","litter",,"forest",,,,"bulk soil",,"3655","85","630",,"35628.8","31803.8","3825",,,,,,"437","14.7",,,,,,
"1660","36",,"49.52","8.39","144","9.78","526.59","temperate","Temperate Broadleaf & Mixed Forests",,,"0","0","litter",,"forest",,,,"bulk soil",,"5242","128","2496",,"51294.9","45534.9","5760",,,,,,"437","17.2",,,,,,
"1661","36",,"49.52","8.39","144","9.78","526.59","temperate","Temperate Broadleaf & Mixed Forests",,,"0","0","litter",,"forest",,,,"bulk soil",,"5987","150","3522",,"58707.4","51957.4","6750",,,,,,"439","20.3",,,,,,
"1662","36",,"49.52","8.39","144","9.78","526.59","temperate","Temperate Broadleaf & Mixed Forests",,,"0","0","litter",,"forest",,,,"bulk soil",,"6116","382","4077",,"67330.2","50140.2","17190",,,,,,"423","21.4",,,,,,
"1663","36",,"49.52","8.39","144","9.78","526.59","temperate","Temperate Broadleaf & Mixed Forests",,,"0","0","litter",,"forest",,,,"bulk soil",,"4606","52",,,"43126.5","40786.5","2340",,,,,"443",,,,,,,,
"1664","36",,"49.52","8.39","144","9.78","526.59","temperate","Temperate Broadleaf & Mixed Forests",,,"0","0","litter",,"forest",,,,"bulk soil",,"4228","85",,,"40785.8","36960.8","3825",,,,,"444",,,,,,,,
"1665","36",,"49.52","8.39","144","9.78","526.59","temperate","Temperate Broadleaf & Mixed Forests",,,"0","0","litter",,"forest",,,,"bulk soil",,"3655","85",,,"35628.8","31803.8","3825",,,,,"437",,,,,,,,
"1666","36",,"49.52","8.39","144","9.78","526.59","temperate","Temperate Broadleaf & Mixed Forests",,,"0","0","litter",,"forest",,,,"bulk soil",,"5242","128",,,"51294.9","45534.9","5760",,,,,"437",,,,,,,,
"1667","36",,"49.52","8.39","144","9.78","526.59","temperate","Temperate Broadleaf & Mixed Forests",,,"0","0","litter",,"forest",,,,"bulk soil",,"5987","150",,,"58707.4","51957.4","6750",,,,,"439",,,,,,,,
"1668","36",,"49.52","8.39","144","9.78","526.59","temperate","Temperate Broadleaf & Mixed Forests",,,"0","0","litter",,"forest",,,,"bulk soil",,"6116","382",,,"67330.2","50140.2","17190",,,,,"423",,,,,,,,
"1669","35",,"45.77","124.36",,"5.19","416.69","cold/snow","Flooded Grasslands & Savannas",,,"0","20",,,"grassland",,,,"bulk soil",,"1046","73.86",,,"11789.6","8465.9","3323.7",,,,,,"25.90","2.7","5.3",,,,,
"1670","35",,"45.77","124.36",,"5.19","416.69","cold/snow","Flooded Grasslands & Savannas",,,"0","20",,,"grassland",,,,"bulk soil",,"744","58.07",,,"8563.8","5950.6","2613.2",,,,,,"16.70","2.1","7.6",,,,,
"1671","35",,"45.77","124.36",,"5.19","416.69","cold/snow","Flooded Grasslands & Savannas",,,"0","20",,,"grassland",,,,"bulk soil",,"479","46.5",,,"5806.6","3714.1","2092.5",,,,,,"13.10","1.6","8.1",,,,,
"1672","35",,"45.77","124.36",,"5.19","416.69","cold/snow","Flooded Grasslands & Savannas",,,"0","20",,,"grassland",,,,"bulk soil",,"476","47.69",,,"5817.8","3671.8","2146",,,,,,"12.60","1.6","8.4",,,,,
"1673","34",,"35.2","107.67","967","10.62","595.55","cold/snow","Temperate Broadleaf & Mixed Forests","cropping; amendment","alfalfa_ck","0","20",,"Calcaric Regosol","cropland",,,,"bulk soil",,"182.4324324","7.697368421","85.4749",,"1889.5","1543.1","346.4",,,,,"9.3",,"1.07","8.8",,"5","13","82",
"1674","34",,"35.2","107.67","967","10.62","595.55","cold/snow","Temperate Broadleaf & Mixed Forests","cropping; amendment","alfalfa_ck","0","20",,"Calcaric Regosol","cropland",,,,"bulk soil",,"337.8378378","16.18421053","135.7542",,"3561.1","2832.8","728.3",,,,,"9.3",,"1.07","8.3",,"24","38","38",
"1675","34",,"35.2","107.67","967","10.62","595.55","cold/snow","Temperate Broadleaf & Mixed Forests","cropping; amendment","alfalfa_ck","0","20",,"Calcaric Regosol","cropland",,,,"bulk soil",,"277.027027","11.25","140.7821",,"2855","2348.8","506.2",,,,,"9.3",,"1.07","8.3",,"24","38","38",
"1676","34",,"35.2","107.67","967","10.62","595.55","cold/snow","Temperate Broadleaf & Mixed Forests","cropping; amendment","alfalfa_ck","0","20",,"Calcaric Regosol","cropland",,,,"bulk soil",,"250","11.05263158","133.2402",,"2605.5","2108.1","497.4",,,,,"9.3",,"1.07","8.3",,"24","38","38",
"1677","34",,"35.2","107.67","967","10.62","595.55","cold/snow","Temperate Broadleaf & Mixed Forests","cropping; amendment","alfalfa_ck","0","20",,"Calcaric Regosol","cropland",,,,"bulk soil",,"364.8648649","16.97368421","140.7821",,"3829.7","3065.9","763.8",,,,,"9.3",,"1.07","8.3",,"24","38","38",
"1678","34",,"35.2","107.67","967","10.62","595.55","cold/snow","Temperate Broadleaf & Mixed Forests","cropping; amendment","alfalfa_ck","0","20",,"Calcaric Regosol","cropland",,,,"bulk soil",,"297.2972973","15.39473684","130.7263",,"3170.9","2478.1","692.8",,,,,"9.3",,"1.07","8.3",,"24","38","38",
"1679","34",,"35.2","107.67","967","10.62","595.55","cold/snow","Temperate Broadleaf & Mixed Forests","cropping; amendment","alfalfa_ck","0","20",,"Calcaric Regosol","cropland",,,,"bulk soil",,"844.5945946","22.10526316","276.5363",,"8312.3","7317.6","994.7",,,,,"9.3",,"1.07","8.3",,"24","38","38",
"1680","34",,"35.2","107.67","967","10.62","595.55","cold/snow","Temperate Broadleaf & Mixed Forests","cropping; amendment","alfalfa_ck","0","20",,"Calcaric Regosol","cropland",,,,"bulk soil",,"506.7567568","20.72368421","206.1453",,"5227.4","4294.8","932.6",,,,,"9.3",,"1.07","8.3",,"24","38","38",
"1681","34",,"35.2","107.67","967","10.62","595.55","cold/snow","Temperate Broadleaf & Mixed Forests","cropping; amendment","alfalfa_ck","0","20",,"Calcaric Regosol","cropland",,,,"bulk soil",,"621.6216216","21.11842105","248.8827",,"6273.8","5323.5","950.3",,,,,"9.3",,"1.07","8.3",,"24","38","38",
"1682","34",,"35.2","107.67","967","10.62","595.55","cold/snow","Temperate Broadleaf & Mixed Forests","cropping; amendment","alfalfa_p","0","20",,"Calcaric Regosol","cropland",,,,"bulk soil",,"236.4864865","8.289473684","108.1006",,"2395","2022","373",,,,,"10.01",,"1.17","8.3",,"24","38","38",
"1683","34",,"35.2","107.67","967","10.62","595.55","cold/snow","Temperate Broadleaf & Mixed Forests","cropping; amendment","alfalfa_p","0","20",,"Calcaric Regosol","cropland",,,,"bulk soil",,"358.1081081","18.15789474","145.8101",,"3807","2989.9","817.1",,,,,"10.01",,"1.17","8.3",,"24","38","38",
"1684","34",,"35.2","107.67","967","10.62","595.55","cold/snow","Temperate Broadleaf & Mixed Forests","cropping; amendment","alfalfa_p","0","20",,"Calcaric Regosol","cropland",,,,"bulk soil",,"290.5405405","12.63157895","118.1564",,"3021.1","2452.7","568.4",,,,,"10.01",,"1.17","8.3",,"24","38","38",
"1685","34",,"35.2","107.67","967","10.62","595.55","cold/snow","Temperate Broadleaf & Mixed Forests","cropping; amendment","alfalfa_p","0","20",,"Calcaric Regosol","cropland",,,,"bulk soil",,"331.0810811","18.35526316","140.7821",,"3570.1","2744.1","826",,,,,"10.01",,"1.17","8.3",,"24","38","38",
"1686","34",,"35.2","107.67","967","10.62","595.55","cold/snow","Temperate Broadleaf & Mixed Forests","cropping; amendment","alfalfa_p","0","20",,"Calcaric Regosol","cropland",,,,"bulk soil",,"385.1351351","17.36842105","150.838",,"4024.9","3243.3","781.6",,,,,"10.01",,"1.17","8.3",,"24","38","38",
"1687","34",,"35.2","107.67","967","10.62","595.55","cold/snow","Temperate Broadleaf & Mixed Forests","cropping; amendment","alfalfa_p","0","20",,"Calcaric Regosol","cropland",,,,"bulk soil",,"412.1621622","23.68421053","186.0335",,"4471.2","3405.4","1065.8",,,,,"10.01",,"1.17","8.3",,"24","38","38",
"1688","34",,"35.2","107.67","967","10.62","595.55","cold/snow","Temperate Broadleaf & Mixed Forests","cropping; amendment","alfalfa_p","0","20",,"Calcaric Regosol","cropland",,,,"bulk soil",,"912.1621622","24.07894737","299.162",,"8984","7900.4","1083.6",,,,,"10.01",,"1.17","8.3",,"24","38","38",
"1689","34",,"35.2","107.67","967","10.62","595.55","cold/snow","Temperate Broadleaf & Mixed Forests","cropping; amendment","alfalfa_p","0","20",,"Calcaric Regosol","cropland",,,,"bulk soil",,"614.8648649","22.5","246.3687",,"6257.4","5244.9","1012.5",,,,,"10.01",,"1.17","8.3",,"24","38","38",
"1690","34",,"35.2","107.67","967","10.62","595.55","cold/snow","Temperate Broadleaf & Mixed Forests","cropping; amendment","alfalfa_p","0","20",,"Calcaric Regosol","cropland",,,,"bulk soil",,"736.4864865","23.68421053","296.648",,"7390.1","6324.3","1065.8",,,,,"10.01",,"1.17","8.3",,"24","38","38",
"1691","34",,"35.2","107.67","967","10.62","595.55","cold/snow","Temperate Broadleaf & Mixed Forests","cropping; amendment","alfalfa_npm","0","20",,"Calcaric Regosol","cropland",,,,"bulk soil",,"229.7297297","6.513157895","103.0726",,"2277.1","1984","293.1",,,,,"11.84",,"1.37","8.3",,"24","38","38",
"1692","34",,"35.2","107.67","967","10.62","595.55","cold/snow","Temperate Broadleaf & Mixed Forests","cropping; amendment","alfalfa_npm","0","20",,"Calcaric Regosol","cropland",,,,"bulk soil",,"317.5675676","19.53947368","130.7263",,"3486.6","2607.3","879.3",,,,,"11.84",,"1.37","8.3",,"24","38","38",
"1693","34",,"35.2","107.67","967","10.62","595.55","cold/snow","Temperate Broadleaf & Mixed Forests","cropping; amendment","alfalfa_npm","0","20",,"Calcaric Regosol","cropland",,,,"bulk soil",,"412.1621622","16.57894737","193.5754",,"4242.7","3496.6","746.1",,,,,"11.84",,"1.37","8.3",,"24","38","38",
"1694","34",,"35.2","107.67","967","10.62","595.55","cold/snow","Temperate Broadleaf & Mixed Forests","cropping; amendment","alfalfa_npm","0","20",,"Calcaric Regosol","cropland",,,,"bulk soil",,"405.4054054","22.69736842","186.0335",,"4378.7","3357.3","1021.4",,,,,"11.84",,"1.37","8.3",,"24","38","38",
"1695","34",,"35.2","107.67","967","10.62","595.55","cold/snow","Temperate Broadleaf & Mixed Forests","cropping; amendment","alfalfa_npm","0","20",,"Calcaric Regosol","cropland",,,,"bulk soil",,"425.6756757","18.94736842","170.9497",,"4440.5","3587.9","852.6",,,,,"11.84",,"1.37","8.3",,"24","38","38",
"1696","34",,"35.2","107.67","967","10.62","595.55","cold/snow","Temperate Broadleaf & Mixed Forests","cropping; amendment","alfalfa_npm","0","20",,"Calcaric Regosol","cropland",,,,"bulk soil",,"648.6486486","25.46052632","289.1061",,"6656.7","5511","1145.7",,,,,"11.84",,"1.37","8.3",,"24","38","38",
"1697","34",,"35.2","107.67","967","10.62","595.55","cold/snow","Temperate Broadleaf & Mixed Forests","cropping; amendment","alfalfa_npm","0","20",,"Calcaric Regosol","cropland",,,,"bulk soil",,"959.4594595","25.46052632","341.8994",,"9454","8308.3","1145.7",,,,,"11.84",,"1.37","8.3",,"24","38","38",
"1698","34",,"35.2","107.67","967","10.62","595.55","cold/snow","Temperate Broadleaf & Mixed Forests","cropping; amendment","alfalfa_npm","0","20",,"Calcaric Regosol","cropland",,,,"bulk soil",,"655.4054054","23.09210526","263.9665",,"6641.3","5602.2","1039.1",,,,,"11.84",,"1.37","8.3",,"24","38","38",
"1699","34",,"35.2","107.67","967","10.62","595.55","cold/snow","Temperate Broadleaf & Mixed Forests","cropping; amendment","alfalfa_npm","0","20",,"Calcaric Regosol","cropland",,,,"bulk soil",,"871.6216216","27.63157895","374.581",,"8733.3","7489.9","1243.4",,,,,"11.84",,"1.37","8.3",,"24","38","38",
"1700","34",,"35.2","107.67","967","10.62","595.55","cold/snow","Temperate Broadleaf & Mixed Forests","cropping; amendment","grain_ck","0","20",,"Calcaric Regosol","cropland",,,,"bulk soil",,"182.4324324","12.25490196","103.0726",,"2036.1","1484.6","551.5",,,,,"6.23",,"0.69","8.3",,"24","38","38",
"1701","34",,"35.2","107.67","967","10.62","595.55","cold/snow","Temperate Broadleaf & Mixed Forests","cropping; amendment","grain_ck","0","20",,"Calcaric Regosol","cropland",,,,"bulk soil",,"202.7027027","8.431372549","98.0447",,"2095.5","1716.1","379.4",,,,,"6.23",,"0.69","8.3",,"24","38","38",
"1702","34",,"35.2","107.67","967","10.62","595.55","cold/snow","Temperate Broadleaf & Mixed Forests","cropping; amendment","grain_ck","0","20",,"Calcaric Regosol","cropland",,,,"bulk soil",,"189.1891892","11.37254902","103.0726",,"2068.5","1556.7","511.8",,,,,"6.23",,"0.69","8.3",,"24","38","38",
"1703","34",,"35.2","107.67","967","10.62","595.55","cold/snow","Temperate Broadleaf & Mixed Forests","cropping; amendment","grain_ck","0","20",,"Calcaric Regosol","cropland",,,,"bulk soil",,"202.7027027","9.411764706","108.1006",,"2127","1703.5","423.5",,,,,"6.23",,"0.69","8.3",,"24","38","38",
"1704","34",,"35.2","107.67","967","10.62","595.55","cold/snow","Temperate Broadleaf & Mixed Forests","cropping; amendment","grain_ck","0","20",,"Calcaric Regosol","cropland",,,,"bulk soil",,"189.1891892","7.843137255","93.0168",,"1954.9","1602","352.9",,,,,"6.23",,"0.69","8.3",,"24","38","38",
"1705","34",,"35.2","107.67","967","10.62","595.55","cold/snow","Temperate Broadleaf & Mixed Forests","cropping; amendment","grain_ck","0","20",,"Calcaric Regosol","cropland",,,,"bulk soil",,"168.9189189","8.823529412","80.4469",,"1804.1","1407","397.1",,,,,"6.23",,"0.69","8.3",,"24","38","38",
"1706","34",,"35.2","107.67","967","10.62","595.55","cold/snow","Temperate Broadleaf & Mixed Forests","cropping; amendment","grain_ck","0","20",,"Calcaric Regosol","cropland",,,,"bulk soil",,"182.4324324","11.37254902","93.0168",,"2007.7","1495.9","511.8",,,,,"6.23",,"0.69","8.3",,"24","38","38",
"1707","34",,"35.2","107.67","967","10.62","595.55","cold/snow","Temperate Broadleaf & Mixed Forests","cropping; amendment","grain_ck","0","20",,"Calcaric Regosol","cropland",,,,"bulk soil",,"168.9189189","14.11764706","85.4749",,"1974.3","1339","635.3",,,,,"6.23",,"0.69","8.3",,"24","38","38",
"1708","34",,"35.2","107.67","967","10.62","595.55","cold/snow","Temperate Broadleaf & Mixed Forests","cropping; amendment","grain_ck","0","20",,"Calcaric Regosol","cropland",,,,"bulk soil",,"209.4594595","12.15686275","105.5866",,"2276.2","1729.1","547.1",,,,,"6.23",,"0.69","8.3",,"24","38","38",
"1709","34",,"35.2","107.67","967","10.62","595.55","cold/snow","Temperate Broadleaf & Mixed Forests","cropping; amendment","grain_ck","0","20",,"Calcaric Regosol","cropland",,,,"bulk soil",,"250","10.49019608","133.2402",,"2587.4","2115.3","472.1",,,,,"6.23",,"0.69","8.3",,"24","38","38",
"1710","34",,"35.2","107.67","967","10.62","595.55","cold/snow","Temperate Broadleaf & Mixed Forests","cropping; amendment","grain_ck","0","20",,"Calcaric Regosol","cropland",,,,"bulk soil",,"202.7027027","8.62745098","100.5587",,"2101.8","1713.6","388.2",,,,,"6.23",,"0.69","8.3",,"24","38","38",
"1711","34",,"35.2","107.67","967","10.62","595.55","cold/snow","Temperate Broadleaf & Mixed Forests","cropping; amendment","grain_p","0","20",,"Calcaric Regosol","cropland",,,,"bulk soil",,"236.4864865","12.94118","133.2402",,"2544.7","1962.3","582.4",,,,,"6.64",,"0.75","8.3",,"24","38","38",
"1712","34",,"35.2","107.67","967","10.62","595.55","cold/snow","Temperate Broadleaf & Mixed Forests","cropping; amendment","grain_p","0","20",,"Calcaric Regosol","cropland",,,,"bulk soil",,"209.4594595","6.27451","100.5587",,"2087","1804.6","282.4",,,,,"6.64",,"0.75","8.3",,"24","38","38",
"1713","34",,"35.2","107.67","967","10.62","595.55","cold/snow","Temperate Broadleaf & Mixed Forests","cropping; amendment","grain_p","0","20",,"Calcaric Regosol","cropland",,,,"bulk soil",,"182.4324324","8.039216","87.9888",,"1900.5","1538.7","361.8",,,,,"6.64",,"0.75","8.3",,"24","38","38",
"1714","34",,"35.2","107.67","967","10.62","595.55","cold/snow","Temperate Broadleaf & Mixed Forests","cropping; amendment","grain_p","0","20",,"Calcaric Regosol","cropland",,,,"bulk soil",,"222.972973","10.19608","118.1564",,"2334.7","1875.9","458.8",,,,,"6.64",,"0.75","8.3",,"24","38","38",
"1715","34",,"35.2","107.67","967","10.62","595.55","cold/snow","Temperate Broadleaf & Mixed Forests","cropping; amendment","grain_p","0","20",,"Calcaric Regosol","cropland",,,,"bulk soil",,"229.7297297","10.98039","105.5866",,"2420.7","1926.6","494.1",,,,,"6.64",,"0.75","8.3",,"24","38","38",
"1716","34",,"35.2","107.67","967","10.62","595.55","cold/snow","Temperate Broadleaf & Mixed Forests","cropping; amendment","grain_p","0","20",,"Calcaric Regosol","cropland",,,,"bulk soil",,"141.8918919","7.647059","85.4749",,"1523","1178.9","344.1",,,,,"6.64",,"0.75","8.3",,"24","38","38",
"1717","34",,"35.2","107.67","967","10.62","595.55","cold/snow","Temperate Broadleaf & Mixed Forests","cropping; amendment","grain_p","0","20",,"Calcaric Regosol","cropland",,,,"bulk soil",,"216.2162162","12.54902","113.1285",,"2349.6","1784.9","564.7",,,,,"6.64",,"0.75","8.3",,"24","38","38",
"1718","34",,"35.2","107.67","967","10.62","595.55","cold/snow","Temperate Broadleaf & Mixed Forests","cropping; amendment","grain_p","0","20",,"Calcaric Regosol","cropland",,,,"bulk soil",,"222.972973","12.94118","113.1285",,"2423","1840.6","582.4",,,,,"6.64",,"0.75","8.3",,"24","38","38",
"1719","34",,"35.2","107.67","967","10.62","595.55","cold/snow","Temperate Broadleaf & Mixed Forests","cropping; amendment","grain_p","0","20",,"Calcaric Regosol","cropland",,,,"bulk soil",,"195.9459459","13.33333","108.1006",,"2192.4","1592.4","600",,,,,"6.64",,"0.75","8.3",,"24","38","38",
"1720","34",,"35.2","107.67","967","10.62","595.55","cold/snow","Temperate Broadleaf & Mixed Forests","cropping; amendment","grain_p","0","20",,"Calcaric Regosol","cropland",,,,"bulk soil",,"256.7567568","12.94118","135.7542",,"2727.1","2144.7","582.4",,,,,"6.64",,"0.75","8.3",,"24","38","38",
"1721","34",,"35.2","107.67","967","10.62","595.55","cold/snow","Temperate Broadleaf & Mixed Forests","cropping; amendment","grain_p","0","20",,"Calcaric Regosol","cropland",,,,"bulk soil",,"250","14.31373","125.6983",,"2710.4","2066.3","644.1",,,,,"6.64",,"0.75","8.3",,"24","38","38",
"1722","34",,"35.2","107.67","967","10.62","595.55","cold/snow","Temperate Broadleaf & Mixed Forests","cropping; amendment","grain_np","0","20",,"Calcaric Regosol","cropland",,,,"bulk soil",,"182.4324324","13.14270153","103.0726",,"2064.6","1473.2","591.4",,,,,"7.28",,"0.85","8.3",,"24","38","38",
"1723","34",,"35.2","107.67","967","10.62","595.55","cold/snow","Temperate Broadleaf & Mixed Forests","cropping; amendment","grain_np","0","20",,"Calcaric Regosol","cropland",,,,"bulk soil",,"263.5135135","10.82788671","120.6704",,"2719.9","2232.6","487.3",,,,,"7.28",,"0.85","8.3",,"24","38","38",
"1724","34",,"35.2","107.67","967","10.62","595.55","cold/snow","Temperate Broadleaf & Mixed Forests","cropping; amendment","grain_np","0","20",,"Calcaric Regosol","cropland",,,,"bulk soil",,"209.4594595","11.5087146","100.5587",,"2255.3","1737.4","517.9",,,,,"7.28",,"0.85","8.3",,"24","38","38",
"1725","34",,"35.2","107.67","967","10.62","595.55","cold/snow","Temperate Broadleaf & Mixed Forests","cropping; amendment","grain_np","0","20",,"Calcaric Regosol","cropland",,,,"bulk soil",,"229.7297297","14.23202614","110.6145",,"2525.3","1884.9","640.4",,,,,"7.28",,"0.85","8.3",,"24","38","38",
"1726","34",,"35.2","107.67","967","10.62","595.55","cold/snow","Temperate Broadleaf & Mixed Forests","cropping; amendment","grain_np","0","20",,"Calcaric Regosol","cropland",,,,"bulk soil",,"243.2432432","11.10021786","128.2123",,"2546.2","2046.7","499.5",,,,,"7.28",,"0.85","8.3",,"24","38","38",
"1727","34",,"35.2","107.67","967","10.62","595.55","cold/snow","Temperate Broadleaf & Mixed Forests","cropping; amendment","grain_np","0","20",,"Calcaric Regosol","cropland",,,,"bulk soil",,"263.5135135","12.46187364","125.6983",,"2772.4","2211.6","560.8",,,,,"7.28",,"0.85","8.3",,"24","38","38",
"1728","34",,"35.2","107.67","967","10.62","595.55","cold/snow","Temperate Broadleaf & Mixed Forests","cropping; amendment","grain_np","0","20",,"Calcaric Regosol","cropland",,,,"bulk soil",,"263.5135135","14.5043573","138.2682",,"2838.1","2185.4","652.7",,,,,"7.28",,"0.85","8.3",,"24","38","38",
"1729","34",,"35.2","107.67","967","10.62","595.55","cold/snow","Temperate Broadleaf & Mixed Forests","cropping; amendment","grain_np","0","20",,"Calcaric Regosol","cropland",,,,"bulk soil",,"304.0540541","15.86601307","133.2402",,"3246.8","2532.8","714",,,,,"7.28",,"0.85","8.3",,"24","38","38",
"1730","34",,"35.2","107.67","967","10.62","595.55","cold/snow","Temperate Broadleaf & Mixed Forests","cropping; amendment","grain_np","0","20",,"Calcaric Regosol","cropland",,,,"bulk soil",,"317.5675676","20.76797386","160.8939",,"3526.1","2591.5","934.6",,,,,"7.28",,"0.85","8.3",,"24","38","38",
"1731","34",,"35.2","107.67","967","10.62","595.55","cold/snow","Temperate Broadleaf & Mixed Forests","cropping; amendment","grain_np","0","20",,"Calcaric Regosol","cropland",,,,"bulk soil",,"304.0540541","16.54684096","158.3799",,"3268.7","2524.1","744.6",,,,,"7.28",,"0.85","8.3",,"24","38","38",
"1732","34",,"35.2","107.67","967","10.62","595.55","cold/snow","Temperate Broadleaf & Mixed Forests","cropping; amendment","grain_np","0","20",,"Calcaric Regosol","cropland",,,,"bulk soil",,"385.1351351","18.7254902","186.0335",,"4068.4","3225.8","842.6",,,,,"7.28",,"0.85","8.3",,"24","38","38",
"1733","34",,"35.2","107.67","967","10.62","595.55","cold/snow","Temperate Broadleaf & Mixed Forests","cropping; amendment","grain_npm","0","20",,"Calcaric Regosol","cropland",,,,"bulk soil",,"229.7297297","13.00653595","130.7263",,"2485.9","1900.6","585.3",,,,,"9.92",,"1.08","8.3",,"24","38","38",
"1734","34",,"35.2","107.67","967","10.62","595.55","cold/snow","Temperate Broadleaf & Mixed Forests","cropping; amendment","grain_npm","0","20",,"Calcaric Regosol","cropland",,,,"bulk soil",,"229.7297297","9.874727669","105.5866",,"2385.2","1940.8","444.4",,,,,"9.92",,"1.08","8.3",,"24","38","38",
"1735","34",,"35.2","107.67","967","10.62","595.55","cold/snow","Temperate Broadleaf & Mixed Forests","cropping; amendment","grain_npm","0","20",,"Calcaric Regosol","cropland",,,,"bulk soil",,"277.027027","12.73420479","120.6704",,"2902.8","2329.8","573",,,,,"9.92",,"1.08","8.3",,"24","38","38",
"1736","34",,"35.2","107.67","967","10.62","595.55","cold/snow","Temperate Broadleaf & Mixed Forests","cropping; amendment","grain_npm","0","20",,"Calcaric Regosol","cropland",,,,"bulk soil",,"263.5135135","11.5087146","113.1285",,"2741.8","2223.9","517.9",,,,,"9.92",,"1.08","8.3",,"24","38","38",
"1737","34",,"35.2","107.67","967","10.62","595.55","cold/snow","Temperate Broadleaf & Mixed Forests","cropping; amendment","grain_npm","0","20",,"Calcaric Regosol","cropland",,,,"bulk soil",,"324.3243243","19.13398693","165.9218",,"3534.3","2673.3","861",,,,,"9.92",,"1.08","8.3",,"24","38","38",
"1738","34",,"35.2","107.67","967","10.62","595.55","cold/snow","Temperate Broadleaf & Mixed Forests","cropping; amendment","grain_npm","0","20",,"Calcaric Regosol","cropland",,,,"bulk soil",,"351.3513514","19.81481481","188.5475",,"3799.5","2907.8","891.7",,,,,"9.92",,"1.08","8.3",,"24","38","38",
"1739","34",,"35.2","107.67","967","10.62","595.55","cold/snow","Temperate Broadleaf & Mixed Forests","cropping; amendment","grain_npm","0","20",,"Calcaric Regosol","cropland",,,,"bulk soil",,"364.8648649","24.44444444","188.5475",,"4070","2970","1100",,,,,"9.92",,"1.08","8.3",,"24","38","38",
"1740","34",,"35.2","107.67","967","10.62","595.55","cold/snow","Temperate Broadleaf & Mixed Forests","cropping; amendment","grain_npm","0","20",,"Calcaric Regosol","cropland",,,,"bulk soil",,"351.3513514","21.04030501","178.4916",,"3838.9","2892.1","946.8",,,,,"9.92",,"1.08","8.3",,"24","38","38",
"1741","34",,"35.2","107.67","967","10.62","595.55","cold/snow","Temperate Broadleaf & Mixed Forests","cropping; amendment","grain_npm","0","20",,"Calcaric Regosol","cropland",,,,"bulk soil",,"344.5945946","23.89978214","168.4358",,"3870","2794.5","1075.5",,,,,"9.92",,"1.08","8.3",,"24","38","38",
"1742","34",,"35.2","107.67","967","10.62","595.55","cold/snow","Temperate Broadleaf & Mixed Forests","cropping; amendment","grain_npm","0","20",,"Calcaric Regosol","cropland",,,,"bulk soil",,"432.4324324","26.62309368","216.2011",,"4748.1","3550.1","1198",,,,,"9.92",,"1.08","8.3",,"24","38","38",
"1743","34",,"35.2","107.67","967","10.62","595.55","cold/snow","Temperate Broadleaf & Mixed Forests","cropping; amendment","grain_npm","0","20",,"Calcaric Regosol","cropland",,,,"bulk soil",,"520.2702703","24.58061002","261.4525",,"5473","4366.9","1106.1",,,,,"9.92",,"1.08","8.3",,"24","38","38",
"1744","34",,"35.2","107.67","967","10.62","595.55","cold/snow","Temperate Broadleaf & Mixed Forests","cropping; amendment","wheat_ck","0","20",,"Calcaric Regosol","cropland",,,,"bulk soil",,"236.114708","9.422686688","116.7609",,"2428.1","2004.1","424",,,,,"6.42",,"0.71","8.3",,"24","38","38",
"1745","34",,"35.2","107.67","967","10.62","595.55","cold/snow","Temperate Broadleaf & Mixed Forests","cropping; amendment","wheat_ck","0","20",,"Calcaric Regosol","cropland",,,,"bulk soil",,"173.8402307","11.23275162","87.4418",,"1925.9","1420.4","505.5",,,,,"6.42",,"0.71","8.3",,"24","38","38",
"1746","34",,"35.2","107.67","967","10.62","595.55","cold/snow","Temperate Broadleaf & Mixed Forests","cropping; amendment","wheat_ck","0","20",,"Calcaric Regosol","cropland",,,,"bulk soil",,"134.700713","9.517299107","91.6783",,"1518.4","1090.1","428.3",,,,,"6.42",,"0.71","8.3",,"24","38","38",
"1747","34",,"35.2","107.67","967","10.62","595.55","cold/snow","Temperate Broadleaf & Mixed Forests","cropping; amendment","wheat_ck","0","20",,"Calcaric Regosol","cropland",,,,"bulk soil",,"165.4494915","13.82761769","87.1972",,"1933.7","1311.5","622.2",,,,,"6.42",,"0.71","8.3",,"24","38","38",
"1748","34",,"35.2","107.67","967","10.62","595.55","cold/snow","Temperate Broadleaf & Mixed Forests","cropping; amendment","wheat_ck","0","20",,"Calcaric Regosol","cropland",,,,"bulk soil",,"199.0383453","10.83502435","94.0166",,"2139.9","1652.3","487.6",,,,,"6.42",,"0.71","8.3",,"24","38","38",
"1749","34",,"35.2","107.67","967","10.62","595.55","cold/snow","Temperate Broadleaf & Mixed Forests","cropping; amendment","wheat_ck","0","20",,"Calcaric Regosol","cropland",,,,"bulk soil",,"218.1592169","10.25948661","95.3766",,"2293.4","1831.7","461.7",,,,,"6.42",,"0.71","8.3",,"24","38","38",
"1750","34",,"35.2","107.67","967","10.62","595.55","cold/snow","Temperate Broadleaf & Mixed Forests","cropping; amendment","wheat_ck","0","20",,"Calcaric Regosol","cropland",,,,"bulk soil",,"198.1319383","11.60409903","102.4405",,"2156.4","1634.2","522.2",,,,,"6.42",,"0.71","8.3",,"24","38","38",
"1751","34",,"35.2","107.67","967","10.62","595.55","cold/snow","Temperate Broadleaf & Mixed Forests","cropping; amendment","wheat_ck","0","20",,"Calcaric Regosol","cropland",,,,"bulk soil",,"236.6412873","12.27830763","118.4111",,"2524.7","1972.2","552.5",,,,,"6.42",,"0.71","8.3",,"24","38","38",
"1752","34",,"35.2","107.67","967","10.62","595.55","cold/snow","Temperate Broadleaf & Mixed Forests","cropping; amendment","wheat_ck","0","20",,"Calcaric Regosol","cropland",,,,"bulk soil",,"209.2591633","13.17978896","105.1637",,"2307.2","1714.1","593.1",,,,,"6.42",,"0.71","8.3",,"24","38","38",
"1753","34",,"35.2","107.67","967","10.62","595.55","cold/snow","Temperate Broadleaf & Mixed Forests","cropping; amendment","wheat_ck","0","20",,"Calcaric Regosol","cropland",,,,"bulk soil",,"274.8916628","12.83127029","132.8325",,"2886.7","2309.3","577.4",,,,,"6.42",,"0.71","8.3",,"24","38","38",
"1754","34",,"35.2","107.67","967","10.62","595.55","cold/snow","Temperate Broadleaf & Mixed Forests","cropping; amendment","wheat_p","0","20",,"Calcaric Regosol","cropland",,,,"bulk soil",,"193.479049","11.69516031","103.6113",,"2117.5","1591.2","526.3",,,,,"6.51",,"0.74","8.3",,"24","38","38",
"1755","34",,"35.2","107.67","967","10.62","595.55","cold/snow","Temperate Broadleaf & Mixed Forests","cropping; amendment","wheat_p","0","20",,"Calcaric Regosol","cropland",,,,"bulk soil",,"177.7161997","12.25573255","100.5881",,"1993.6","1442.1","551.5",,,,,"6.51",,"0.74","8.3",,"24","38","38",
"1756","34",,"35.2","107.67","967","10.62","595.55","cold/snow","Temperate Broadleaf & Mixed Forests","cropping; amendment","wheat_p","0","20",,"Calcaric Regosol","cropland",,,,"bulk soil",,"212.2114604","12.69911729","85.8308",,"2318.4","1746.9","571.5",,,,,"6.51",,"0.74","8.3",,"24","38","38",
"1757","34",,"35.2","107.67","967","10.62","595.55","cold/snow","Temperate Broadleaf & Mixed Forests","cropping; amendment","wheat_p","0","20",,"Calcaric Regosol","cropland",,,,"bulk soil",,"180.9533675","13.94125406","103.2656",,"2077","1449.6","627.4",,,,,"6.51",,"0.74","8.3",,"24","38","38",
"1758","34",,"35.2","107.67","967","10.62","595.55","cold/snow","Temperate Broadleaf & Mixed Forests","cropping; amendment","wheat_p","0","20",,"Calcaric Regosol","cropland",,,,"bulk soil",,"168.0305934","10.03982346","82.3281",,"1835.2","1383.4","451.8",,,,,"6.51",,"0.74","8.3",,"24","38","38",
"1759","34",,"35.2","107.67","967","10.62","595.55","cold/snow","Temperate Broadleaf & Mixed Forests","cropping; amendment","wheat_p","0","20",,"Calcaric Regosol","cropland",,,,"bulk soil",,"175.5149255","15.37312297","83.6881",,"2074.1","1382.3","691.8",,,,,"6.51",,"0.74","8.3",,"24","38","38",
"1760","34",,"35.2","107.67","967","10.62","595.55","cold/snow","Temperate Broadleaf & Mixed Forests","cropping; amendment","wheat_p","0","20",,"Calcaric Regosol","cropland",,,,"bulk soil",,"213.6358143","11.26344359","105.3594",,"2285","1778.1","506.9",,,,,"6.51",,"0.74","8.3",,"24","38","38",
"1761","34",,"35.2","107.67","967","10.62","595.55","cold/snow","Temperate Broadleaf & Mixed Forests","cropping; amendment","wheat_p","0","20",,"Calcaric Regosol","cropland",,,,"bulk soil",,"201.7489339","12.50558036","97.9628",,"2218","1655.2","562.8",,,,,"6.51",,"0.74","8.3",,"24","38","38",
"1762","34",,"35.2","107.67","967","10.62","595.55","cold/snow","Temperate Broadleaf & Mixed Forests","cropping; amendment","wheat_p","0","20",,"Calcaric Regosol","cropland",,,,"bulk soil",,"244.1342518","12.95276989","113.9333",,"2613.8","2030.9","582.9",,,,,"6.51",,"0.74","8.3",,"24","38","38",
"1763","34",,"35.2","107.67","967","10.62","595.55","cold/snow","Temperate Broadleaf & Mixed Forests","cropping; amendment","wheat_p","0","20",,"Calcaric Regosol","cropland",,,,"bulk soil",,"255.4945529","14.19516031","126.985",,"2756","2117.2","638.8",,,,,"6.51",,"0.74","8.3",,"24","38","38",
"1764","34",,"35.2","107.67","967","10.62","595.55","cold/snow","Temperate Broadleaf & Mixed Forests","cropping; amendment","wheat_np","0","20",,"Calcaric Regosol","cropland",,,,"bulk soil",,"205.1155885","13.85450487","106.5335",,"2291.7","1668.2","623.5",,,,,"7.53",,"0.84","8.3",,"24","38","38",
"1765","34",,"35.2","107.67","967","10.62","595.55","cold/snow","Temperate Broadleaf & Mixed Forests","cropping; amendment","wheat_np","0","20",,"Calcaric Regosol","cropland",,,,"bulk soil",,"220.3432261","12.48300528","116.663",,"2384.5","1822.8","561.7",,,,,"7.53",,"0.84","8.3",,"24","38","38",
"1766","34",,"35.2","107.67","967","10.62","595.55","cold/snow","Temperate Broadleaf & Mixed Forests","cropping; amendment","wheat_np","0","20",,"Calcaric Regosol","cropland",,,,"bulk soil",,"235.4845393","14.40340909","98.9803",,"2582.7","1934.5","648.2",,,,,"7.53",,"0.84","8.3",,"24","38","38",
"1767","34",,"35.2","107.67","967","10.62","595.55","cold/snow","Temperate Broadleaf & Mixed Forests","cropping; amendment","wheat_np","0","20",,"Calcaric Regosol","cropland",,,,"bulk soil",,"235.2169334","14.96398133","120.7984",,"2598.3","1924.9","673.4",,,,,"7.53",,"0.84","8.3",,"24","38","38",
"1768","34",,"35.2","107.67","967","10.62","595.55","cold/snow","Temperate Broadleaf & Mixed Forests","cropping; amendment","wheat_np","0","20",,"Calcaric Regosol","cropland",,,,"bulk soil",,"222.2941593","12.08553166","102.7797",,"2389.3","1845.5","543.8",,,,,"7.53",,"0.84","8.3",,"24","38","38",
"1769","34",,"35.2","107.67","967","10.62","595.55","cold/snow","Temperate Broadleaf & Mixed Forests","cropping; amendment","wheat_np","0","20",,"Calcaric Regosol","cropland",,,,"bulk soil",,"245.2996323","17.75923295","128.981",,"2778.9","1979.7","799.2",,,,,"7.53",,"0.84","8.3",,"24","38","38",
"1770","34",,"35.2","107.67","967","10.62","595.55","cold/snow","Temperate Broadleaf & Mixed Forests","cropping; amendment","wheat_np","0","20",,"Calcaric Regosol","cropland",,,,"bulk soil",,"267.8993802","13.08137175","134.5806",,"2831.9","2243.2","588.7",,,,,"7.53",,"0.84","8.3",,"24","38","38",
"1771","34",,"35.2","107.67","967","10.62","595.55","cold/snow","Temperate Broadleaf & Mixed Forests","cropping; amendment","wheat_np","0","20",,"Calcaric Regosol","cropland",,,,"bulk soil",,"302.5241277","18.3010349","135.9471",,"3311.3","2487.8","823.5",,,,,"7.53",,"0.84","8.3",,"24","38","38",
"1772","34",,"35.2","107.67","967","10.62","595.55","cold/snow","Temperate Broadleaf & Mixed Forests","cropping; amendment","wheat_np","0","20",,"Calcaric Regosol","cropland",,,,"bulk soil",,"325.5209682","18.29367898","148.9955",,"3518.1","2694.9","823.2",,,,,"7.53",,"0.84","8.3",,"24","38","38",
"1773","34",,"35.2","107.67","967","10.62","595.55","cold/snow","Temperate Broadleaf & Mixed Forests","cropping; amendment","wheat_np","0","20",,"Calcaric Regosol","cropland",,,,"bulk soil",,"333.0225652","15.33152394","160.5894",,"3490.3","2800.4","689.9",,,,,"7.53",,"0.84","8.3",,"24","38","38",
"1774","34",,"35.2","107.67","967","10.62","595.55","cold/snow","Temperate Broadleaf & Mixed Forests","cropping; amendment","wheat_npm","0","20",,"Calcaric Regosol","cropland",,,,"bulk soil",,"177.9751731","14.30879667","105.0691",,"2062","1418.1","643.9",,,,,"9.78",,"1.07","8.3",,"24","38","38",
"1775","34",,"35.2","107.67","967","10.62","595.55","cold/snow","Temperate Broadleaf & Mixed Forests","cropping; amendment","wheat_npm","0","20",,"Calcaric Regosol","cropland",,,,"bulk soil",,"231.988398","12.14209619","106.4324",,"2478.4","1932","546.4",,,,,"9.78",,"1.07","8.3",,"24","38","38",
"1776","34",,"35.2","107.67","967","10.62","595.55","cold/snow","Temperate Broadleaf & Mixed Forests","cropping; amendment","wheat_npm","0","20",,"Calcaric Regosol","cropland",,,,"bulk soil",,"254.8557518","17.92664367","98.9836",,"2870.3","2063.6","806.7",,,,,"9.78",,"1.07","8.3",,"24","38","38",
"1777","34",,"35.2","107.67","967","10.62","595.55","cold/snow","Temperate Broadleaf & Mixed Forests","cropping; amendment","wheat_npm","0","20",,"Calcaric Regosol","cropland",,,,"bulk soil",,"312.7363133","16.32761769","164.6302",,"3339.7","2605","734.7",,,,,"9.78",,"1.07","8.3",,"24","38","38",
"1778","34",,"35.2","107.67","967","10.62","595.55","cold/snow","Temperate Broadleaf & Mixed Forests","cropping; amendment","wheat_npm","0","20",,"Calcaric Regosol","cropland",,,,"bulk soil",,"315.3260475","19.69916802","153.9168",,"3471.6","2585.1","886.5",,,,,"9.78",,"1.07","8.3",,"24","38","38",
"1779","34",,"35.2","107.67","967","10.62","595.55","cold/snow","Temperate Broadleaf & Mixed Forests","cropping; amendment","wheat_npm","0","20",,"Calcaric Regosol","cropland",,,,"bulk soil",,"295.6785967","19.35064935","146.5169",,"3283.5","2412.7","870.8",,,,,"9.78",,"1.07","8.3",,"24","38","38",
"1780","34",,"35.2","107.67","967","10.62","595.55","cold/snow","Temperate Broadleaf & Mixed Forests","cropping; amendment","wheat_npm","0","20",,"Calcaric Regosol","cropland",,,,"bulk soil",,"337.6668221","17.28591721","166.7272",,"3595","2817.1","777.9",,,,,"9.78",,"1.07","8.3",,"24","38","38",
"1781","34",,"35.2","107.67","967","10.62","595.55","cold/snow","Temperate Broadleaf & Mixed Forests","cropping; amendment","wheat_npm","0","20",,"Calcaric Regosol","cropland",,,,"bulk soil",,"380.0607724","23.18739854","176.8535",,"4166.3","3122.9","1043.4",,,,,"9.78",,"1.07","8.3",,"24","38","38",
"1782","34",,"35.2","107.67","967","10.62","595.55","cold/snow","Temperate Broadleaf & Mixed Forests","cropping; amendment","wheat_npm","0","20",,"Calcaric Regosol","cropland",,,,"bulk soil",,"422.4288255","23.06640625","220.5907",,"4543.8","3505.8","1038",,,,,"9.78",,"1.07","8.3",,"24","38","38",
"1783","34",,"35.2","107.67","967","10.62","595.55","cold/snow","Temperate Broadleaf & Mixed Forests","cropping; amendment","wheat_npm","0","20",,"Calcaric Regosol","cropland",,,,"bulk soil",,"480.3180194","22.0360694","236.5646",,"5031.6","4040","991.6",,,,,"9.78",,"1.07","8.3",,"24","38","38",
"1784","33",,"47.22","8.33","777","8.17","1139.07","temperate","Temperate Broadleaf & Mixed Forests",,,"0","10",,"Haplic Alisol","forest",,,,"bulk soil",,"311","52","130",,"4471.5","2131.5","2340",,,,,,"14.9","1",,,,,,
"1785","33",,"47.22","8.33","777","8.17","1139.07","temperate","Temperate Broadleaf & Mixed Forests",,,"0","10",,"Haplic Alisol","forest",,,,"bulk soil",,"2979","151","483",,"31667.6","24872.6","6795",,,,,,"323.6","9.8",,,,,,
"1786","33",,"47.22","8.33","777","8.17","1139.07","temperate","Temperate Broadleaf & Mixed Forests",,,"0","10",,"Haplic Alisol","forest",,,,"bulk soil",,"5771","274","1174",,"60751.6","48421.6","12330",,,,,,"393.1","12.1",,,,,,
"1787","33",,"47.22","8.33","777","8.17","1139.07","temperate","Temperate Broadleaf & Mixed Forests",,,"0","10",,"Haplic Alisol","forest",,,,"aggregate",">0.020mm","227","24","97",,"2814.9","1734.9","1080",,,,,,"9.5","0.7",,,,,,
"1788","33",,"47.22","8.33","777","8.17","1139.07","temperate","Temperate Broadleaf & Mixed Forests",,,"0","10",,"Haplic Alisol","forest",,,,"aggregate","<0.020mm","638","80","313",,"8315","4715","3600",,,,,,"22.9","2",,,,,,
"1789","32",,"40.06","-88.19","220","11","978.8","cold/snow","Temperate Grasslands, Savannas & Shrublands","cropping","High diversity","0","10",,,"cropland",,,,"bulk soil",,"684.16","48.66",,,"7722.5","5532.8","2189.7",,,,,,"25.49",,"5.1",,,,,
"1790","32",,"40.06","-88.19","220","11","978.8","cold/snow","Temperate Grasslands, Savannas & Shrublands","cropping","High diversity","10","25",,,"cropland",,,,"bulk soil",,"618.38","41.83",,,"6910.7","5028.4","1882.3",,,,,,"19.46",,,,,,,
"1791","32",,"40.06","-88.19","220","11","978.8","cold/snow","Temperate Grasslands, Savannas & Shrublands","cropping","High diversity","25","50",,,"cropland",,,,"bulk soil",,"400.97","26.71",,,"4467.9","3265.9","1202",,,,,,"8.26",,,,,,,
"1792","32",,"40.06","-88.19","220","11","978.8","cold/snow","Temperate Grasslands, Savannas & Shrublands","cropping","High diversity","50","100",,,"cropland",,,,"bulk soil",,"208.16","11.03",,,"2228.1","1731.8","496.3",,,,,,"4.31",,,,,,,
"1793","32",,"40.06","-88.19","220","11","978.8","cold/snow","Temperate Grasslands, Savannas & Shrublands","cropping","Low diversity","0","10",,,"cropland",,,,"bulk soil",,"784.98","30.62",,,"8049.6","6671.7","1377.9",,,,,,"25.65",,,,,,,
"1794","32",,"40.06","-88.19","220","11","978.8","cold/snow","Temperate Grasslands, Savannas & Shrublands","cropping","Low diversity","10","25",,,"cropland",,,,"bulk soil",,"472.77","25.96",,,"5089.9","3921.7","1168.2",,,,,,"17.83",,,,,,,
"1795","32",,"40.06","-88.19","220","11","978.8","cold/snow","Temperate Grasslands, Savannas & Shrublands","cropping","Low diversity","25","50",,,"cropland",,,,"bulk soil",,"279.01","20.31",,,"3164.3","2250.4","913.9",,,,,,"6.97",,,,,,,
"1796","32",,"40.06","-88.19","220","11","978.8","cold/snow","Temperate Grasslands, Savannas & Shrublands","cropping","Low diversity","50","100",,,"cropland",,,,"bulk soil",,"138.72","8.94",,,"1536","1133.7","402.3",,,,,,"3.31",,,,,,,
"1797","32",,"40.06","-88.19","220","11","978.8","cold/snow","Temperate Grasslands, Savannas & Shrublands","cropping","MMS-2008","0","10",,,"cropland",,,,"bulk soil",,"1165.72","33.38",,,"11565.1","10063","1502.1",,,,,,"15.21",,,,,,,
"1798","32",,"40.06","-88.19","220","11","978.8","cold/snow","Temperate Grasslands, Savannas & Shrublands","cropping","MMS-2012","0","10",,,"cropland",,,,"bulk soil",,"1165.6","37.01",,,"11680.7","10015.3","1665.4",,,,,,"14.72",,,,,,,
"1799","32",,"40.06","-88.19","220","11","978.8","cold/snow","Temperate Grasslands, Savannas & Shrublands","cropping","Switchgrass-2008","0","10",,,"cropland",,,,"bulk soil",,"1230.04","34.99",,,"12195.8","10621.2","1574.6",,,,,,"15.73",,,,,,,
"1800","32",,"40.06","-88.19","220","11","978.8","cold/snow","Temperate Grasslands, Savannas & Shrublands","cropping","Switchgrass-2012","0","10",,,"cropland",,,,"bulk soil",,"1313.39","43.56",,,"13221.5","11261.3","1960.2",,,,,,"18.40",,,,,,,
"1801","32",,"40.06","-88.19","220","11","978.8","cold/snow","Temperate Grasslands, Savannas & Shrublands",,,"0","10",,,"cropland",,,,"bulk soil",,"1220.47","37.17",,,"12179.8","10507.1","1672.7",,,,,,"15.02",,,,,,,
"1802","32",,"40.06","-88.19","220","11","978.8","cold/snow","Temperate Grasslands, Savannas & Shrublands",,,"0","10",,,"cropland",,,,"bulk soil",,"1403.41","44.31",,,"14055.9","12061.9","1994",,,,,,"17.36",,,,,,,
"1803","31",,"21.45","110.9",,,,"temperate","Tropical & Subtropical Moist Broadleaf Forests","amendment","CT-LMA (>2 mm)","0","20",,,"forest",,,,"aggregate",">2mm","839.768","57.5581",,,"9409.1","6819","2590.1",,,,,,"25.13","1.55213",,,,,,
"1804","31",,"21.45","110.9",,,,"temperate","Tropical & Subtropical Moist Broadleaf Forests","amendment","N-LMA (>2mm)","0","20",,,"forest",,,,"aggregate",">2mm","689.189","54.0698",,,"7941.7","5508.6","2433.1",,,,,,"39.37","2.11552","4.38",,,,,
"1805","31",,"21.45","110.9",,,,"temperate","Tropical & Subtropical Moist Broadleaf Forests","amendment","P-LMA (>2 mm)","0","20",,,"forest",,,,"aggregate",">2mm","573.359","44.7674",,,"6600","4585.5","2014.5",,,,,,"26.81","1.87687","4.29",,,,,
"1806","31",,"21.45","110.9",,,,"temperate","Tropical & Subtropical Moist Broadleaf Forests","amendment","NP-LMA (>2 mm)","0","20",,,"forest",,,,"aggregate",">2mm","492.278","36.0465",,,"5589.9","3967.8","1622.1",,,,,,"29.74","2.01246","4.56",,,,,
"1807","31",,"21.45","110.9",,,,"temperate","Tropical & Subtropical Moist Broadleaf Forests","amendment","SMA (0.25–2 mm)","0","20",,,"forest",,,,"aggregate","0.250-2mm","932.432","63.3721",,,"10430.1","7578.4","2851.7",,,,,,"30.99","1.82861","4.47",,,,,
"1808","31",,"21.45","110.9",,,,"temperate","Tropical & Subtropical Moist Broadleaf Forests","amendment","SMA (0.25–2 mm)","0","20",,,"forest",,,,"aggregate","0.250-3mm","857.143","63.3721",,,"9752.5","6900.8","2851.7",,,,,,"41.47","2.23158","4.28",,,,,
"1809","31",,"21.45","110.9",,,,"temperate","Tropical & Subtropical Moist Broadleaf Forests","amendment","SMA (0.25–2 mm)","0","20",,,"forest",,,,"aggregate","0.250-4mm","445.946","38.9535",,,"5266.4","3513.5","1752.9",,,,,,"28.06","1.85924","4.22",,,,,
"1810","31",,"21.45","110.9",,,,"temperate","Tropical & Subtropical Moist Broadleaf Forests","amendment","SMA (0.25–2 mm)","0","20",,,"forest",,,,"aggregate","0.250-5mm","596.525","43.0233",,,"6752.4","4816.4","1936",,,,,,"36.44","1.88787","4.49",,,,,
"1811","31",,"21.45","110.9",,,,"temperate","Tropical & Subtropical Moist Broadleaf Forests","amendment","MA (<0.25 mm)","0","20",,,"forest",,,,"aggregate","<0.250mm","862.934","73.2558",,,"10122.5","6826","3296.5",,,,,,"36.86","2.72007","4.38",,,,,
"1812","31",,"21.45","110.9",,,,"temperate","Tropical & Subtropical Moist Broadleaf Forests","amendment","MA (<0.25 mm)","0","20",,,"forest",,,,"aggregate","<0.250mm","793.436","65.1163",,,"9235.2","6305","2930.2",,,,,,"46.49","3.71136","3.98",,,,,
"1813","31",,"21.45","110.9",,,,"temperate","Tropical & Subtropical Moist Broadleaf Forests","amendment","MA (<0.25 mm)","0","20",,,"forest",,,,"aggregate","<0.250mm","608.108","57.5581",,,"7324.2","4734.1","2590.1",,,,,,"32.25","2.99143","3.8",,,,,
"1814","31",,"21.45","110.9",,,,"temperate","Tropical & Subtropical Moist Broadleaf Forests","amendment","MA (<0.25 mm)","0","20",,,"forest",,,,"aggregate","<0.250mm","515.444","51.7442",,,"6303.3","3974.8","2328.5",,,,,,"51.94","3.44797","4.11",,,,,
"1815","30",,"45.5","127",,"3.82","589.34","cold/snow","Temperate Broadleaf & Mixed Forests",,,"0","15",,"Black soils/Phaeozems/Mollisols","wetland","paddy",,,"bulk soil",,"459.7346163",,,,,,,,,,,"22.01",,,,,,,,
"1816","30",,"45.5","127",,"3.82","589.34","cold/snow","Temperate Broadleaf & Mixed Forests",,,"0","15",,"Black soils/Phaeozems/Mollisols","wetland","paddy",,,"bulk soil",,"496.634274",,,,,,,,,,,"22.01",,,,,,,,
"1817","30",,"45.5","127",,"3.82","589.34","cold/snow","Temperate Broadleaf & Mixed Forests",,,"0","15",,"Black soils/Phaeozems/Mollisols","wetland","paddy",,,"bulk soil",,"482.1226035",,,,,,,,,,,"22.01",,,,,,,,
"1818","30",,"45.5","127",,"3.82","589.34","cold/snow","Temperate Broadleaf & Mixed Forests",,,"0","15",,"Black soils/Phaeozems/Mollisols","wetland","paddy",,,"bulk soil",,"595.8015764",,,,,,,,,,,"22.01",,,,,,,,
"1819","30",,"45.5","127",,"3.82","589.34","cold/snow","Temperate Broadleaf & Mixed Forests",,,"0","15",,"Black soils/Phaeozems/Mollisols","wetland","paddy",,,"bulk soil",,"600.2251455",,,,,,,,,,,"22.01",,,,,,,,
"1820","30",,"45.5","127",,"3.82","589.34","cold/snow","Temperate Broadleaf & Mixed Forests",,,"0","15",,"Black soils/Phaeozems/Mollisols","wetland","paddy",,,"bulk soil",,"542.8453758",,,,,,,,,,,"22.01",,,,,,,,
"1821","30",,"45.5","127",,"3.82","589.34","cold/snow","Temperate Broadleaf & Mixed Forests",,,"0","15",,"Black soils/Phaeozems/Mollisols","wetland","paddy",,,"bulk soil",,"580.6061099",,,,,,,,,,,"22.01",,,,,,,,
"1822","30",,"45.5","127",,"3.82","589.34","cold/snow","Temperate Broadleaf & Mixed Forests",,,"0","15",,"Black soils/Phaeozems/Mollisols","wetland","paddy",,,"bulk soil",,"613.4620852",,,,,,,,,,,"22.01",,,,,,,,
"1823","30",,"45.5","127",,"3.82","589.34","cold/snow","Temperate Broadleaf & Mixed Forests",,,"0","15",,"Black soils/Phaeozems/Mollisols","wetland","paddy",,,"bulk soil",,"609.612567",,,,,,,,,,,"22.01",,,,,,,,
"1824","30",,"45.5","127",,"3.82","589.34","cold/snow","Temperate Broadleaf & Mixed Forests",,,"0","15",,"Black soils/Phaeozems/Mollisols","wetland","paddy",,,"bulk soil",,"819.4788424",,,,,,,,,,,"22.01",,,,,,,,
"1825","30",,"45.5","127",,"3.82","589.34","cold/snow","Temperate Broadleaf & Mixed Forests",,,"0","15",,"Black soils/Phaeozems/Mollisols","cropland","upland",,,"bulk soil",,"580.9929523",,,,,,,,,,,"17.3",,,,,,,,
"1826","30",,"45.5","127",,"3.82","589.34","cold/snow","Temperate Broadleaf & Mixed Forests",,,"0","15",,"Black soils/Phaeozems/Mollisols","cropland","upland",,,"bulk soil",,"660.4055078",,,,,,,,,,,"17.3",,,,,,,,
"1827","30",,"45.5","127",,"3.82","589.34","cold/snow","Temperate Broadleaf & Mixed Forests",,,"0","15",,"Black soils/Phaeozems/Mollisols","cropland","upland",,,"bulk soil",,"653.5046841",,,,,,,,,,,"17.3",,,,,,,,
"1828","30",,"45.5","127",,"3.82","589.34","cold/snow","Temperate Broadleaf & Mixed Forests",,,"0","15",,"Black soils/Phaeozems/Mollisols","cropland","upland",,,"bulk soil",,"662.2965989",,,,,,,,,,,"17.3",,,,,,,,
"1829","30",,"45.5","127",,"3.82","589.34","cold/snow","Temperate Broadleaf & Mixed Forests",,,"0","15",,"Black soils/Phaeozems/Mollisols","cropland","upland",,,"bulk soil",,"696.1703535",,,,,,,,,,,"17.3",,,,,,,,
"1830","30",,"45.5","127",,"3.82","589.34","cold/snow","Temperate Broadleaf & Mixed Forests",,,"0","15",,"Black soils/Phaeozems/Mollisols","cropland","upland",,,"bulk soil",,"743.6599641",,,,,,,,,,,"17.3",,,,,,,,
"1831","30",,"45.5","127",,"3.82","589.34","cold/snow","Temperate Broadleaf & Mixed Forests",,,"0","15",,"Black soils/Phaeozems/Mollisols","cropland","upland",,,"bulk soil",,"794.6265282",,,,,,,,,,,"17.3",,,,,,,,
"1832","30",,"45.5","127",,"3.82","589.34","cold/snow","Temperate Broadleaf & Mixed Forests",,,"0","15",,"Black soils/Phaeozems/Mollisols","cropland","upland",,,"bulk soil",,"822.8203742",,,,,,,,,,,"17.3",,,,,,,,
"1833","30",,"45.5","127",,"3.82","589.34","cold/snow","Temperate Broadleaf & Mixed Forests",,,"0","15",,"Black soils/Phaeozems/Mollisols","cropland","upland",,,"bulk soil",,"857.8088773",,,,,,,,,,,"17.3",,,,,,,,
"1834","30",,"45.5","127",,"3.82","589.34","cold/snow","Temperate Broadleaf & Mixed Forests",,,"0","15",,"Black soils/Phaeozems/Mollisols","cropland","upland",,,"bulk soil",,"870.542224",,,,,,,,,,,"17.3",,,,,,,,
"1835","30",,"34","109.5",,"9.38","713.07","temperate","Temperate Broadleaf & Mixed Forests",,,"0","15",,"Fluvo-aquic soils/Cambisols-Flavisols/Inceptisols","wetland","paddy",,,"bulk soil",,"223.2045604",,,,,,,,,,,"12.58",,,,,,,,
"1836","30",,"34","109.5",,"9.38","713.07","temperate","Temperate Broadleaf & Mixed Forests",,,"0","15",,"Fluvo-aquic soils/Cambisols-Flavisols/Inceptisols","wetland","paddy",,,"bulk soil",,"245.1296033",,,,,,,,,,,"12.58",,,,,,,,
"1837","30",,"34","109.5",,"9.38","713.07","temperate","Temperate Broadleaf & Mixed Forests",,,"0","15",,"Fluvo-aquic soils/Cambisols-Flavisols/Inceptisols","wetland","paddy",,,"bulk soil",,"241.5397635",,,,,,,,,,,"12.58",,,,,,,,
"1838","30",,"34","109.5",,"9.38","713.07","temperate","Temperate Broadleaf & Mixed Forests",,,"0","15",,"Fluvo-aquic soils/Cambisols-Flavisols/Inceptisols","wetland","paddy",,,"bulk soil",,"242.7412019",,,,,,,,,,,"12.58",,,,,,,,
"1839","30",,"34","109.5",,"9.38","713.07","temperate","Temperate Broadleaf & Mixed Forests",,,"0","15",,"Fluvo-aquic soils/Cambisols-Flavisols/Inceptisols","wetland","paddy",,,"bulk soil",,"265.6988062",,,,,,,,,,,"12.58",,,,,,,,
"1840","30",,"34","109.5",,"9.38","713.07","temperate","Temperate Broadleaf & Mixed Forests",,,"0","15",,"Fluvo-aquic soils/Cambisols-Flavisols/Inceptisols","wetland","paddy",,,"bulk soil",,"269.7325509",,,,,,,,,,,"12.58",,,,,,,,
"1841","30",,"34","109.5",,"9.38","713.07","temperate","Temperate Broadleaf & Mixed Forests",,,"0","15",,"Fluvo-aquic soils/Cambisols-Flavisols/Inceptisols","wetland","paddy",,,"bulk soil",,"383.3046592",,,,,,,,,,,"12.58",,,,,,,,
"1842","30",,"34","109.5",,"9.38","713.07","temperate","Temperate Broadleaf & Mixed Forests",,,"0","15",,"Fluvo-aquic soils/Cambisols-Flavisols/Inceptisols","wetland","paddy",,,"bulk soil",,"402.0789422",,,,,,,,,,,"12.58",,,,,,,,
"1843","30",,"34","109.5",,"9.38","713.07","temperate","Temperate Broadleaf & Mixed Forests",,,"0","15",,"Fluvo-aquic soils/Cambisols-Flavisols/Inceptisols","wetland","paddy",,,"bulk soil",,"389.4469522",,,,,,,,,,,"12.58",,,,,,,,
"1844","30",,"34","109.5",,"9.38","713.07","temperate","Temperate Broadleaf & Mixed Forests",,,"0","15",,"Fluvo-aquic soils/Cambisols-Flavisols/Inceptisols","wetland","paddy",,,"bulk soil",,"433.5189905",,,,,,,,,,,"12.58",,,,,,,,
"1845","30",,"34","109.5",,"9.38","713.07","temperate","Temperate Broadleaf & Mixed Forests",,,"0","15",,"Fluvo-aquic soils/Cambisols-Flavisols/Inceptisols","cropland","upland",,,"bulk soil",,"304.6240831",,,,,,,,,,,"10.59",,,,,,,,
"1846","30",,"34","109.5",,"9.38","713.07","temperate","Temperate Broadleaf & Mixed Forests",,,"0","15",,"Fluvo-aquic soils/Cambisols-Flavisols/Inceptisols","cropland","upland",,,"bulk soil",,"325.2457901",,,,,,,,,,,"10.59",,,,,,,,
"1847","30",,"34","109.5",,"9.38","713.07","temperate","Temperate Broadleaf & Mixed Forests",,,"0","15",,"Fluvo-aquic soils/Cambisols-Flavisols/Inceptisols","cropland","upland",,,"bulk soil",,"345.5750482",,,,,,,,,,,"10.59",,,,,,,,
"1848","30",,"34","109.5",,"9.38","713.07","temperate","Temperate Broadleaf & Mixed Forests",,,"0","15",,"Fluvo-aquic soils/Cambisols-Flavisols/Inceptisols","cropland","upland",,,"bulk soil",,"358.1259788",,,,,,,,,,,"10.59",,,,,,,,
"1849","30",,"34","109.5",,"9.38","713.07","temperate","Temperate Broadleaf & Mixed Forests",,,"0","15",,"Fluvo-aquic soils/Cambisols-Flavisols/Inceptisols","cropland","upland",,,"bulk soil",,"374.722452",,,,,,,,,,,"10.59",,,,,,,,
"1850","30",,"34","109.5",,"9.38","713.07","temperate","Temperate Broadleaf & Mixed Forests",,,"0","15",,"Fluvo-aquic soils/Cambisols-Flavisols/Inceptisols","cropland","upland",,,"bulk soil",,"382.6185715",,,,,,,,,,,"10.59",,,,,,,,
"1851","30",,"34","109.5",,"9.38","713.07","temperate","Temperate Broadleaf & Mixed Forests",,,"0","15",,"Fluvo-aquic soils/Cambisols-Flavisols/Inceptisols","cropland","upland",,,"bulk soil",,"417.570273",,,,,,,,,,,"10.59",,,,,,,,
"1852","30",,"34","109.5",,"9.38","713.07","temperate","Temperate Broadleaf & Mixed Forests",,,"0","15",,"Fluvo-aquic soils/Cambisols-Flavisols/Inceptisols","cropland","upland",,,"bulk soil",,"433.2000403",,,,,,,,,,,"10.59",,,,,,,,
"1853","30",,"34","109.5",,"9.38","713.07","temperate","Temperate Broadleaf & Mixed Forests",,,"0","15",,"Fluvo-aquic soils/Cambisols-Flavisols/Inceptisols","cropland","upland",,,"bulk soil",,"616.7198286",,,,,,,,,,,"10.59",,,,,,,,
"1854","30",,"34","109.5",,"9.38","713.07","temperate","Temperate Broadleaf & Mixed Forests",,,"0","15",,"Fluvo-aquic soils/Cambisols-Flavisols/Inceptisols","cropland","upland",,,"bulk soil",,"254.2050859",,,,,,,,,,,"10.59",,,,,,,,
"1855","30",,"27","111.5",,"14.93","1398.33","temperate","Tropical & Subtropical Moist Broadleaf Forests",,,"0","15",,"Red soils/Acrisol-Alisol/Ultisols","wetland","paddy",,,"bulk soil",,"499.332129",,,,,,,,,,,"20.94",,,,,,,,
"1856","30",,"27","111.5",,"14.93","1398.33","temperate","Tropical & Subtropical Moist Broadleaf Forests",,,"0","15",,"Red soils/Acrisol-Alisol/Ultisols","wetland","paddy",,,"bulk soil",,"514.1342347",,,,,,,,,,,"20.94",,,,,,,,
"1857","30",,"27","111.5",,"14.93","1398.33","temperate","Tropical & Subtropical Moist Broadleaf Forests",,,"0","15",,"Red soils/Acrisol-Alisol/Ultisols","wetland","paddy",,,"bulk soil",,"499.6453586",,,,,,,,,,,"20.94",,,,,,,,
"1858","30",,"27","111.5",,"14.93","1398.33","temperate","Tropical & Subtropical Moist Broadleaf Forests",,,"0","15",,"Red soils/Acrisol-Alisol/Ultisols","wetland","paddy",,,"bulk soil",,"505.9581394",,,,,,,,,,,"20.94",,,,,,,,
"1859","30",,"27","111.5",,"14.93","1398.33","temperate","Tropical & Subtropical Moist Broadleaf Forests",,,"0","15",,"Red soils/Acrisol-Alisol/Ultisols","wetland","paddy",,,"bulk soil",,"577.0130656",,,,,,,,,,,"20.94",,,,,,,,
"1860","30",,"27","111.5",,"14.93","1398.33","temperate","Tropical & Subtropical Moist Broadleaf Forests",,,"0","15",,"Red soils/Acrisol-Alisol/Ultisols","wetland","paddy",,,"bulk soil",,"630.5753243",,,,,,,,,,,"20.94",,,,,,,,
"1861","30",,"27","111.5",,"14.93","1398.33","temperate","Tropical & Subtropical Moist Broadleaf Forests",,,"0","15",,"Red soils/Acrisol-Alisol/Ultisols","wetland","paddy",,,"bulk soil",,"625.0576648",,,,,,,,,,,"20.94",,,,,,,,
"1862","30",,"27","111.5",,"14.93","1398.33","temperate","Tropical & Subtropical Moist Broadleaf Forests",,,"0","15",,"Red soils/Acrisol-Alisol/Ultisols","wetland","paddy",,,"bulk soil",,"660.0751259",,,,,,,,,,,"20.94",,,,,,,,
"1863","30",,"27","111.5",,"14.93","1398.33","temperate","Tropical & Subtropical Moist Broadleaf Forests",,,"0","15",,"Red soils/Acrisol-Alisol/Ultisols","wetland","paddy",,,"bulk soil",,"684.394592",,,,,,,,,,,"20.94",,,,,,,,
"1864","30",,"27","111.5",,"14.93","1398.33","temperate","Tropical & Subtropical Moist Broadleaf Forests",,,"0","15",,"Red soils/Acrisol-Alisol/Ultisols","wetland","paddy",,,"bulk soil",,"677.471415",,,,,,,,,,,"20.94",,,,,,,,
"1865","30",,"27","111.5",,"14.93","1398.33","temperate","Tropical & Subtropical Moist Broadleaf Forests",,,"0","15",,"Red soils/Acrisol-Alisol/Ultisols","cropland","upland",,,"bulk soil",,"654.7261284",,,,,,,,,,,"20.94",,,,,,,,
"1866","30",,"27","111.5",,"14.93","1398.33","temperate","Tropical & Subtropical Moist Broadleaf Forests",,,"0","15",,"Red soils/Acrisol-Alisol/Ultisols","cropland","upland",,,"bulk soil",,"381.9562773",,,,,,,,,,,"11.21",,,,,,,,
"1867","30",,"27","111.5",,"14.93","1398.33","temperate","Tropical & Subtropical Moist Broadleaf Forests",,,"0","15",,"Red soils/Acrisol-Alisol/Ultisols","cropland","upland",,,"bulk soil",,"378.2285323",,,,,,,,,,,"11.21",,,,,,,,
"1868","30",,"27","111.5",,"14.93","1398.33","temperate","Tropical & Subtropical Moist Broadleaf Forests",,,"0","15",,"Red soils/Acrisol-Alisol/Ultisols","cropland","upland",,,"bulk soil",,"458.5792807",,,,,,,,,,,"11.21",,,,,,,,
"1869","30",,"27","111.5",,"14.93","1398.33","temperate","Tropical & Subtropical Moist Broadleaf Forests",,,"0","15",,"Red soils/Acrisol-Alisol/Ultisols","cropland","upland",,,"bulk soil",,"486.7587972",,,,,,,,,,,"11.21",,,,,,,,
"1870","30",,"27","111.5",,"14.93","1398.33","temperate","Tropical & Subtropical Moist Broadleaf Forests",,,"0","15",,"Red soils/Acrisol-Alisol/Ultisols","cropland","upland",,,"bulk soil",,"559.0177162",,,,,,,,,,,"11.21",,,,,,,,
"1871","30",,"27","111.5",,"14.93","1398.33","temperate","Tropical & Subtropical Moist Broadleaf Forests",,,"0","15",,"Red soils/Acrisol-Alisol/Ultisols","cropland","upland",,,"bulk soil",,"568.1371477",,,,,,,,,,,"11.21",,,,,,,,
"1872","30",,"27","111.5",,"14.93","1398.33","temperate","Tropical & Subtropical Moist Broadleaf Forests",,,"0","15",,"Red soils/Acrisol-Alisol/Ultisols","cropland","upland",,,"bulk soil",,"593.7455091",,,,,,,,,,,"11.21",,,,,,,,
"1873","30",,"27","111.5",,"14.93","1398.33","temperate","Tropical & Subtropical Moist Broadleaf Forests",,,"0","15",,"Red soils/Acrisol-Alisol/Ultisols","cropland","upland",,,"bulk soil",,"598.1482898",,,,,,,,,,,"11.21",,,,,,,,
"1874","30",,"27","111.5",,"14.93","1398.33","temperate","Tropical & Subtropical Moist Broadleaf Forests",,,"0","15",,"Red soils/Acrisol-Alisol/Ultisols","cropland","upland",,,"bulk soil",,"700.8956055",,,,,,,,,,,"11.21",,,,,,,,
"1875","30",,"19.5","109.5",,"22.74","1391.22","temperate","Tropical & Subtropical Moist Broadleaf Forests",,,"0","15",,"Latosols/Acrisols-Alisols-Ferralsols/Ultisols","wetland","paddy",,,"bulk soil",,"548.5423007",,,,,,,,,,,"25.44",,,,,,,,
"1876","30",,"19.5","109.5",,"22.74","1391.22","temperate","Tropical & Subtropical Moist Broadleaf Forests",,,"0","15",,"Latosols/Acrisols-Alisols-Ferralsols/Ultisols","wetland","paddy",,,"bulk soil",,"643.7657509",,,,,,,,,,,"25.44",,,,,,,,
"1877","30",,"19.5","109.5",,"22.74","1391.22","temperate","Tropical & Subtropical Moist Broadleaf Forests",,,"0","15",,"Latosols/Acrisols-Alisols-Ferralsols/Ultisols","wetland","paddy",,,"bulk soil",,"670.3646981",,,,,,,,,,,"25.44",,,,,,,,
"1878","30",,"19.5","109.5",,"22.74","1391.22","temperate","Tropical & Subtropical Moist Broadleaf Forests",,,"0","15",,"Latosols/Acrisols-Alisols-Ferralsols/Ultisols","wetland","paddy",,,"bulk soil",,"688.152622",,,,,,,,,,,"25.44",,,,,,,,
"1879","30",,"19.5","109.5",,"22.74","1391.22","temperate","Tropical & Subtropical Moist Broadleaf Forests",,,"0","15",,"Latosols/Acrisols-Alisols-Ferralsols/Ultisols","wetland","paddy",,,"bulk soil",,"748.3564019",,,,,,,,,,,"25.44",,,,,,,,
"1880","30",,"19.5","109.5",,"22.74","1391.22","temperate","Tropical & Subtropical Moist Broadleaf Forests",,,"0","15",,"Latosols/Acrisols-Alisols-Ferralsols/Ultisols","wetland","paddy",,,"bulk soil",,"748.961367",,,,,,,,,,,"25.44",,,,,,,,
"1881","30",,"19.5","109.5",,"22.74","1391.22","temperate","Tropical & Subtropical Moist Broadleaf Forests",,,"0","15",,"Latosols/Acrisols-Alisols-Ferralsols/Ultisols","wetland","paddy",,,"bulk soil",,"730.2855105",,,,,,,,,,,"25.44",,,,,,,,
"1882","30",,"19.5","109.5",,"22.74","1391.22","temperate","Tropical & Subtropical Moist Broadleaf Forests",,,"0","15",,"Latosols/Acrisols-Alisols-Ferralsols/Ultisols","wetland","paddy",,,"bulk soil",,"718.6350545",,,,,,,,,,,"25.44",,,,,,,,
"1883","30",,"19.5","109.5",,"22.74","1391.22","temperate","Tropical & Subtropical Moist Broadleaf Forests",,,"0","15",,"Latosols/Acrisols-Alisols-Ferralsols/Ultisols","wetland","paddy",,,"bulk soil",,"820.0837902",,,,,,,,,,,"25.44",,,,,,,,
"1884","30",,"19.5","109.5",,"22.74","1391.22","temperate","Tropical & Subtropical Moist Broadleaf Forests",,,"0","15",,"Latosols/Acrisols-Alisols-Ferralsols/Ultisols","wetland","paddy",,,"bulk soil",,"892.5039611",,,,,,,,,,,"25.44",,,,,,,,
"1885","30",,"19.5","109.5",,"22.74","1391.22","temperate","Tropical & Subtropical Moist Broadleaf Forests",,,"0","15",,"Latosols/Acrisols-Alisols-Ferralsols/Ultisols","cropland","upland",,,"bulk soil",,"528.4044415",,,,,,,,,,,"14.46",,,,,,,,
"1886","30",,"19.5","109.5",,"22.74","1391.22","temperate","Tropical & Subtropical Moist Broadleaf Forests",,,"0","15",,"Latosols/Acrisols-Alisols-Ferralsols/Ultisols","cropland","upland",,,"bulk soil",,"550.2284498",,,,,,,,,,,"14.46",,,,,,,,
"1887","30",,"19.5","109.5",,"22.74","1391.22","temperate","Tropical & Subtropical Moist Broadleaf Forests",,,"0","15",,"Latosols/Acrisols-Alisols-Ferralsols/Ultisols","cropland","upland",,,"bulk soil",,"619.1390732",,,,,,,,,,,"14.46",,,,,,,,
"1888","30",,"19.5","109.5",,"22.74","1391.22","temperate","Tropical & Subtropical Moist Broadleaf Forests",,,"0","15",,"Latosols/Acrisols-Alisols-Ferralsols/Ultisols","cropland","upland",,,"bulk soil",,"651.7059287",,,,,,,,,,,"14.46",,,,,,,,
"1889","30",,"19.5","109.5",,"22.74","1391.22","temperate","Tropical & Subtropical Moist Broadleaf Forests",,,"0","15",,"Latosols/Acrisols-Alisols-Ferralsols/Ultisols","cropland","upland",,,"bulk soil",,"685.3043638",,,,,,,,,,,"14.46",,,,,,,,
"1890","30",,"19.5","109.5",,"22.74","1391.22","temperate","Tropical & Subtropical Moist Broadleaf Forests",,,"0","15",,"Latosols/Acrisols-Alisols-Ferralsols/Ultisols","cropland","upland",,,"bulk soil",,"666.2256882",,,,,,,,,,,"14.46",,,,,,,,
"1891","30",,"19.5","109.5",,"22.74","1391.22","temperate","Tropical & Subtropical Moist Broadleaf Forests",,,"0","15",,"Latosols/Acrisols-Alisols-Ferralsols/Ultisols","cropland","upland",,,"bulk soil",,"726.9502287",,,,,,,,,,,"14.46",,,,,,,,
"1892","30",,"19.5","109.5",,"22.74","1391.22","temperate","Tropical & Subtropical Moist Broadleaf Forests",,,"0","15",,"Latosols/Acrisols-Alisols-Ferralsols/Ultisols","cropland","upland",,,"bulk soil",,"723.6502833",,,,,,,,,,,"14.46",,,,,,,,
"1893","30",,"19.5","109.5",,"22.74","1391.22","temperate","Tropical & Subtropical Moist Broadleaf Forests",,,"0","15",,"Latosols/Acrisols-Alisols-Ferralsols/Ultisols","cropland","upland",,,"bulk soil",,"725.2142911",,,,,,,,,,,"14.46",,,,,,,,
"1894","30",,"19.5","109.5",,"22.74","1391.22","temperate","Tropical & Subtropical Moist Broadleaf Forests",,,"0","15",,"Latosols/Acrisols-Alisols-Ferralsols/Ultisols","cropland","upland",,,"bulk soil",,"815.1502805",,,,,,,,,,,"14.46",,,,,,,,
"1895","30",,"45.5","127",,"3.82","589.34","cold/snow","Temperate Broadleaf & Mixed Forests",,,"0","15",,"Black soils/Phaeozems/Mollisols","wetland","paddy",,,"bulk soil",,,"21.65650905",,,,,"974.5",,,,,"22.01",,,,,,,,
"1896","30",,"45.5","127",,"3.82","589.34","cold/snow","Temperate Broadleaf & Mixed Forests",,,"0","15",,"Black soils/Phaeozems/Mollisols","wetland","paddy",,,"bulk soil",,,"22.91754293",,,,,"1031.3",,,,,"22.01",,,,,,,,
"1897","30",,"45.5","127",,"3.82","589.34","cold/snow","Temperate Broadleaf & Mixed Forests",,,"0","15",,"Black soils/Phaeozems/Mollisols","wetland","paddy",,,"bulk soil",,,"22.77209791",,,,,"1024.7",,,,,"22.01",,,,,,,,
"1898","30",,"45.5","127",,"3.82","589.34","cold/snow","Temperate Broadleaf & Mixed Forests",,,"0","15",,"Black soils/Phaeozems/Mollisols","wetland","paddy",,,"bulk soil",,,"26.26379917",,,,,"1181.9",,,,,"22.01",,,,,,,,
"1899","30",,"45.5","127",,"3.82","589.34","cold/snow","Temperate Broadleaf & Mixed Forests",,,"0","15",,"Black soils/Phaeozems/Mollisols","wetland","paddy",,,"bulk soil",,,"29.07522599",,,,,"1308.4",,,,,"22.01",,,,,,,,
"1900","30",,"45.5","127",,"3.82","589.34","cold/snow","Temperate Broadleaf & Mixed Forests",,,"0","15",,"Black soils/Phaeozems/Mollisols","wetland","paddy",,,"bulk soil",,,"28.15713617",,,,,"1267.1",,,,,"22.01",,,,,,,,
"1901","30",,"45.5","127",,"3.82","589.34","cold/snow","Temperate Broadleaf & Mixed Forests",,,"0","15",,"Black soils/Phaeozems/Mollisols","wetland","paddy",,,"bulk soil",,,"30.14182284",,,,,"1356.4",,,,,"22.01",,,,,,,,
"1902","30",,"45.5","127",,"3.82","589.34","cold/snow","Temperate Broadleaf & Mixed Forests",,,"0","15",,"Black soils/Phaeozems/Mollisols","wetland","paddy",,,"bulk soil",,,"32.53732792",,,,,"1464.2",,,,,"22.01",,,,,,,,
"1903","30",,"45.5","127",,"3.82","589.34","cold/snow","Temperate Broadleaf & Mixed Forests",,,"0","15",,"Black soils/Phaeozems/Mollisols","wetland","paddy",,,"bulk soil",,,"36.51129427",,,,,"1643",,,,,"22.01",,,,,,,,
"1904","30",,"45.5","127",,"3.82","589.34","cold/snow","Temperate Broadleaf & Mixed Forests",,,"0","15",,"Black soils/Phaeozems/Mollisols","wetland","paddy",,,"bulk soil",,,"37.86520883",,,,,"1703.9",,,,,"22.01",,,,,,,,
"1905","30",,"45.5","127",,"3.82","589.34","cold/snow","Temperate Broadleaf & Mixed Forests",,,"0","15",,"Black soils/Phaeozems/Mollisols","cropland","upland",,,"bulk soil",,,"23.92712504",,,,,"1076.7",,,,,"17.3",,,,,,,,
"1906","30",,"45.5","127",,"3.82","589.34","cold/snow","Temperate Broadleaf & Mixed Forests",,,"0","15",,"Black soils/Phaeozems/Mollisols","cropland","upland",,,"bulk soil",,,"26.86256009",,,,,"1208.8",,,,,"17.3",,,,,,,,
"1907","30",,"45.5","127",,"3.82","589.34","cold/snow","Temperate Broadleaf & Mixed Forests",,,"0","15",,"Black soils/Phaeozems/Mollisols","cropland","upland",,,"bulk soil",,,"26.81442505",,,,,"1206.6",,,,,"17.3",,,,,,,,
"1908","30",,"45.5","127",,"3.82","589.34","cold/snow","Temperate Broadleaf & Mixed Forests",,,"0","15",,"Black soils/Phaeozems/Mollisols","cropland","upland",,,"bulk soil",,,"30.59663565",,,,,"1376.8",,,,,"17.3",,,,,,,,
"1909","30",,"45.5","127",,"3.82","589.34","cold/snow","Temperate Broadleaf & Mixed Forests",,,"0","15",,"Black soils/Phaeozems/Mollisols","cropland","upland",,,"bulk soil",,,"31.17225048",,,,,"1402.8",,,,,"17.3",,,,,,,,
"1910","30",,"45.5","127",,"3.82","589.34","cold/snow","Temperate Broadleaf & Mixed Forests",,,"0","15",,"Black soils/Phaeozems/Mollisols","cropland","upland",,,"bulk soil",,,"32.46828637",,,,,"1461.1",,,,,"17.3",,,,,,,,
"1911","30",,"45.5","127",,"3.82","589.34","cold/snow","Temperate Broadleaf & Mixed Forests",,,"0","15",,"Black soils/Phaeozems/Mollisols","cropland","upland",,,"bulk soil",,,"33.42136012",,,,,"1504",,,,,"17.3",,,,,,,,
"1912","30",,"45.5","127",,"3.82","589.34","cold/snow","Temperate Broadleaf & Mixed Forests",,,"0","15",,"Black soils/Phaeozems/Mollisols","cropland","upland",,,"bulk soil",,,"36.49638678",,,,,"1642.3",,,,,"17.3",,,,,,,,
"1913","30",,"45.5","127",,"3.82","589.34","cold/snow","Temperate Broadleaf & Mixed Forests",,,"0","15",,"Black soils/Phaeozems/Mollisols","cropland","upland",,,"bulk soil",,,"37.17990432",,,,,"1673.1",,,,,"17.3",,,,,,,,
"1914","30",,"45.5","127",,"3.82","589.34","cold/snow","Temperate Broadleaf & Mixed Forests",,,"0","15",,"Black soils/Phaeozems/Mollisols","cropland","upland",,,"bulk soil",,,"37.17990432",,,,,"1673.1",,,,,"17.3",,,,,,,,
"1915","30",,"34","109.5",,"9.38","713.07","temperate","Temperate Broadleaf & Mixed Forests",,,"0","15",,"Fluvo-aquic soils/Cambisols-Flavisols/Inceptisols","wetland","paddy",,,"bulk soil",,,"10.29095064",,,,,"463.1",,,,,"12.58",,,,,,,,
"1916","30",,"34","109.5",,"9.38","713.07","temperate","Temperate Broadleaf & Mixed Forests",,,"0","15",,"Fluvo-aquic soils/Cambisols-Flavisols/Inceptisols","wetland","paddy",,,"bulk soil",,,"11.61899402",,,,,"522.9",,,,,"12.58",,,,,,,,
"1917","30",,"34","109.5",,"9.38","713.07","temperate","Temperate Broadleaf & Mixed Forests",,,"0","15",,"Fluvo-aquic soils/Cambisols-Flavisols/Inceptisols","wetland","paddy",,,"bulk soil",,,"13.19409488",,,,,"593.7",,,,,"12.58",,,,,,,,
"1918","30",,"34","109.5",,"9.38","713.07","temperate","Temperate Broadleaf & Mixed Forests",,,"0","15",,"Fluvo-aquic soils/Cambisols-Flavisols/Inceptisols","wetland","paddy",,,"bulk soil",,,"13.16842657",,,,,"592.6",,,,,"12.58",,,,,,,,
"1919","30",,"34","109.5",,"9.38","713.07","temperate","Temperate Broadleaf & Mixed Forests",,,"0","15",,"Fluvo-aquic soils/Cambisols-Flavisols/Inceptisols","wetland","paddy",,,"bulk soil",,,"14.49034455",,,,,"652.1",,,,,"12.58",,,,,,,,
"1920","30",,"34","109.5",,"9.38","713.07","temperate","Temperate Broadleaf & Mixed Forests",,,"0","15",,"Fluvo-aquic soils/Cambisols-Flavisols/Inceptisols","wetland","paddy",,,"bulk soil",,,"13.49278067",,,,,"607.2",,,,,"12.58",,,,,,,,
"1921","30",,"34","109.5",,"9.38","713.07","temperate","Temperate Broadleaf & Mixed Forests",,,"0","15",,"Fluvo-aquic soils/Cambisols-Flavisols/Inceptisols","wetland","paddy",,,"bulk soil",,,"13.9241833",,,,,"626.6",,,,,"12.58",,,,,,,,
"1922","30",,"34","109.5",,"9.38","713.07","temperate","Temperate Broadleaf & Mixed Forests",,,"0","15",,"Fluvo-aquic soils/Cambisols-Flavisols/Inceptisols","wetland","paddy",,,"bulk soil",,,"15.10667568",,,,,"679.8",,,,,"12.58",,,,,,,,
"1923","30",,"34","109.5",,"9.38","713.07","temperate","Temperate Broadleaf & Mixed Forests",,,"0","15",,"Fluvo-aquic soils/Cambisols-Flavisols/Inceptisols","wetland","paddy",,,"bulk soil",,,"27.38867049",,,,,"1232.5",,,,,"12.58",,,,,,,,
"1924","30",,"34","109.5",,"9.38","713.07","temperate","Temperate Broadleaf & Mixed Forests",,,"0","15",,"Fluvo-aquic soils/Cambisols-Flavisols/Inceptisols","wetland","paddy",,,"bulk soil",,,"31.39205184",,,,,"1412.6",,,,,"12.58",,,,,,,,
"1925","30",,"34","109.5",,"9.38","713.07","temperate","Temperate Broadleaf & Mixed Forests",,,"0","15",,"Fluvo-aquic soils/Cambisols-Flavisols/Inceptisols","cropland","upland",,,"bulk soil",,,"12.37420702",,,,,"556.8",,,,,"10.59",,,,,,,,
"1926","30",,"34","109.5",,"9.38","713.07","temperate","Temperate Broadleaf & Mixed Forests",,,"0","15",,"Fluvo-aquic soils/Cambisols-Flavisols/Inceptisols","cropland","upland",,,"bulk soil",,,"13.03324803",,,,,"586.5",,,,,"10.59",,,,,,,,
"1927","30",,"34","109.5",,"9.38","713.07","temperate","Temperate Broadleaf & Mixed Forests",,,"0","15",,"Fluvo-aquic soils/Cambisols-Flavisols/Inceptisols","cropland","upland",,,"bulk soil",,,"12.9716164",,,,,"583.7",,,,,"10.59",,,,,,,,
"1928","30",,"34","109.5",,"9.38","713.07","temperate","Temperate Broadleaf & Mixed Forests",,,"0","15",,"Fluvo-aquic soils/Cambisols-Flavisols/Inceptisols","cropland","upland",,,"bulk soil",,,"14.35133005",,,,,"645.8",,,,,"10.59",,,,,,,,
"1929","30",,"34","109.5",,"9.38","713.07","temperate","Temperate Broadleaf & Mixed Forests",,,"0","15",,"Fluvo-aquic soils/Cambisols-Flavisols/Inceptisols","cropland","upland",,,"bulk soil",,,"15.61539231",,,,,"702.7",,,,,"10.59",,,,,,,,
"1930","30",,"34","109.5",,"9.38","713.07","temperate","Temperate Broadleaf & Mixed Forests",,,"0","15",,"Fluvo-aquic soils/Cambisols-Flavisols/Inceptisols","cropland","upland",,,"bulk soil",,,"14.73118715",,,,,"662.9",,,,,"10.59",,,,,,,,
"1931","30",,"34","109.5",,"9.38","713.07","temperate","Temperate Broadleaf & Mixed Forests",,,"0","15",,"Fluvo-aquic soils/Cambisols-Flavisols/Inceptisols","cropland","upland",,,"bulk soil",,,"17.6205074",,,,,"792.9",,,,,"10.59",,,,,,,,
"1932","30",,"34","109.5",,"9.38","713.07","temperate","Temperate Broadleaf & Mixed Forests",,,"0","15",,"Fluvo-aquic soils/Cambisols-Flavisols/Inceptisols","cropland","upland",,,"bulk soil",,,"17.4815293",,,,,"786.7",,,,,"10.59",,,,,,,,
"1933","30",,"34","109.5",,"9.38","713.07","temperate","Temperate Broadleaf & Mixed Forests",,,"0","15",,"Fluvo-aquic soils/Cambisols-Flavisols/Inceptisols","cropland","upland",,,"bulk soil",,,"21.31766853",,,,,"959.3",,,,,"10.59",,,,,,,,
"1934","30",,"34","109.5",,"9.38","713.07","temperate","Temperate Broadleaf & Mixed Forests",,,"0","15",,"Fluvo-aquic soils/Cambisols-Flavisols/Inceptisols","cropland","upland",,,"bulk soil",,,"26.53671348",,,,,"1194.2",,,,,"10.59",,,,,,,,
"1935","30",,"27","111.5",,"14.93","1398.33","temperate","Tropical & Subtropical Moist Broadleaf Forests",,,"0","15",,"Red soils/Acrisol-Alisol/Ultisols","wetland","paddy",,,"bulk soil",,,"32.57914164",,,,,"1466.1",,,,,"20.94",,,,,,,,
"1936","30",,"27","111.5",,"14.93","1398.33","temperate","Tropical & Subtropical Moist Broadleaf Forests",,,"0","15",,"Red soils/Acrisol-Alisol/Ultisols","wetland","paddy",,,"bulk soil",,,"37.53536998",,,,,"1689.1",,,,,"20.94",,,,,,,,
"1937","30",,"27","111.5",,"14.93","1398.33","temperate","Tropical & Subtropical Moist Broadleaf Forests",,,"0","15",,"Red soils/Acrisol-Alisol/Ultisols","wetland","paddy",,,"bulk soil",,,"43.35243226",,,,,"1950.9",,,,,"20.94",,,,,,,,
"1938","30",,"27","111.5",,"14.93","1398.33","temperate","Tropical & Subtropical Moist Broadleaf Forests",,,"0","15",,"Red soils/Acrisol-Alisol/Ultisols","wetland","paddy",,,"bulk soil",,,"45.99950876",,,,,"2070",,,,,"20.94",,,,,,,,
"1939","30",,"27","111.5",,"14.93","1398.33","temperate","Tropical & Subtropical Moist Broadleaf Forests",,,"0","15",,"Red soils/Acrisol-Alisol/Ultisols","wetland","paddy",,,"bulk soil",,,"47.5784326",,,,,"2141",,,,,"20.94",,,,,,,,
"1940","30",,"27","111.5",,"14.93","1398.33","temperate","Tropical & Subtropical Moist Broadleaf Forests",,,"0","15",,"Red soils/Acrisol-Alisol/Ultisols","wetland","paddy",,,"bulk soil",,,"48.46548483",,,,,"2180.9",,,,,"20.94",,,,,,,,
"1941","30",,"27","111.5",,"14.93","1398.33","temperate","Tropical & Subtropical Moist Broadleaf Forests",,,"0","15",,"Red soils/Acrisol-Alisol/Ultisols","wetland","paddy",,,"bulk soil",,,"52.51281236",,,,,"2363.1",,,,,"20.94",,,,,,,,
"1942","30",,"27","111.5",,"14.93","1398.33","temperate","Tropical & Subtropical Moist Broadleaf Forests",,,"0","15",,"Red soils/Acrisol-Alisol/Ultisols","wetland","paddy",,,"bulk soil",,,"55.69250862",,,,,"2506.2",,,,,"20.94",,,,,,,,
"1943","30",,"27","111.5",,"14.93","1398.33","temperate","Tropical & Subtropical Moist Broadleaf Forests",,,"0","15",,"Red soils/Acrisol-Alisol/Ultisols","wetland","paddy",,,"bulk soil",,,"57.62586493",,,,,"2593.2",,,,,"20.94",,,,,,,,
"1944","30",,"27","111.5",,"14.93","1398.33","temperate","Tropical & Subtropical Moist Broadleaf Forests",,,"0","15",,"Red soils/Acrisol-Alisol/Ultisols","wetland","paddy",,,"bulk soil",,,"74.16572334",,,,,"3337.5",,,,,"20.94",,,,,,,,
"1945","30",,"27","111.5",,"14.93","1398.33","temperate","Tropical & Subtropical Moist Broadleaf Forests",,,"0","15",,"Red soils/Acrisol-Alisol/Ultisols","cropland","upland",,,"bulk soil",,,"26.33118846",,,,,"1184.9",,,,,"11.21",,,,,,,,
"1946","30",,"27","111.5",,"14.93","1398.33","temperate","Tropical & Subtropical Moist Broadleaf Forests",,,"0","15",,"Red soils/Acrisol-Alisol/Ultisols","cropland","upland",,,"bulk soil",,,"32.45568176",,,,,"1460.5",,,,,"11.21",,,,,,,,
"1947","30",,"27","111.5",,"14.93","1398.33","temperate","Tropical & Subtropical Moist Broadleaf Forests",,,"0","15",,"Red soils/Acrisol-Alisol/Ultisols","cropland","upland",,,"bulk soil",,,"33.6481944",,,,,"1514.2",,,,,"11.21",,,,,,,,
"1948","30",,"27","111.5",,"14.93","1398.33","temperate","Tropical & Subtropical Moist Broadleaf Forests",,,"0","15",,"Red soils/Acrisol-Alisol/Ultisols","cropland","upland",,,"bulk soil",,,"36.20034818",,,,,"1629",,,,,"11.21",,,,,,,,
"1949","30",,"27","111.5",,"14.93","1398.33","temperate","Tropical & Subtropical Moist Broadleaf Forests",,,"0","15",,"Red soils/Acrisol-Alisol/Ultisols","cropland","upland",,,"bulk soil",,,"40.29694619",,,,,"1813.4",,,,,"11.21",,,,,,,,
"1950","30",,"27","111.5",,"14.93","1398.33","temperate","Tropical & Subtropical Moist Broadleaf Forests",,,"0","15",,"Red soils/Acrisol-Alisol/Ultisols","cropland","upland",,,"bulk soil",,,"40.83550029",,,,,"1837.6",,,,,"11.21",,,,,,,,
"1951","30",,"27","111.5",,"14.93","1398.33","temperate","Tropical & Subtropical Moist Broadleaf Forests",,,"0","15",,"Red soils/Acrisol-Alisol/Ultisols","cropland","upland",,,"bulk soil",,,"41.61681959",,,,,"1872.8",,,,,"11.21",,,,,,,,
"1952","30",,"27","111.5",,"14.93","1398.33","temperate","Tropical & Subtropical Moist Broadleaf Forests",,,"0","15",,"Red soils/Acrisol-Alisol/Ultisols","cropland","upland",,,"bulk soil",,,"42.4202321",,,,,"1908.9",,,,,"11.21",,,,,,,,
"1953","30",,"27","111.5",,"14.93","1398.33","temperate","Tropical & Subtropical Moist Broadleaf Forests",,,"0","15",,"Red soils/Acrisol-Alisol/Ultisols","cropland","upland",,,"bulk soil",,,"44.67581724",,,,,"2010.4",,,,,"11.21",,,,,,,,
"1954","30",,"27","111.5",,"14.93","1398.33","temperate","Tropical & Subtropical Moist Broadleaf Forests",,,"0","15",,"Red soils/Acrisol-Alisol/Ultisols","cropland","upland",,,"bulk soil",,,"17.23918932",,,,,"775.8",,,,,"11.21",,,,,,,,
"1955","30",,"19.5","109.5",,"22.74","1391.22","temperate","Tropical & Subtropical Moist Broadleaf Forests",,,"0","15",,"Latosols/Acrisols-Alisols-Ferralsols/Ultisols","wetland","paddy",,,"bulk soil",,,"49.22582783",,,,,"2215.2",,,,,"25.44",,,,,,,,
"1956","30",,"19.5","109.5",,"22.74","1391.22","temperate","Tropical & Subtropical Moist Broadleaf Forests",,,"0","15",,"Latosols/Acrisols-Alisols-Ferralsols/Ultisols","wetland","paddy",,,"bulk soil",,,"54.40718347",,,,,"2448.3",,,,,"25.44",,,,,,,,
"1957","30",,"19.5","109.5",,"22.74","1391.22","temperate","Tropical & Subtropical Moist Broadleaf Forests",,,"0","15",,"Latosols/Acrisols-Alisols-Ferralsols/Ultisols","wetland","paddy",,,"bulk soil",,,"57.61780718",,,,,"2592.8",,,,,"25.44",,,,,,,,
"1958","30",,"19.5","109.5",,"22.74","1391.22","temperate","Tropical & Subtropical Moist Broadleaf Forests",,,"0","15",,"Latosols/Acrisols-Alisols-Ferralsols/Ultisols","wetland","paddy",,,"bulk soil",,,"60.37718579",,,,,"2717",,,,,"25.44",,,,,,,,
"1959","30",,"19.5","109.5",,"22.74","1391.22","temperate","Tropical & Subtropical Moist Broadleaf Forests",,,"0","15",,"Latosols/Acrisols-Alisols-Ferralsols/Ultisols","wetland","paddy",,,"bulk soil",,,"57.24855301",,,,,"2576.2",,,,,"25.44",,,,,,,,
"1960","30",,"19.5","109.5",,"22.74","1391.22","temperate","Tropical & Subtropical Moist Broadleaf Forests",,,"0","15",,"Latosols/Acrisols-Alisols-Ferralsols/Ultisols","wetland","paddy",,,"bulk soil",,,"67.71390042",,,,,"3047.1",,,,,"25.44",,,,,,,,
"1961","30",,"19.5","109.5",,"22.74","1391.22","temperate","Tropical & Subtropical Moist Broadleaf Forests",,,"0","15",,"Latosols/Acrisols-Alisols-Ferralsols/Ultisols","wetland","paddy",,,"bulk soil",,,"68.91663086",,,,,"3101.2",,,,,"25.44",,,,,,,,
"1962","30",,"19.5","109.5",,"22.74","1391.22","temperate","Tropical & Subtropical Moist Broadleaf Forests",,,"0","15",,"Latosols/Acrisols-Alisols-Ferralsols/Ultisols","wetland","paddy",,,"bulk soil",,,"75.35793362",,,,,"3391.1",,,,,"25.44",,,,,,,,
"1963","30",,"19.5","109.5",,"22.74","1391.22","temperate","Tropical & Subtropical Moist Broadleaf Forests",,,"0","15",,"Latosols/Acrisols-Alisols-Ferralsols/Ultisols","wetland","paddy",,,"bulk soil",,,"81.82813968",,,,,"3682.3",,,,,"25.44",,,,,,,,
"1964","30",,"19.5","109.5",,"22.74","1391.22","temperate","Tropical & Subtropical Moist Broadleaf Forests",,,"0","15",,"Latosols/Acrisols-Alisols-Ferralsols/Ultisols","wetland","paddy",,,"bulk soil",,,"89.70634845",,,,,"4036.8",,,,,"25.44",,,,,,,,
"1965","30",,"19.5","109.5",,"22.74","1391.22","temperate","Tropical & Subtropical Moist Broadleaf Forests",,,"0","15",,"Latosols/Acrisols-Alisols-Ferralsols/Ultisols","cropland","upland",,,"bulk soil",,,"40.53518449",,,,,"1824.1",,,,,"14.46",,,,,,,,
"1966","30",,"19.5","109.5",,"22.74","1391.22","temperate","Tropical & Subtropical Moist Broadleaf Forests",,,"0","15",,"Latosols/Acrisols-Alisols-Ferralsols/Ultisols","cropland","upland",,,"bulk soil",,,"40.56569459",,,,,"1825.5",,,,,"14.46",,,,,,,,
"1967","30",,"19.5","109.5",,"22.74","1391.22","temperate","Tropical & Subtropical Moist Broadleaf Forests",,,"0","15",,"Latosols/Acrisols-Alisols-Ferralsols/Ultisols","cropland","upland",,,"bulk soil",,,"41.96949454",,,,,"1888.6",,,,,"14.46",,,,,,,,
"1968","30",,"19.5","109.5",,"22.74","1391.22","temperate","Tropical & Subtropical Moist Broadleaf Forests",,,"0","15",,"Latosols/Acrisols-Alisols-Ferralsols/Ultisols","cropland","upland",,,"bulk soil",,,"57.96651075",,,,,"2608.5",,,,,"14.46",,,,,,,,
"1969","30",,"19.5","109.5",,"22.74","1391.22","temperate","Tropical & Subtropical Moist Broadleaf Forests",,,"0","15",,"Latosols/Acrisols-Alisols-Ferralsols/Ultisols","cropland","upland",,,"bulk soil",,,"59.14232313",,,,,"2661.4",,,,,"14.46",,,,,,,,
"1970","30",,"19.5","109.5",,"22.74","1391.22","temperate","Tropical & Subtropical Moist Broadleaf Forests",,,"0","15",,"Latosols/Acrisols-Alisols-Ferralsols/Ultisols","cropland","upland",,,"bulk soil",,,"60.56087521",,,,,"2725.2",,,,,"14.46",,,,,,,,
"1971","30",,"19.5","109.5",,"22.74","1391.22","temperate","Tropical & Subtropical Moist Broadleaf Forests",,,"0","15",,"Latosols/Acrisols-Alisols-Ferralsols/Ultisols","cropland","upland",,,"bulk soil",,,"62.43372606",,,,,"2809.5",,,,,"14.46",,,,,,,,
"1972","30",,"19.5","109.5",,"22.74","1391.22","temperate","Tropical & Subtropical Moist Broadleaf Forests",,,"0","15",,"Latosols/Acrisols-Alisols-Ferralsols/Ultisols","cropland","upland",,,"bulk soil",,,"63.37350424",,,,,"2851.8",,,,,"14.46",,,,,,,,
"1973","30",,"19.5","109.5",,"22.74","1391.22","temperate","Tropical & Subtropical Moist Broadleaf Forests",,,"0","15",,"Latosols/Acrisols-Alisols-Ferralsols/Ultisols","cropland","upland",,,"bulk soil",,,"62.94468644",,,,,"2832.5",,,,,"14.46",,,,,,,,
"1974","30",,"19.5","109.5",,"22.74","1391.22","temperate","Tropical & Subtropical Moist Broadleaf Forests",,,"0","15",,"Latosols/Acrisols-Alisols-Ferralsols/Ultisols","cropland","upland",,,"bulk soil",,,"62.54704929",,,,,"2814.6",,,,,"14.46",,,,,,,,
"1975","29",,"31.72","102.27",,"4.71","786.78","temperate","Temperate Conifer Forests","amendment","control","0","10",,"Haplic Luvisol","forest",,,"2020","bulk soil",,"1140","100","680",,"13476.3","8976.3","4500",,,,,"91.9",,"6","6.29","water",,,,
"1976","29",,"31.72","102.27",,"4.71","786.78","temperate","Temperate Conifer Forests","amendment","P50","0","10",,"Haplic Luvisol","forest",,,"2020","bulk soil",,"4310","172","2680",,"44322","36582","7740",,,,,"83",,"5.9","6.3","water",,,,
"1977","29",,"31.72","102.27",,"4.71","786.78","temperate","Temperate Conifer Forests","amendment","P150","0","10",,"Haplic Luvisol","forest",,,"2020","bulk soil",,"2770","217","1500",,"31909.4","22144.4","9765",,,,,"81.2",,"5.7","6.34","water",,,,
"1978","29",,"31.72","102.27",,"4.71","786.78","temperate","Temperate Conifer Forests","amendment","P300","0","10",,"Haplic Luvisol","forest",,,"2020","bulk soil",,"3220","157","1870",,"34029.6","26964.6","7065",,,,,"93.4",,"6.2","6.33","water",,,,
"1979","28",,"21.27","110.54",,,,"temperate","Tropical & Subtropical Moist Broadleaf Forests",,,"0","20",,,"grassland",,,,"aggregate",">2mm",,,,,"641.28149","440.15354","201.12795",,,,,,"1.50","0.2","4.6",,,,,
"1980","28",,"21.27","110.54",,,,"temperate","Tropical & Subtropical Moist Broadleaf Forests",,,"0","20",,,"forest",,,,"aggregate",">2mm",,,,,"1474.65128","838.73378","635.9175",,,,,,"7.10","0.4","4.6",,,,,
"1981","28",,"21.27","110.54",,,,"temperate","Tropical & Subtropical Moist Broadleaf Forests",,,"0","20",,,"forest",,,,"aggregate",">2mm",,,,,"3580.17945","2598.12195","982.0575",,,,,,"19.70","1.6","4.4",,,,,
"1982","28",,"21.27","110.54",,,,"temperate","Tropical & Subtropical Moist Broadleaf Forests",,,"0","20",,,"forest",,,,"aggregate",">2mm",,,,,"3692.90466","2142.23616","1550.6685",,,,,,"29.70","3","4.5",,,,,
"1983","28",,"21.27","110.54",,,,"temperate","Tropical & Subtropical Moist Broadleaf Forests",,,"0","20",,,"grassland",,,,"aggregate","0.250-2mm",,,,,"874.7896","577.4143","297.3753",,,,,,"2.70","0.3","4.5",,,,,
"1984","28",,"21.27","110.54",,,,"temperate","Tropical & Subtropical Moist Broadleaf Forests",,,"0","20",,,"forest",,,,"aggregate","0.250-2mm",,,,,"1863.48072","1053.37272","810.108",,,,,,"8.60","0.5","4.7",,,,,
"1985","28",,"21.27","110.54",,,,"temperate","Tropical & Subtropical Moist Broadleaf Forests",,,"0","20",,,"forest",,,,"aggregate","0.250-2mm",,,,,"3994.88174","2905.46324","1089.4185",,,,,,"24.00","1.8","4.3",,,,,
"1986","28",,"21.27","110.54",,,,"temperate","Tropical & Subtropical Moist Broadleaf Forests",,,"0","20",,,"forest",,,,"aggregate","0.250-2mm",,,,,"4120.04756","2584.48556","1535.562",,,,,,"23.60","2.2","4.4",,,,,
"1987","28",,"21.27","110.54",,,,"temperate","Tropical & Subtropical Moist Broadleaf Forests",,,"0","20",,,"grassland",,,,"aggregate","<0.250mm",,,,,"1116.04446","677.73546","438.309",,,,,,"4.70","0.1","4.5",,,,,
"1988","28",,"21.27","110.54",,,,"temperate","Tropical & Subtropical Moist Broadleaf Forests",,,"0","20",,,"forest",,,,"aggregate","<0.250mm",,,,,"3337.60862","1975.43612","1362.1725",,,,,,"14.80","1","4.7",,,,,
"1989","28",,"21.27","110.54",,,,"temperate","Tropical & Subtropical Moist Broadleaf Forests",,,"0","20",,,"forest",,,,"aggregate","<0.250mm",,,,,"3872.00631","2597.36781","1274.6385",,,,,,"28.20","2.7","4",,,,,
"1990","28",,"21.27","110.54",,,,"temperate","Tropical & Subtropical Moist Broadleaf Forests",,,"0","20",,,"forest",,,,"aggregate","<0.250mm",,,,,"3709.38001","2044.31701","1665.063",,,,,,"29.70","3.1","4.1",,,,,
"1991","27",,"40.06","-88.19",,"11","978.8","cold/snow","Temperate Grasslands, Savannas & Shrublands","cropping","M. × giganteus (2014)","0","10",,,"grassland",,,,"bulk soil",,"1186.72","38.39",,,"11915.3","10187.7","1727.6","1727.55","10187.58",,,"16.23",,,"8.08",,,,,
"1992","27",,"40.06","-88.19",,"11","978.8","cold/snow","Temperate Grasslands, Savannas & Shrublands","cropping","Switchgrass (2014)","0","10",,,"grassland",,,,"bulk soil",,"1313.39","43.56",,,"13221.5","11261.3","1960.2","1960.2","11261.23",,,"19.14",,,,,,,,
"1993","27",,"40.06","-88.19",,"11","978.8","cold/snow","Temperate Grasslands, Savannas & Shrublands","cropping","Mixed prairie (2014)","0","10",,,"grassland",,,,"bulk soil",,"1403.41","44.31",,,"14055.9","12061.9","1994","1993.95","12061.78",,,"19.23",,,,,,,,
"1994","26",,"41.51","123.4","41","8.39","695.67","cold/snow","Temperate Broadleaf & Mixed Forests","amendment","control","0","20",,"Alfisol","cropland",,,"2017","bulk soil",,"564.77","18.3","252.31",,"5671.5","4848","823.5",,,"96.35",,"12.82",,"1.4","7.21","water 1:2.5",,,,
"1995","26",,"41.51","123.4","41","8.39","695.67","cold/snow","Temperate Broadleaf & Mixed Forests","amendment","biochar","0","20",,"Alfisol","cropland",,,"2017","bulk soil",,"622.14","25.08","277.52",,"6405.9","5277.3","1128.6",,,"119.31",,"14.49",,"1.45","7.37","water 1:2.5","36","24","40",
"1996","26",,"41.51","123.4","41","8.39","695.67","cold/snow","Temperate Broadleaf & Mixed Forests","amendment","stover compost","0","20",,"Alfisol","cropland",,,"2017","bulk soil",,"554.7","23","244.03",,"5732","4697","1035",,,"77.38",,"13.48",,"1.46","6.3","water 1:2.5","36","24","40",
"1997","26",,"41.51","123.4","41","8.39","695.67","cold/snow","Temperate Broadleaf & Mixed Forests","amendment","stover compost","0","20",,"Alfisol","cropland",,,"2017","bulk soil",,"591.99","20.09","273.05",,"5974","5070","904",,,"127.66",,"14.06",,"1.44","6.57","water 1:2.5",,,,
"1998","24",,"43.3","124.48","65","7.05","614.81","cold/snow","Temperate Broadleaf & Mixed Forests",,,"0","20",,"Typic Hapludolls","cropland",,,,"bulk soil",,"710","45","251",,"7837.3","5812.3","2025",,,,,,"17.4","1.65","6.3",,"27","50","23",
"1999","23",,"30.326","121.145",,"16.57","1283.86","temperate",,,,"2","30",,"Salic, tidalic Fluvisol (calcaric, sodic, siltic)","wetland","tidal wetland",,,"bulk soil",,"38.6","3.6","22.2",,"463.2","301.2","162",,,,,"5.1",,"0.3","8.2","KCl",,,,
"2000","23",,"30.314","121.169",,"16.57","1283.86","temperate",,,,"0","13","Ah","Gleyic, salic Fluvisol (calcaric, sodic, siltic)","wetland","salt marsh",,,"bulk soil",,"119.8","9.9","80.8",,"1396.6","951.1","445.5",,,,,"10.9",,"0.8","7.8","KCl",,,,
"2001","23",,"30.314","121.169",,"16.57","1283.86","temperate",,,,"13","30","Bwg","Gleyic, salic Fluvisol (calcaric, sodic, siltic)","wetland","salt marsh",,,"bulk soil",,"40.1","12","35.1",,"746.9","206.9","540",,,,,"5.3",,"0.3","7.8","KCl",,,,
"2002","23",,"30.184","121.356",,"16.57","1283.86","temperate","Temperate Broadleaf & Mixed Forests",,,"0","7","Alp","Stagnic gleyic Cambisol (calcaric, siltic)","wetland","paddy",,,"bulk soil",,"381.6","27.5","323.1",,"4318.9","3081.4","1237.5",,,,,"17.8",,"1.8","7.3","KCl",,,,
"2003","23",,"30.184","121.356",,"16.57","1283.86","temperate","Temperate Broadleaf & Mixed Forests",,,"7","14","Arp","Stagnic gleyic Cambisol (calcaric, siltic)","wetland","paddy",,,"bulk soil",,"264.3","13.1","231.7",,"2800","2210.5","589.5",,,,,"14.5",,"1.4","7.3","KCl",,,,
"2004","23",,"30.184","121.356",,"16.57","1283.86","temperate","Temperate Broadleaf & Mixed Forests",,,"14","23","Ardp","Stagnic gleyic Cambisol (calcaric, siltic)","wetland","paddy",,,"bulk soil",,"54.2","1.9","57.9",,"548.9","463.4","85.5",,,,,"5.7",,"0.5","7.3","KCl",,,,
"2005","23",,"30.184","121.356",,"16.57","1283.86","temperate","Temperate Broadleaf & Mixed Forests",,,"23","38","Bwg1","Stagnic gleyic Cambisol (calcaric, siltic)","wetland","paddy",,,"bulk soil",,"27.4","13.8","22.2",,"690.4","69.4","621",,,,,"5.1",,"0.4","7.3","KCl",,,,
"2006","23",,"30.184","121.356",,"16.57","1283.86","temperate","Temperate Broadleaf & Mixed Forests",,,"38","50","Bwg2","Stagnic gleyic Cambisol (calcaric, siltic)","wetland","paddy",,,"bulk soil",,"28.4","8.2","18.8",,"519.3","150.3","369",,,,,"5.2",,"0.3","7.3","KCl",,,,
"2007","23",,"30.184","121.356",,"16.57","1283.86","temperate","Temperate Broadleaf & Mixed Forests",,,"50","70","Bwg3","Stagnic gleyic Cambisol (calcaric, siltic)","wetland","paddy",,,"bulk soil",,"37.1","8.3","30",,"600.9","227.4","373.5",,,,,"5.1",,"0.4","7.3","KCl",,,,
"2008","23",,"30.184","121.356",,"16.57","1283.86","temperate","Temperate Broadleaf & Mixed Forests",,,"70","100","Blg","Stagnic gleyic Cambisol (calcaric, siltic)","wetland","paddy",,,"bulk soil",,"34","12.2","26.7",,"698.4","149.4","549",,,,,"5.4",,"0.4","7.3","KCl",,,,
"2009","23",,"30.164","121.35",,"16.57","1283.86","temperate","Temperate Broadleaf & Mixed Forests",,,"0","9","Alp1","Gleyic Cambisol (eutric, siltic)","wetland","paddy",,,"bulk soil",,"524.3","37.8","445.6",,"5934.5","4233.5","1701",,,,,"17.6",,"2.1","5.1","KCl",,,,
"2010","23",,"30.164","121.35",,"16.57","1283.86","temperate","Temperate Broadleaf & Mixed Forests",,,"9","15","Alp2","Gleyic Cambisol (eutric, siltic)","wetland","paddy",,,"bulk soil",,"485.1","27.4","424.4",,"5247.2","4014.2","1233",,,,,"15.3",,"1.8","5.1","KCl",,,,
"2011","23",,"30.164","121.35",,"16.57","1283.86","temperate","Temperate Broadleaf & Mixed Forests",,,"15","21","Ardp","Gleyic Cambisol (eutric, siltic)","wetland","paddy",,,"bulk soil",,"154.3","13.2","199.4",,"1813.3","1219.3","594",,,,,"6.6",,"0.9","5.1","KCl",,,,
"2012","23",,"30.164","121.35",,"16.57","1283.86","temperate","Temperate Broadleaf & Mixed Forests",,,"21","30","Bwg1","Gleyic Cambisol (eutric, siltic)","wetland","paddy",,,"bulk soil",,"39","14","59.3",,"801.3","171.3","630",,,,,"5.8",,"0.5","5.1","KCl",,,,
"2013","23",,"30.164","121.35",,"16.57","1283.86","temperate","Temperate Broadleaf & Mixed Forests",,,"30","50","Bwg2","Gleyic Cambisol (eutric, siltic)","wetland","paddy",,,"bulk soil",,"27.4","11.4","35.1",,"613.3","100.3","513",,,,,"4.7",,"0.4","5.1","KCl",,,,
"2014","23",,"30.164","121.35",,"16.57","1283.86","temperate","Temperate Broadleaf & Mixed Forests",,,"50","75","Bwlg1","Gleyic Cambisol (eutric, siltic)","wetland","paddy",,,"bulk soil",,"27.2","10.6","31.6",,"585.7","108.7","477",,,,,"4.7",,"0.4","5.1","KCl",,,,
"2015","23",,"30.164","121.35",,"16.57","1283.86","temperate","Temperate Broadleaf & Mixed Forests",,,"75","100","Bwlg2","Gleyic Cambisol (eutric, siltic)","wetland","paddy",,,"bulk soil",,"31.1","10.7","35.5",,"624","142.5","481.5",,,,,"5.2",,"0.4","5.1","KCl",,,,
"2016","23",,"30.107","121.505",,,,"temperate","Temperate Broadleaf & Mixed Forests",,,"0","18","Alp","Gleyic Cambisol (eutric, siltic)","wetland","paddy",,,"bulk soil",,"512.5","49.4","474.4",,"6201.3","3978.3","2223",,,,,"22.6",,"2.5","5.5","KCl",,,,
"2017","23",,"30.107","121.505",,,,"temperate","Temperate Broadleaf & Mixed Forests",,,"18","24","Ardp","Gleyic Cambisol (eutric, siltic)","wetland","paddy",,,"bulk soil",,"474.5","21.8","427.5",,"4971.7","3990.7","981",,,,,"14.9",,"1.6","5.5","KCl",,,,
"2018","23",,"30.107","121.505",,,,"temperate","Temperate Broadleaf & Mixed Forests",,,"24","30","Bwdl","Gleyic Cambisol (eutric, siltic)","wetland","paddy",,,"bulk soil",,"106.7","3.3","138.2",,"1066.4","917.9","148.5",,,,,"7.1",,"0.7","5.5","KCl",,,,
"2019","23",,"30.107","121.505",,,,"temperate","Temperate Broadleaf & Mixed Forests",,,"30","50","Bwl","Gleyic Cambisol (eutric, siltic)","wetland","paddy",,,"bulk soil",,"44.2","11.3","52.2",,"761.2","252.7","508.5",,,,,"5.2",,"0.5","5.5","KCl",,,,
"2020","23",,"30.107","121.505",,,,"temperate","Temperate Broadleaf & Mixed Forests",,,"50","70","Bwlg1","Gleyic Cambisol (eutric, siltic)","wetland","paddy",,,"bulk soil",,"34.6","17.1","41.4",,"861.4","91.9","769.5",,,,,"4.9",,"0.5","5.5","KCl",,,,
"2021","23","calculated FNC is negative, but AS values are correct (as reported in the text)","30.107","121.505",,,,"temperate","Temperate Broadleaf & Mixed Forests",,,"70","100","Bwlg2","Gleyic Cambisol (eutric, siltic)","wetland","paddy",,,"bulk soil",,"29.8","42.1","41.5",,"1894.5","0","1894.5",,,,,"4.7",,"0.5","5.5","KCl",,,,
"2022","23",,"30.173","121.153",,"16.57","1283.86","temperate","Temperate Broadleaf & Mixed Forests",,,"0","10","Alp1","Endogleyic Stagnosol (albic, eutric, siltic, thaptomollic)","wetland","paddy",,,"bulk soil",,"472.1","101.7","410.8",,"7519.9","2943.4","4576.5",,,,,"23.2",,"2.3","6.8","KCl",,,,
"2023","23",,"30.173","121.153",,"16.57","1283.86","temperate","Temperate Broadleaf & Mixed Forests",,,"10","16","Alp2","Endogleyic Stagnosol (albic, eutric, siltic, thaptomollic)","wetland","paddy",,,"bulk soil",,"467","22.6","400.4",,"4929.9","3912.9","1017",,,,,"18",,"2","6.8","KCl",,,,
"2024","23",,"30.173","121.153",,"16.57","1283.86","temperate","Temperate Broadleaf & Mixed Forests",,,"16","22","Ardp","Endogleyic Stagnosol (albic, eutric, siltic, thaptomollic)","wetland","paddy",,,"bulk soil",,"175.6","59","180.6",,"3478","823","2655",,,,,"8.6",,"1.1","6.8","KCl",,,,
"2025","23",,"30.173","121.153",,"16.57","1283.86","temperate","Temperate Broadleaf & Mixed Forests",,,"22","45","Bg","Endogleyic Stagnosol (albic, eutric, siltic, thaptomollic)","wetland","paddy",,,"bulk soil",,"75.7","3.5","74.6",,"793.9","636.4","157.5",,,,,"4.1",,"0.6","6.8","KCl",,,,
"2026","23",,"30.173","121.153",,"16.57","1283.86","temperate","Temperate Broadleaf & Mixed Forests",,,"45","69","2Ahgb","Endogleyic Stagnosol (albic, eutric, siltic, thaptomollic)","wetland","paddy",,,"bulk soil",,"37.9","5.5","36.1",,"518","270.5","247.5",,,,,"5.3",,"0.7","6.8","KCl",,,,
"2027","23",,"30.173","121.153",,"16.57","1283.86","temperate","Temperate Broadleaf & Mixed Forests",,,"69","106","2Blg1","Endogleyic Stagnosol (albic, eutric, siltic, thaptomollic)","wetland","paddy",,,"bulk soil",,"14.6","3.6","13.4",,"247.2","85.2","162",,,,,"3.3",,"0.5","6.8","KCl",,,,
"2028","23",,"30.173","121.153",,"16.57","1283.86","temperate","Temperate Broadleaf & Mixed Forests",,,"106","116","3Ahlgb","Endogleyic Stagnosol (albic, eutric, siltic, thaptomollic)","wetland","paddy",,,"bulk soil",,"29","2.3","18.8",,"335","231.5","103.5",,,,,"6",,"0.4","6.8","KCl",,,,
"2029","23",,"30.173","121.153",,"16.57","1283.86","temperate","Temperate Broadleaf & Mixed Forests",,,"116","130","3Blg","Endogleyic Stagnosol (albic, eutric, siltic, thaptomollic)","wetland","paddy",,,"bulk soil",,"17.8",,"15.3",,,,,,,,,"2.1",,"0.3","6.8","KCl",,,,
"2030","23",,"30.163","121.116",,"16.57","1283.86","temperate","Temperate Broadleaf & Mixed Forests",,,"0","10","Alp","Endogleyic Stagnosol (albic, ruptic, eutric, siltic)","wetland","paddy",,,"bulk soil",,"368.7","86","304.5",,"6084.3","2214.3","3870",,,,,"14",,"1.6","5.5","KCl",,,,
"2031","23",,"30.163","121.116",,"16.57","1283.86","temperate","Temperate Broadleaf & Mixed Forests",,,"10","16","Al(d)p1","Endogleyic Stagnosol (albic, ruptic, eutric, siltic)","wetland","paddy",,,"bulk soil",,"508.7","19.6","375.4",,"5208.7","4326.7","882",,,,,"11",,"1.3","5.5","KCl",,,,
"2032","23",,"30.163","121.116",,"16.57","1283.86","temperate","Temperate Broadleaf & Mixed Forests",,,"16","21","Aldp2","Endogleyic Stagnosol (albic, ruptic, eutric, siltic)","wetland","paddy",,,"bulk soil",,"157.1","7.9","155.3",,"1668","1312.5","355.5",,,,,"6.1",,"0.7","5.5","KCl",,,,
"2033","23",,"30.163","121.116",,"16.57","1283.86","temperate","Temperate Broadleaf & Mixed Forests",,,"21","40","2Ahgb","Endogleyic Stagnosol (albic, ruptic, eutric, siltic)","wetland","paddy",,,"bulk soil",,"36","5.5","31.6",,"500.9","253.4","247.5",,,,,"4.6",,"0.6","5.5","KCl",,,,
"2034","23",,"30.163","121.116",,"16.57","1283.86","temperate","Temperate Broadleaf & Mixed Forests",,,"40","55","2Bg","Endogleyic Stagnosol (albic, ruptic, eutric, siltic)","wetland","paddy",,,"bulk soil",,"18.9","4.6","16.4",,"318","111","207",,,,,"2.8",,"0.5","5.5","KCl",,,,
"2035","23",,"30.163","121.116",,"16.57","1283.86","temperate","Temperate Broadleaf & Mixed Forests",,,"55","80","2Bl1","Endogleyic Stagnosol (albic, ruptic, eutric, siltic)","wetland","paddy",,,"bulk soil",,"30.9","5.7","28.9",,"461.4","204.9","256.5",,,,,"3.9",,"0.6","5.5","KCl",,,,
"2036","23",,"30.163","121.116",,"16.57","1283.86","temperate","Temperate Broadleaf & Mixed Forests",,,"80","93","3Ahlb","Endogleyic Stagnosol (albic, ruptic, eutric, siltic)","wetland","paddy",,,"bulk soil",,"41.3","15.7","32.2",,"876.7","170.2","706.5",,,,,"15.4",,"1.4","5.5","KCl",,,,
"2037","23",,"30.163","121.116",,"16.57","1283.86","temperate","Temperate Broadleaf & Mixed Forests",,,"93","100","3Bl","Endogleyic Stagnosol (albic, ruptic, eutric, siltic)","wetland","paddy",,,"bulk soil",,"16.7","10.1","21.1",,"475.1","20.6","454.5",,,,,"3.5",,"0.5","5.5","KCl",,,,
"2038","23",,"30.09","121.446",,"16.57","1283.86","temperate","Temperate Broadleaf & Mixed Forests",,,"0","15","Alp","Endogleyic Stagnosol (albic, ruptic, eutric, siltic)","wetland","paddy",,,"bulk soil",,"590","144.8","662.3",,"9967.2","3451.2","6516",,,,,"30",,"3.6","5.1","KCl",,,,
"2039","23",,"30.09","121.446",,"16.57","1283.86","temperate","Temperate Broadleaf & Mixed Forests",,,"15","20","Ar(d)p","Endogleyic Stagnosol (albic, ruptic, eutric, siltic)","wetland","paddy",,,"bulk soil",,"372.9","36.1","439.4",,"4517.2","2892.7","1624.5",,,,,"20.5",,"2.1","5.1","KCl",,,,
"2040","23",,"30.09","121.446",,"16.57","1283.86","temperate","Temperate Broadleaf & Mixed Forests",,,"20","27","Bdg","Endogleyic Stagnosol (albic, ruptic, eutric, siltic)","wetland","paddy",,,"bulk soil",,"51.5","32.9","76",,"1521.7","41.2","1480.5",,,,,"5.5",,"0.6","5.1","KCl",,,,
"2041","23","calculated FNC is negative, but AS values are correct (as reported in the text)","30.09","121.446",,"16.57","1283.86","temperate","Temperate Broadleaf & Mixed Forests",,,"27","35","2AhgB","Endogleyic Stagnosol (albic, ruptic, eutric, siltic)","wetland","paddy",,,"bulk soil",,"21.9","26.5","24.7",,"1192.5","0","1192.5",,,,,"3.5",,"0.4","5.1","KCl",,,,
"2042","23",,"30.09","121.446",,"16.57","1283.86","temperate","Temperate Broadleaf & Mixed Forests",,,"35","50","2Bg1","Endogleyic Stagnosol (albic, ruptic, eutric, siltic)","wetland","paddy",,,"bulk soil",,"23","2.7","18.9",,"293.8","172.3","121.5",,,,,"2.6",,"0.4","5.1","KCl",,,,
"2043","23","calculated FNC is negative, but AS values are correct (as reported in the text)","30.09","121.446",,"16.57","1283.86","temperate","Temperate Broadleaf & Mixed Forests",,,"50","70","2Bg2","Endogleyic Stagnosol (albic, ruptic, eutric, siltic)","wetland","paddy",,,"bulk soil",,"10.9","12.8","8.7",,"576","0","576",,,,,"1.6",,"0.3","5.1","KCl",,,,
"2044","23",,"30.09","121.446",,"16.57","1283.86","temperate","Temperate Broadleaf & Mixed Forests",,,"70","100","2Blg","Endogleyic Stagnosol (albic, ruptic, eutric, siltic)","wetland","paddy",,,"bulk soil",,"10.3","2.1","6.7",,"160.2","65.7","94.5",,,,,"1.4",,"0.3","5.1","KCl",,,,
"2045","23",,"30.219","121.356",,"16.57","1283.86","temperate","Temperate Broadleaf & Mixed Forests",,,"0","9","Ap","Endogleyic, hyposalic, endofluvic Cambisol (calcaric, siltic)","cropland",,,,"bulk soil",,"270.6","12.7","233",,"2843.9","2272.4","571.5",,,,,"10.6",,"1.1","7.1","KCl",,,,
"2046","23",,"30.219","121.356",,"16.57","1283.86","temperate","Temperate Broadleaf & Mixed Forests",,,"9","17","ABw","Endogleyic, hyposalic, endofluvic Cambisol (calcaric, siltic)","cropland",,,,"bulk soil",,"164.8","14.7","155.6",,"1956","1294.5","661.5",,,,,"8.2",,"0.8","7.1","KCl",,,,
"2047","23",,"30.219","121.356",,"16.57","1283.86","temperate","Temperate Broadleaf & Mixed Forests",,,"17","24","Bw","Endogleyic, hyposalic, endofluvic Cambisol (calcaric, siltic)","cropland",,,,"bulk soil",,"62.5","19.3","64.6",,"1183.2","314.7","868.5",,,,,"6.4",,"0.6","7.1","KCl",,,,
"2048","23",,"30.219","121.356",,"16.57","1283.86","temperate","Temperate Broadleaf & Mixed Forests",,,"24","45","BCg","Endogleyic, hyposalic, endofluvic Cambisol (calcaric, siltic)","cropland",,,,"bulk soil",,"61.7","11.4","58.9",,"922","409","513",,,,,"5.6",,"0.5","7.1","KCl",,,,
"2049","23",,"30.219","121.356",,"16.57","1283.86","temperate","Temperate Broadleaf & Mixed Forests",,,"45","70","CBg","Endogleyic, hyposalic, endofluvic Cambisol (calcaric, siltic)","cropland",,,,"bulk soil",,"84.8","24.2","56.1",,"1541.5","452.5","1089",,,,,"4.8",,"0.5","7.1","KCl",,,,
"2050","23",,"30.219","121.356",,"16.57","1283.86","temperate","Temperate Broadleaf & Mixed Forests",,,"70","100","CBlg","Endogleyic, hyposalic, endofluvic Cambisol (calcaric, siltic)","cropland",,,,"bulk soil",,"37.8","4.6","34.2",,"488.1","281.1","207",,,,,"4.7",,"0.4","7.1","KCl",,,,
"2051","23",,"30.198","121.353",,"16.57","1283.86","temperate","Temperate Broadleaf & Mixed Forests",,,"0","14","Ap1","Endogleyic Cambisol (calcaric, siltic)","cropland",,,,"bulk soil",,"186.9","22.1","174.9",,"2392.9","1398.4","994.5",,,,,"10.8",,"1","7.5","KCl",,,,
"2052","23",,"30.198","121.353",,"16.57","1283.86","temperate","Temperate Broadleaf & Mixed Forests",,,"14","25","Ap2","Endogleyic Cambisol (calcaric, siltic)","cropland",,,,"bulk soil",,"143.6","16","156.3",,"1807","1087","720",,,,,"8.1",,"0.8","7.5","KCl",,,,
"2053","23",,"30.198","121.353",,"16.57","1283.86","temperate","Temperate Broadleaf & Mixed Forests",,,"25","30","Bw","Endogleyic Cambisol (calcaric, siltic)","cropland",,,,"bulk soil",,"106","18.5","107.7",,"1549","716.5","832.5",,,,,"7",,"0.7","7.5","KCl",,,,
"2054","23",,"30.198","121.353",,"16.57","1283.86","temperate","Temperate Broadleaf & Mixed Forests",,,"30","38","BCwg1","Endogleyic Cambisol (calcaric, siltic)","cropland",,,,"bulk soil",,"60.7","12","68.9",,"932.3","392.3","540",,,,,"6.2",,"0.5","7.5","KCl",,,,
"2055","23",,"30.198","121.353",,"16.57","1283.86","temperate","Temperate Broadleaf & Mixed Forests",,,"38","70","BCwg2","Endogleyic Cambisol (calcaric, siltic)","cropland",,,,"bulk soil",,"63.1","12.5","76.5",,"969.9","407.4","562.5",,,,,"5.5",,"0.5","7.5","KCl",,,,
"2056","23",,"30.198","121.353",,"16.57","1283.86","temperate","Temperate Broadleaf & Mixed Forests",,,"70","100","BCwlg","Endogleyic Cambisol (calcaric, siltic)","cropland",,,,"bulk soil",,"65.1","11.9","76.7",,"968.6","433.1","535.5",,,,,"5.3",,"0.5","7.5","KCl",,,,
"2057","23",,"30.116","121.511",,,,"temperate","Temperate Broadleaf & Mixed Forests",,,"0","11","Ah","Haplic Cambisol (eutric, siltic)","cropland",,,,"bulk soil",,"278.6","22.8","212.8",,"3240.7","2214.7","1026",,,,,"10.5",,"1.2","6.7","KCl",,,,
"2058","23",,"30.116","121.511",,,,"temperate","Temperate Broadleaf & Mixed Forests",,,"11","22","Bw1","Haplic Cambisol (eutric, siltic)","cropland",,,,"bulk soil",,"159.9","11.3","149.8",,"1802.5","1294","508.5",,,,,"6.6",,"0.7","6.7","KCl",,,,
"2059","23",,"30.116","121.511",,,,"temperate","Temperate Broadleaf & Mixed Forests",,,"22","32","Bw2","Haplic Cambisol (eutric, siltic)","cropland",,,,"bulk soil",,"122.3","5.2","118.5",,"1267.9","1033.9","234",,,,,"6.2",,"0.6","6.7","KCl",,,,
"2060","23",,"30.116","121.511",,,,"temperate","Temperate Broadleaf & Mixed Forests",,,"32","50","Bwg1","Haplic Cambisol (eutric, siltic)","cropland",,,,"bulk soil",,"65.5","4.6","62.9",,"737.4","530.4","207",,,,,"5.3",,"0.5","6.7","KCl",,,,
"2061","23",,"30.116","121.511",,,,"temperate","Temperate Broadleaf & Mixed Forests",,,"50","70","Bwg2","Haplic Cambisol (eutric, siltic)","cropland",,,,"bulk soil",,"39.2","5.2","38.3",,"520","286","234",,,,,"4.6",,"0.4","6.7","KCl",,,,
"2062","23",,"30.116","121.511",,,,"temperate","Temperate Broadleaf & Mixed Forests",,,"70","100","Bwlg","Haplic Cambisol (eutric, siltic)","cropland",,,,"bulk soil",,"35.8","4.7","28",,"473.4","261.9","211.5",,,,,"4.4",,"0.4","6.7","KCl",,,,
"2063","23",,"30.183","121.145",,"16.57","1283.86","temperate","Temperate Broadleaf & Mixed Forests",,,"0","12","Ap1","Haplic Cambisol (eutric, siltic)","cropland",,,,"bulk soil",,"401.5","41","318",,"4932.2","3087.2","1845",,,,,"11",,"1.4","6","KCl",,,,
"2064","23",,"30.183","121.145",,"16.57","1283.86","temperate","Temperate Broadleaf & Mixed Forests",,,"12","17","Ap2","Haplic Cambisol (eutric, siltic)","cropland",,,,"bulk soil",,"227.7","17","188",,"2596.1","1831.1","765",,,,,"7.1",,"0.9","6","KCl",,,,
"2065","23",,"30.183","121.145",,"16.57","1283.86","temperate","Temperate Broadleaf & Mixed Forests",,,"17","23","Bw1","Haplic Cambisol (eutric, siltic)","cropland",,,,"bulk soil",,"112.4","6.1","84.8",,"1207.8","933.3","274.5",,,,,"5.3",,"0.5","6","KCl",,,,
"2066","23",,"30.183","121.145",,"16.57","1283.86","temperate","Temperate Broadleaf & Mixed Forests",,,"23","45","Bw2","Haplic Cambisol (eutric, siltic)","cropland",,,,"bulk soil",,"73","5.4","64.9",,"830.7","587.7","243",,,,,"5.3",,"0.4","6","KCl",,,,
"2067","23",,"30.183","121.145",,"16.57","1283.86","temperate","Temperate Broadleaf & Mixed Forests",,,"45","70","Bwl1","Haplic Cambisol (eutric, siltic)","cropland",,,,"bulk soil",,"44.6","3.9","45.9",,"526.8","351.3","175.5",,,,,"5.2",,"0.4","6","KCl",,,,
"2068","23",,"30.183","121.145",,"16.57","1283.86","temperate","Temperate Broadleaf & Mixed Forests",,,"70","100","Bwl2","Haplic Cambisol (eutric, siltic)","cropland",,,,"bulk soil",,"25.5","2.4","18.8",,"306.7","198.7","108",,,,,"4.8",,"0.4","6","KCl",,,,
"2069","22",,"41.78","108.48",,"4.73","205.33","arid","Deserts & Xeric Shrublands",,,"0","10",,,"grassland",,,,"bulk soil",,"260.3","25.5",,,"3162.9","2015.4","1147.5",,,"141.5",,,"5.30","0.6",,,,,,
"2070","22",,"41.86","111.94",,"4.18","315.28","arid","Deserts & Xeric Shrublands",,,"0","10",,,"grassland",,,,"bulk soil",,"686.5","51",,,"7818.8","5523.8","2295",,,"273.3",,,"12.00","1.4","8.62",,"0.38",,,
"2071","22",,"46.76","107.97",,"0.12","211.89","arid","Temperate Grasslands, Savannas & Shrublands",,,"0","10",,,"grassland",,,,"bulk soil",,"557.1","65.6",,,"7123.8","4171.8","2952",,,"257.8",,,"11.70","0.9","8.24",,"0.64",,,
"2072","22",,"41.83","108.29",,"4.73","205.33","arid","Deserts & Xeric Shrublands",,,"0","10",,,"grassland",,,,"bulk soil",,"151.9","20",,,"2010.4","1110.4","900",,,"105.5",,,"3.70","0.4","7.18",,"0.59",,,
"2073","22",,"42.58","112.64",,"5.41","208.69","arid","Deserts & Xeric Shrublands",,,"0","10",,,"grassland",,,,"bulk soil",,"196","27.5",,,"2648.5","1411","1237.5",,,"128.4",,,"4.70","0.6","8.49",,"0.36",,,
"2074","22",,"42.2","112.37",,"4.26","221.56","arid","Deserts & Xeric Shrublands",,,"0","10",,,"grassland",,,,"bulk soil",,"132","24.5",,,"1976","873.5","1102.5",,,"142.8",,,"5.40","0.6","8.57",,"0.48",,,
"2075","22",,"43.85","114.05",,"2.31","224.07","arid","Temperate Grasslands, Savannas & Shrublands",,,"0","10",,,"grassland",,,,"bulk soil",,"320.3","53",,,"4587.3","2202.3","2385",,,"164",,,"6.50","0.7","8.45",,"0.41",,,
"2076","22",,"47.32","107.52",,"-2.24","227.9","arid","Temperate Grasslands, Savannas & Shrublands",,,"0","10",,,"grassland",,,,"bulk soil",,"3094","327",,,"38363.3","23648.3","14715",,,"698.6",,,"41.20","3.6","7.92",,"0.64",,,
"2077","22",,"48.36","106.22",,"-0.85","260.28","cold/snow","Temperate Grasslands, Savannas & Shrublands",,,"0","10",,,"grassland",,,,"bulk soil",,"1083","99.8",,,"12956.9","8465.9","4491",,,"517.3",,,"28.60","2.5","6.91",,"0.36",,,
"2078","22",,"43.55","116.67",,"1.93","314.92","cold/snow","Temperate Grasslands, Savannas & Shrublands",,,"0","10",,,"grassland",,,,"bulk soil",,"974.2","60.8",,,"10723.3","7987.3","2736",,,"435.1",,,"22.70","1.9","6.65",,"0.45",,,
"2079","22",,"44.42","116.78",,"1.1","297.69","cold/snow","Temperate Grasslands, Savannas & Shrublands",,,"0","10",,,"grassland",,,,"bulk soil",,"1103.3","133.8",,,"14233.1","8212.1","6021",,,"380.6",,,"19.30","1.7","6.99",,"0.38",,,
"2080","22",,"48.81","106.11",,"-1.04","278.82","cold/snow","Temperate Grasslands, Savannas & Shrublands",,,"0","10",,,"grassland",,,,"bulk soil",,"793.5","94.1",,,"10168","5933.5","4234.5",,,"329.9",,,"16.20","1.4","6.7",,"0.1",,,
"2081","22",,"48.21","106.72",,"-0.35","261.36","cold/snow","Temperate Grasslands, Savannas & Shrublands",,,"0","10",,,"grassland",,,,"bulk soil",,"919.6","121.1",,,"12171.3","6721.8","5449.5",,,"617.1",,,"33.20","2.5","7.68",,"0.41",,,
"2082","22",,"44.44","117.6",,"1.58","343.85","cold/snow","Temperate Grasslands, Savannas & Shrublands",,,"0","10",,,"grassland",,,,"bulk soil",,"2010.2","195.4",,,"24376.4","15583.4","8793",,,"615.5",,,"34.90","3.1","7.08",,"0.79",,,
"2083","22",,"43.54","116.56",,"1.93","314.92","cold/snow","Temperate Grasslands, Savannas & Shrublands",,,"0","10",,,"grassland",,,,"bulk soil",,"1905.7","176",,,"22812","14892","7920",,,"669.3",,,"39.60","4","6.92",,"0.3",,,
"2084","22",,"48.9","106.18",,"-1.04","278.82","cold/snow","Temperate Grasslands, Savannas & Shrublands",,,"0","10",,,"grassland",,,,"bulk soil",,"1085.5","109.9",,,"13304.2","8358.7","4945.5",,,"389.1",,,"19.90","1.9","6.53",,"0.55",,,
"2085","22",,"44.46","117.41",,"1.94","323.32","cold/snow","Temperate Grasslands, Savannas & Shrublands",,,"0","10",,,"grassland",,,,"bulk soil",,"981.9","113.5",,,"12487.6","7380.1","5107.5",,,"334.7",,,"16.50","1.4","7.42",,"0.54",,,
"2086","22",,"48.86","106.5",,"-1.04","278.82","cold/snow","Temperate Grasslands, Savannas & Shrublands",,,"0","10",,,"grassland",,,,"bulk soil",,"2262.5","172.7",,,"25917","18145.5","7771.5",,,"820.8",,,"48.70","4.4","7.88",,"0.52",,,
"2087","22",,"49.53","119.67",,"-2.28","359.45","cold/snow","Temperate Grasslands, Savannas & Shrublands",,,"0","10",,,"grassland",,,,"bulk soil",,"854","71.1",,,"9972.8","6773.3","3199.5",,,"418.1",,,"21.00","2.1","7.14",,"0.45",,,
"2088","22",,"49.13","120.42",,"-1.96","365.75","cold/snow","Temperate Grasslands, Savannas & Shrublands",,,"0","10",,,"grassland",,,,"bulk soil",,"394.6","36.7",,,"4731.8","3080.3","1651.5",,,"297.8",,,"13.80","1.6","7.35",,"0.43",,,
"2089","22",,"49.16","106.07",,"-1.31","285.65","cold/snow","Temperate Grasslands, Savannas & Shrublands",,,"0","10",,,"grassland",,,,"bulk soil",,"650.1","51",,,"7491.2","5196.2","2295",,,"364.8",,,"18.30","1.4","8.32",,"0.21",,,
"2090","22",,"49.37","105.94",,"-0.77","284.22","cold/snow","Temperate Grasslands, Savannas & Shrublands",,,"0","10",,,"grassland",,,,"bulk soil",,"1004.5","117.2",,,"12810","7536","5274",,,"615.5",,,"34.10","2.9","6.52",,"0.58",,,
"2091","22",,"49.94","106.31",,"-1","293.69","cold/snow","Temperate Grasslands, Savannas & Shrublands",,,"0","10",,,"grassland",,,,"bulk soil",,"467.9","63.8",,,"6263.1","3392.1","2871",,,"313.1",,,"14.90","1.8","6.54",,"1.15",,,
"2092","22",,"40.95","111.55",,"7.09","422.18","arid","Temperate Grasslands, Savannas & Shrublands",,,"0","10",,,"grassland",,,,"bulk soil",,"900","84.6",,,"10821","7014","3807",,,"308.6",,,"14.40","1.6","8.24",,"0.37",,,
"2093","22",,"49.38","120.03",,"-1.96","365.75","cold/snow","Temperate Grasslands, Savannas & Shrublands",,,"0","10",,,"grassland",,,,"bulk soil",,"888.2","86.2",,,"10766.2","6887.2","3879",,,"388.9",,,"19.70","1.6","8.12",,"0.37",,,
"2094","22",,"49.52","120.02",,"-1.88","372.53","cold/snow","Temperate Grasslands, Savannas & Shrublands",,,"0","10",,,"grassland",,,,"bulk soil",,"945.2","76",,,"10951.2","7531.2","3420",,,"330.8",,,"15.90","1.7","7.54",,"0.36",,,
"2095","22",,"48.86","119.76",,"-1.89","360.63","cold/snow","Temperate Grasslands, Savannas & Shrublands",,,"0","10",,,"grassland",,,,"bulk soil",,"712.4","58.8",,,"8302.8","5656.8","2646",,,"338.3",,,"16.60","1.3","7.49",,"0.42",,,
"2096","21",,"44.2","125.55",,"5.05","554.17","cold/snow","Temperate Broadleaf & Mixed Forests","amendment","NTMS","0","5",,,"cropland",,,,"bulk soil",,"1046.6","54.1",,,"11159.4","8724.9","2434.5",,,,,,"24.39",,,,"21","66","13",
"2097","21",,"44.2","125.55",,"5.05","554.17","cold/snow","Temperate Broadleaf & Mixed Forests","amendment","MPMS","0","5",,,"cropland",,,,"bulk soil",,"642.8","40.9",,,"7100.7","5260.2","1840.5",,,,,,"17.55",,,,,,,
"2098","21",,"44.2","125.55",,"5.05","554.17","cold/snow","Temperate Broadleaf & Mixed Forests","amendment","NTMM","0","5",,,"cropland",,,,"bulk soil",,"1011.7","61.5",,,"11083.3","8315.8","2767.5",,,,,,"24.53",,,,,,,
"2099","21",,"44.2","125.55",,"5.05","554.17","cold/snow","Temperate Broadleaf & Mixed Forests","amendment","MPMM","0","5",,,"cropland",,,,"bulk soil",,"648.3","46.5",,,"7330.3","5237.8","2092.5",,,,,,"17.84",,,,,,,
"2100","21",,"44.2","125.55",,"5.05","554.17","cold/snow","Temperate Broadleaf & Mixed Forests","amendment","CTMM","0","5",,,"cropland",,,,"bulk soil",,"630.1","41.3",,,"6999.2","5140.7","1858.5",,,,,,"14.99",,,,,,,
"2101","21",,"44.2","125.55",,"5.05","554.17","cold/snow","Temperate Broadleaf & Mixed Forests","amendment","NTMS","5","10",,,"cropland",,,,"bulk soil",,"658","39.2",,,"7182.8","5418.8","1764",,,,,,"16.36",,,,,,,
"2102","21",,"44.2","125.55",,"5.05","554.17","cold/snow","Temperate Broadleaf & Mixed Forests","amendment","MPMS","5","10",,,"cropland",,,,"bulk soil",,"647.1","40.1",,,"7113.6","5309.1","1804.5",,,,,,"17.87",,,,,,,
"2103","21",,"44.2","125.55",,"5.05","554.17","cold/snow","Temperate Broadleaf & Mixed Forests","amendment","NTMM","5","10",,,"cropland",,,,"bulk soil",,"800.2","56.9",,,"9031.9","6471.4","2560.5",,,,,,"18.94",,,,,,,
"2104","21",,"44.2","125.55",,"5.05","554.17","cold/snow","Temperate Broadleaf & Mixed Forests","amendment","MPMM","5","10",,,"cropland",,,,"bulk soil",,"659.8","45.8",,,"7411.3","5350.3","2061",,,,,,"17.93",,,,,,,
"2105","21",,"44.2","125.55",,"5.05","554.17","cold/snow","Temperate Broadleaf & Mixed Forests","amendment","CTMM","5","10",,,"cropland",,,,"bulk soil",,"622.5","39.7",,,"6879.4","5092.9","1786.5",,,,,,"14.77",,,,,,,
"2106","21",,"44.2","125.55",,"5.05","554.17","cold/snow","Temperate Broadleaf & Mixed Forests","amendment","NTMS","10","20",,,"cropland",,,,"bulk soil",,"525.9","32",,,"5762.3","4322.3","1440",,,,,,"15.20",,,,,,,
"2107","21",,"44.2","125.55",,"5.05","554.17","cold/snow","Temperate Broadleaf & Mixed Forests","amendment","MPMS","10","20",,,"cropland",,,,"bulk soil",,"624.5","37.3",,,"6820.2","5141.7","1678.5",,,,,,"16.10",,,,,,,
"2108","21",,"44.2","125.55",,"5.05","554.17","cold/snow","Temperate Broadleaf & Mixed Forests","amendment","NTMM","10","20",,,"cropland",,,,"bulk soil",,"560.2","37.3",,,"6241.5","4563","1678.5",,,,,,"16.23",,,,,,,
"2109","21",,"44.2","125.55",,"5.05","554.17","cold/snow","Temperate Broadleaf & Mixed Forests","amendment","MPMM","10","20",,,"cropland",,,,"bulk soil",,"631.3","41.1",,,"7003.6","5154.1","1849.5",,,,,,"16.32",,,,,,,
"2110","21",,"44.2","125.55",,"5.05","554.17","cold/snow","Temperate Broadleaf & Mixed Forests","amendment","CTMM","10","20",,,"cropland",,,,"bulk soil",,"506.9","30.7",,,"5549.5","4168","1381.5",,,,,,"14.41",,,,,,,
"2111","20",,"43.36","124.4","65","7.05","614.81","cold/snow","Temperate Broadleaf & Mixed Forests",,,"0","20",,"Typic Hapludolls","cropland",,,,"bulk soil",,"708","43","251",,"7755","5820","1935",,,,"10.65",,"12.51","1.52",,,,,,
"2112","19",,"44.32","125.42","221","5.44","548.57","cold/snow","Temperate Broadleaf & Mixed Forests",,,"0","5",,"Typic Hapludolls","cropland",,,,"bulk soil",,"429","89","150",,"6723.5","2718.5","4005",,,,,,"16.3","1.39","6.5",,,,,
"2113","19",,"44.32","125.42","221","5.44","548.57","cold/snow","Temperate Broadleaf & Mixed Forests",,,"0","5",,"Typic Hapludolls","cropland",,,,"bulk soil",,"871","120","301",,"11698.6","6298.6","5400",,,,,,"16.3","1.39","6.5",,,,,
"2114","19",,"44.32","125.42","221","5.44","548.57","cold/snow","Temperate Broadleaf & Mixed Forests",,,,,,"Typic Hapludolls","cropland",,,,"bulk soil",,"441","74","173",,"6349.1","3019.1","3330",,,,,,"16.3","1.39","6.5",,,,,
"2115","19",,"44.32","125.42","221","5.44","548.57","cold/snow","Temperate Broadleaf & Mixed Forests",,,,,,"Typic Hapludolls","cropland",,,,"bulk soil",,"717","119","280",,"10280.4","4925.4","5355",,,,,,"16.3","1.39","6.5",,,,,
"2116","19",,"44.32","125.42","221","5.44","548.57","cold/snow","Temperate Broadleaf & Mixed Forests",,,,,,"Typic Hapludolls","cropland",,,,"bulk soil",,"393","77","171",,"6013.5","2548.5","3465",,,,,,"16.3","1.39","6.5",,,,,
"2117","19",,"44.32","125.42","221","5.44","548.57","cold/snow","Temperate Broadleaf & Mixed Forests",,,,,,"Typic Hapludolls","cropland",,,,"bulk soil",,"644","108","269",,"9269.6","4409.6","4860",,,,,,"16.3","1.39","6.5",,,,,
"2118","18",,"43.3","124.49","65","7.05","614.81","cold/snow","Temperate Broadleaf & Mixed Forests","amendment","nitrogen","0","20",,"Typic Hapludolls","cropland",,,,"bulk soil",,"769","51","553",,"8561.3","6266.3","2295",,,,,,"16.15","1.51","6.1",,"22.2","50.1","27.7",
"2119","17","Data from Wang et al. 2021 (https://doi.org/10.1016/j.soilbio.2021.108422)","42.33","127.92","780","3.37","795.21","cold/snow","Temperate Broadleaf & Mixed Forests",,,"0","5",,"Alfisol","forest",,,,"bulk soil",,"6982.75617","271.035556",,,"71562.1","59365.5","12196.6",,,"5060.25",,,"141.07",,"7.15",,"27.6","38.6","33.8",
"2120","17","Data from Wang et al. 2021 (https://doi.org/10.1016/j.soilbio.2021.108422)","42.33","127.92","780","3.37","795.21","cold/snow","Temperate Broadleaf & Mixed Forests",,,"0","5",,"Alfisol","forest",,,,"bulk soil",,"8166.92677","301.317778",,,"83193.6","69634.3","13559.3",,,"5839.7",,,"156.16",,,,,,,
"2121","17","Data from Wang et al. 2021 (https://doi.org/10.1016/j.soilbio.2021.108422)","42.33","127.92","780","3.37","795.21","cold/snow","Temperate Broadleaf & Mixed Forests",,,"0","5",,"Alfisol","forest",,,,"bulk soil",,"8654.46457","302.871111",,,"87631.4","74002.2","13629.2",,,"6289.61",,,"155.34",,,,,,,
"2122","17","Data from Wang et al. 2021 (https://doi.org/10.1016/j.soilbio.2021.108422)","42.33","127.92","780","3.37","795.21","cold/snow","Temperate Broadleaf & Mixed Forests",,,"0","5",,"Alfisol","forest",,,,"bulk soil",,"8852.07226","315.8",,,"89825.7","75614.7","14211",,,"6091.99",,,"157.57",,,,,,,
"2123","17","Data from Wang et al. 2021 (https://doi.org/10.1016/j.soilbio.2021.108422)","42.33","127.92","780","3.37","795.21","cold/snow","Temperate Broadleaf & Mixed Forests",,,"0","5",,"Alfisol","forest",,,,"bulk soil",,"7176.2466","302.391111",,,"74312","60704.4","13607.6",,,"5144.43",,,"143.36",,,,,,,
"2124","17","Data from Wang et al. 2021 (https://doi.org/10.1016/j.soilbio.2021.108422)","42.33","127.92","780","3.37","795.21","cold/snow","Temperate Broadleaf & Mixed Forests",,,"5","15",,"Alfisol","forest",,,,"bulk soil",,"3952.98534","200.409111",,,"42022.6","33004.2","9018.4",,,"2946.55",,,"129.05",,,,,,,
"2125","17","Data from Wang et al. 2021 (https://doi.org/10.1016/j.soilbio.2021.108422)","42.33","127.92","780","3.37","795.21","cold/snow","Temperate Broadleaf & Mixed Forests",,,"5","15",,"Alfisol","forest",,,,"bulk soil",,"5415.57493","272.591111",,,"57507.5","45240.9","12266.6",,,"3726.13",,,"157.11",,,,,,,
"2126","17","Data from Wang et al. 2021 (https://doi.org/10.1016/j.soilbio.2021.108422)","42.33","127.92","780","3.37","795.21","cold/snow","Temperate Broadleaf & Mixed Forests",,,"5","15",,"Alfisol","forest",,,,"bulk soil",,"5771.88417","274.14",,,"60764.1","48427.8","12336.3",,,"4244.48",,,"180.90",,,,,,,
"2127","17","Data from Wang et al. 2021 (https://doi.org/10.1016/j.soilbio.2021.108422)","42.33","127.92","780","3.37","795.21","cold/snow","Temperate Broadleaf & Mixed Forests",,,"5","15",,"Alfisol","forest",,,,"bulk soil",,"5848.38672","278.691111",,,"61599","49057.9","12541.1",,,"4228.48",,,"183.39",,,,,,,
"2128","17","Data from Wang et al. 2021 (https://doi.org/10.1016/j.soilbio.2021.108422)","42.33","127.92","780","3.37","795.21","cold/snow","Temperate Broadleaf & Mixed Forests",,,"5","15",,"Alfisol","forest",,,,"bulk soil",,"5782.63838","275.455556",,,"60903.2","48507.7","12395.5",,,"4337.54",,,"201.42",,,,,,,
"2129","16",,"40.49","123.35","157","8.48","986.84","cold/snow","Temperate Broadleaf & Mixed Forests",,,"0","10",,,"forest",,,,"bulk soil",,"1096","81",,,"12469.2","8824.2","3645",,,,,"33.32",,,"4.25",,"11.5",,,
"2130","16",,"40.49","123.35","157","8.48","986.84","cold/snow","Temperate Broadleaf & Mixed Forests",,,"0","10",,,"forest",,,,"bulk soil",,"493","28",,,"5337.6","4077.6","1260",,,,,"18.77",,,"5.25",,,,,
"2131","16",,"40.49","123.35","157","8.48","986.84","cold/snow","Temperate Broadleaf & Mixed Forests",,,"0","10",,,"forest",,,,"bulk soil",,"2192","133",,,"24005.7","18020.7","5985",,,,,"58.01",,,"5.46",,,,,
"2132","16",,"40.49","123.35","157","8.48","986.84","cold/snow","Temperate Broadleaf & Mixed Forests",,,"0","10",,,"forest",,,,"bulk soil",,"1248","65",,,"13322.6","10397.6","2925",,,,,"27.38",,,"5.03",,,,,
"2133","16",,"40.49","123.35","157","8.48","986.84","cold/snow","Temperate Broadleaf & Mixed Forests",,,"0","10",,,"forest",,,,"bulk soil",,"1977","141",,,"22328","15983","6345",,,,,"50.62",,,"5.06",,,,,
"2134","16",,"40.49","123.35","157","8.48","986.84","cold/snow","Temperate Broadleaf & Mixed Forests",,,"0","10",,,"forest",,,,"bulk soil",,"1327","60",,,"13872.8","11172.8","2700",,,,,"26.88",,,"4.56",,,,,
"2135","16",,"40.49","123.35","157","8.48","986.84","cold/snow","Temperate Broadleaf & Mixed Forests",,,"0","10",,,"forest",,,,"aggregate",">2mm","490","28",,,"5310.6","4050.6","1260",,,,,"20.96",,,"4.64",,,,,
"2136","16",,"40.49","123.35","157","8.48","986.84","cold/snow","Temperate Broadleaf & Mixed Forests",,,"0","10",,,"forest",,,,"aggregate",">2mm","1202","54",,,"12554.8","10124.8","2430",,,,,"23.01",,,"5.46",,,,,
"2137","16",,"40.49","123.35","157","8.48","986.84","cold/snow","Temperate Broadleaf & Mixed Forests",,,"0","10",,,"forest",,,,"aggregate","0.250-2mm","544","27",,,"5764.4","4549.4","1215",,,,,"20.8",,,"4.85",,,,,
"2138","16",,"40.49","123.35","157","8.48","986.84","cold/snow","Temperate Broadleaf & Mixed Forests",,,"0","10",,,"forest",,,,"aggregate","0.250-2mm","1271","60",,,"13368.8","10668.8","2700",,,,,"23.02",,,"5.46",,,,,
"2139","16",,"40.49","123.35","157","8.48","986.84","cold/snow","Temperate Broadleaf & Mixed Forests",,,"0","10",,,"forest",,,,"aggregate","0.002-0.250mm","509","29",,,"5513.7","4208.7","1305",,,,,"20.39",,,"4.85",,,,,
"2140","16",,"40.49","123.35","157","8.48","986.84","cold/snow","Temperate Broadleaf & Mixed Forests",,,"0","10",,,"forest",,,,"aggregate","0.002-0.250mm","1395","70",,,"14806.4","11656.4","3150",,,,,"29",,,"5.46",,,,,
"2141","15",,"42.42","128.27","750","1.76","764.26","cold/snow","Temperate Broadleaf & Mixed Forests","amendment","CT","0","20",,,"forest",,,,"bulk soil",,"528.5","39.5",,,"6026.9","4249.4","1777.5",,,,,,,,"4.08",,,,,
"2142","15",,"42.42","128.27","750","1.76","764.26","cold/snow","Temperate Broadleaf & Mixed Forests","amendment","N","0","20",,,"forest",,,,"bulk soil",,"653.4","47.5",,,"7408.3","5270.8","2137.5",,,,,,,,"5.3",,,,,
"2143","15",,"42.42","128.27","750","1.76","764.26","cold/snow","Temperate Broadleaf & Mixed Forests","amendment","P","0","20",,,"forest",,,,"bulk soil",,"881.3","63.8",,,"9983.7","7112.7","2871",,,,,,,,"5.2",,,,,
"2144","15",,"42.42","128.27","750","1.76","764.26","cold/snow","Temperate Broadleaf & Mixed Forests","amendment","NP","0","20",,,"forest",,,,"bulk soil",,"880","61.9",,,"9910.9","7125.4","2785.5",,,,,,,,"4.8",,,,,
"2145","14",,"23.1","112.1","125","20.99","1653.52","temperate","Tropical & Subtropical Moist Broadleaf Forests","amendment","CT-0week","0","10",,"Oxisols","forest",,,,"bulk soil",,"640","122.861",,,"9711.5","4182.8","5528.7",,,,,,"43.80",,"5.6",,"42","35.6",,
"2146","14",,"23.1","112.1","125","20.99","1653.52","temperate","Tropical & Subtropical Moist Broadleaf Forests","amendment","0.1mg N /g soil-0week","0","10",,"Oxisols","forest",,,,"bulk soil",,"1455.94","84.6535",,,"15826.2","12016.8","3809.4",,,,,,"42.50","3.08",,,"41.3","32.8","26",
"2147","14",,"23.1","112.1","125","20.99","1653.52","temperate","Tropical & Subtropical Moist Broadleaf Forests","amendment","0.5mg N /g soil-0week","0","10",,"Oxisols","forest",,,,"bulk soil",,"1456.47","84.6535",,,"15830.9","12021.5","3809.4",,,,,,"42.50","3.08",,,"29.3","33","37.8",
"2148","14",,"23.1","112.1","125","20.99","1653.52","temperate","Tropical & Subtropical Moist Broadleaf Forests","amendment","CT-1week","0","10",,"Oxisols","forest",,,,"bulk soil",,"1447.06","84.6535",,,"15746.2","11936.8","3809.4",,,,,,"42.50","3.08",,,"29.3","33","37.8",
"2149","14",,"23.1","112.1","125","20.99","1653.52","temperate","Tropical & Subtropical Moist Broadleaf Forests","amendment","0.1mg N /g soil-1week","0","10",,"Oxisols","forest",,,,"bulk soil",,"1457.91","89.8515",,,"16011.1","11967.8","4043.3",,,,,,"42.50","3.08",,,"29.3","33","37.8",
"2150","14",,"23.1","112.1","125","20.99","1653.52","temperate","Tropical & Subtropical Moist Broadleaf Forests","amendment","0.5mg N /g soil-1week","0","10",,"Oxisols","forest",,,,"bulk soil",,"1547.54","83.1683",,,"16602.8","12860.2","3742.6",,,,,,"42.50","3.08",,,"29.3","33","37.8",
"2151","14",,"23.1","112.1","125","20.99","1653.52","temperate","Tropical & Subtropical Moist Broadleaf Forests","amendment","CT-2week","0","10",,"Oxisols","forest",,,,"bulk soil",,"1637.17","109.901",,,"18269.2","13323.7","4945.5",,,,,,"42.50","3.08",,,"29.3","33","37.8",
"2152","14",,"23.1","112.1","125","20.99","1653.52","temperate","Tropical & Subtropical Moist Broadleaf Forests","amendment","0.1mg N /g soil-2week","0","10",,"Oxisols","forest",,,,"bulk soil",,"1529.21","75.7426",,,"16199","12790.6","3408.4",,,,,,"42.50","3.08",,,"29.3","33","37.8",
"2153","14",,"23.1","112.1","125","20.99","1653.52","temperate","Tropical & Subtropical Moist Broadleaf Forests","amendment","0.5mg N /g soil-2week","0","10",,"Oxisols","forest",,,,"bulk soil",,"1519.83","84.6535",,,"16401.2","12591.8","3809.4",,,,,,"42.50","3.08",,,"29.3","33","37.8",
"2154","14",,"23.1","112.1","125","20.99","1653.52","temperate","Tropical & Subtropical Moist Broadleaf Forests","amendment","CT-4week","0","10",,"Oxisols","forest",,,,"bulk soil",,"1500.5","86.8812",,,"16298.9","12389.2","3909.7",,,,,,"42.50","3.08",,,"29.3","33","37.8",
"2155","14",,"23.1","112.1","125","20.99","1653.52","temperate","Tropical & Subtropical Moist Broadleaf Forests","amendment","0.1mg N /g soil-4week","0","10",,"Oxisols","forest",,,,"bulk soil",,"1541.05","89.1089",,,"16735.5","12725.6","4009.9",,,,,,"42.50","3.08",,,"29.3","33","37.8",
"2156","14",,"23.1","112.1","125","20.99","1653.52","temperate","Tropical & Subtropical Moist Broadleaf Forests","amendment","0.5mg N /g soil-4week","0","10",,"Oxisols","forest",,,,"bulk soil",,"1581.2","95.0495",,,"17287.8","13010.6","4277.2",,,,,,"42.50","3.08",,,"29.3","33","37.8",
"2157","14",,"23.1","112.1","125","20.99","1653.52","temperate","Tropical & Subtropical Moist Broadleaf Forests","amendment","CT-4week","0","10",,"Oxisols","forest",,,,"bulk soil",,"1522.31","100.99",,,"16949","12404.4","4544.6",,,,,,"42.50","3.08",,,"29.3","33","37.8",
"2158","14",,"23.1","112.1","125","20.99","1653.52","temperate","Tropical & Subtropical Moist Broadleaf Forests","amendment","0.1mg N /g soil-8week","0","10",,"Oxisols","forest",,,,"bulk soil",,"1107.39","60.1485",,,"11901.1","9194.4","2706.7",,,,,,"42.50","3.08",,,"29.3","33","37.8",
"2159","14",,"23.1","112.1","125","20.99","1653.52","temperate","Tropical & Subtropical Moist Broadleaf Forests","amendment","0.5mg N /g soil-8week","0","10",,"Oxisols","forest",,,,"bulk soil",,"1335.64","74.25",,,"14408.8","11067.6","3341.2",,,,,,"42.50","3.08",,,"29.3","33","37.8",
"2160","13",,"23.1","112.1","125","20.99","1653.52","temperate","Tropical & Subtropical Moist Broadleaf Forests",,,"0","20",,,"forest",,,,"bulk soil",,"1090","63","275",,"11836.3","9001.3","2835",,,,,"27.69",,,"3.55",,"29.3",,,
"2161","13",,"23.1","112.1","125","20.99","1653.52","temperate","Tropical & Subtropical Moist Broadleaf Forests",,,"0","20",,,"forest",,,,"bulk soil",,"1090","63","277",,"11836.3","9001.3","2835",,,,,"27.69",,,"3.77",,"29.3",,,
"2162","13",,"23.1","112.1","325","20.99","1653.52","temperate","Tropical & Subtropical Moist Broadleaf Forests",,,"0","20",,,"forest",,,,"bulk soil",,"1157","79","413",,"12953.9","9398.9","3555",,,,,"33.52",,,"3.77",,"29.3",,,
"2163","13",,"23.1","112.1","325","20.99","1653.52","temperate","Tropical & Subtropical Moist Broadleaf Forests",,,"0","20",,,"forest",,,,"bulk soil",,"1151","82","421",,"12996.4","9306.4","3690",,,,,"33.52",,,"3.55",,"29.3",,,
"2164","13",,"23.1","112.1","125","20.99","1653.52","temperate","Tropical & Subtropical Moist Broadleaf Forests",,,"0","20",,,"forest",,,,"bulk soil",,"1238","106","301",,"14551.3","9781.3","4770",,,,,"26.51",,,"3.55",,"29.3",,,
"2165","13",,"23.1","112.1","125","20.99","1653.52","temperate","Tropical & Subtropical Moist Broadleaf Forests",,,"0","20",,,"forest",,,,"bulk soil",,"1191","95","310",,"13774.5","9499.5","4275",,,,,"27.02",,,"3.77",,"29.3",,,
"2166","13",,"23.1","112.1","325","20.99","1653.52","temperate","Tropical & Subtropical Moist Broadleaf Forests",,,"0","20",,,"forest",,,,"bulk soil",,"1733","170","448",,"21064.7","13414.7","7650",,,,,"34.36",,,"3.77",,"29.3",,,
"2167","13",,"23.1","112.1","325","20.99","1653.52","temperate","Tropical & Subtropical Moist Broadleaf Forests",,,"0","20",,,"forest",,,,"bulk soil",,"1667","156","566",,"20020.4","13000.4","7020",,,,,"35.71",,,"3.55",,"29.3",,,
"2168","13",,"23.1","112.1","125","20.99","1653.52","temperate","Tropical & Subtropical Moist Broadleaf Forests",,,"0","20",,,"forest",,,,"bulk soil",,"1183","96","336",,"13734.6","9414.6","4320",,,,,"26.09",,,"3.55",,"29.3",,,
"2169","13",,"23.1","112.1","125","20.99","1653.52","temperate","Tropical & Subtropical Moist Broadleaf Forests",,,"0","20",,,"forest",,,,"bulk soil",,"1136","90","310",,"13118.7","9068.7","4050",,,,,"27.1",,,"3.77",,"29.3",,,
"2170","13",,"23.1","112.1","325","20.99","1653.52","temperate","Tropical & Subtropical Moist Broadleaf Forests",,,"0","20",,,"forest",,,,"bulk soil",,"1713","195","524",,"21688.8","12913.8","8775",,,,,"37.06",,,"3.77",,"29.3",,,
"2171","13",,"23.1","112.1","325","20.99","1653.52","temperate","Tropical & Subtropical Moist Broadleaf Forests",,,"0","20",,,"forest",,,,"bulk soil",,"1681","168","480",,"20532.4","12972.4","7560",,,,,"37.4",,,"3.55",,"29.3",,,
"2172","13",,"23.1","112.1","125","20.99","1653.52","temperate","Tropical & Subtropical Moist Broadleaf Forests",,,"0","20",,,"forest",,,,"bulk soil",,"881","49","297",,"9505","7300","2205",,,,,"28.54",,,"3.55",,"29.3",,,
"2173","13",,"23.1","112.1","125","20.99","1653.52","temperate","Tropical & Subtropical Moist Broadleaf Forests",,,"0","20",,,"forest",,,,"bulk soil",,"861","50","287",,"9357.1","7107.1","2250",,,,,"26.76",,,"3.77",,"29.3",,,
"2174","13",,"23.1","112.1","325","20.99","1653.52","temperate","Tropical & Subtropical Moist Broadleaf Forests",,,"0","20",,,"forest",,,,"bulk soil",,"1252","84","526",,"13969.7","10189.7","3780",,,,,"36.73",,,"3.77",,"29.3",,,
"2175","13",,"23.1","112.1","325","20.99","1653.52","temperate","Tropical & Subtropical Moist Broadleaf Forests",,,"0","20",,,"forest",,,,"bulk soil",,"1281","85","533",,"14262.8","10437.8","3825",,,,,"36.47",,,"3.55",,"29.3",,,
"2176","13",,"23.1","112.1","125","20.99","1653.52","temperate","Tropical & Subtropical Moist Broadleaf Forests",,,"0","20",,,"forest",,,,"bulk soil",,"843","48","323",,"9130.8","6970.8","2160",,,,,"26.43",,,"3.55",,"29.3",,,
"2177","13",,"23.1","112.1","125","20.99","1653.52","temperate","Tropical & Subtropical Moist Broadleaf Forests",,,"0","20",,,"forest",,,,"bulk soil",,"864","50","311",,"9384.1","7134.1","2250",,,,,"26.85",,,"3.77",,"29.3",,,
"2178","13",,"23.1","112.1","325","20.99","1653.52","temperate","Tropical & Subtropical Moist Broadleaf Forests",,,"0","20",,,"forest",,,,"bulk soil",,"1258","72","430",,"13637.7","10397.7","3240",,,,,"36.56",,,"3.77",,"29.3",,,
"2179","13",,"23.1","112.1","325","20.99","1653.52","temperate","Tropical & Subtropical Moist Broadleaf Forests",,,"0","20",,,"forest",,,,"bulk soil",,"1258","84","378",,"14023.7","10243.7","3780",,,,,"37.06",,,"3.55",,"29.3",,,
"2180","13",,"23.1","112.1","125","20.99","1653.52","temperate","Tropical & Subtropical Moist Broadleaf Forests",,,"0","20",,,"forest",,,,"bulk soil",,"843","47","243",,"9098.7","6983.7","2115",,,,,"26.68",,,"3.55",,"29.3",,,
"2181","13",,"23.1","112.1","125","20.99","1653.52","temperate","Tropical & Subtropical Moist Broadleaf Forests",,,"0","20",,,"forest",,,,"bulk soil",,"887","44","295",,"9398.2","7418.2","1980",,,,,"29.3",,,"3.77",,"29.3",,,
"2182","13",,"23.1","112.1","325","20.99","1653.52","temperate","Tropical & Subtropical Moist Broadleaf Forests",,,"0","20",,,"forest",,,,"bulk soil",,"1255","87","421",,"14093.2","10178.2","3915",,,,,"36.39",,,"3.77",,"29.3",,,
"2183","13",,"23.1","112.1","325","20.99","1653.52","temperate","Tropical & Subtropical Moist Broadleaf Forests",,,"0","20",,,"forest",,,,"bulk soil",,"1243","82","413",,"13824.4","10134.4","3690",,,,,"35.97",,,"3.55",,"29.3",,,
"2184","12",,"42.217","-82.733",,"9.17","855.76","cold/snow","Temperate Broadleaf & Mixed Forests",,,"0","20",,,"cropland",,,,"bulk soil",,"934.9","106.6",,,"11842.7","7045.7","4797","4797","7045.44",,,"19.1",,"2.1",,,,,,
"2185","12",,"42.383","128.083",,"1.76","764.26","cold/snow","Temperate Broadleaf & Mixed Forests",,,"0","20",,,"forest",,,,"bulk soil",,"7204.82","412.54",,,"78111.9","59547.6","18564.3","18564.2","59546.7",,,"171.05",,"11.5",,,"37",,,
"2186","12",,"42.15","128.15",,"1.76","764.26","cold/snow","Temperate Broadleaf & Mixed Forests",,,"0","20",,,"forest",,,,"bulk soil",,"2441.4","108.34",,,"25457.1","20581.8","4875.3","4875.19","20581.67",,,"59.63",,"3.1","5.1",,,,,
"2187","12",,"41.067","128.067",,"1.19","571.35","cold/snow","Temperate Broadleaf & Mixed Forests",,,"0","20",,,"forest",,,,"bulk soil",,"2956.69","111.93",,,"30210.3","25173.4","5036.9","5036.92","25173.07",,,"96.53",,"4.55","4.57",,,,,
"2188","12",,"41.05","128.067",,"1.19","571.35","cold/snow","Temperate Broadleaf & Mixed Forests",,,"0","20",,,"forest",,,,"bulk soil",,"2698.75","122.71",,,"28235.5","22713.5","5522","5521.78","22713.29",,,"65.39",,"4.25","3.95",,,,,
"2189","11",,"43.19","124.14","138","7.05","614.81","cold/snow","Temperate Broadleaf & Mixed Forests",,,"0","20",,,"cropland",,,,"aggregate",">2mm","607","33","331",,"6524.4","5039.4","1485",,,,,,"13.32","1.2","7.1",,"27.54","47.65","24.81",
"2190","11",,"43.19","124.14","138","7.05","614.81","cold/snow","Temperate Broadleaf & Mixed Forests",,,"0","20",,,"cropland",,,,"aggregate",">2mm","547","28","311",,"5823.6","4563.6","1260",,,,,,"13.46","1.2","7.1",,"27.54","47.65","24.81",
"2191","11",,"43.19","124.14","138","7.05","614.81","cold/snow","Temperate Broadleaf & Mixed Forests",,,"0","20",,,"cropland",,,,"aggregate",">2mm","683","33","376",,"7208.4","5723.4","1485",,,,,,"16.73","1.2","7.1",,"27.54","47.65","24.81",
"2192","11",,"43.19","124.14","138","7.05","614.81","cold/snow","Temperate Broadleaf & Mixed Forests",,,"0","20",,,"cropland",,,,"aggregate","0.250-2mm","577","42","330",,"6543.8","4653.8","1890",,,,,,"13.37","1.2","7.1",,"27.54","47.65","24.81",
"2193","11",,"43.19","124.14","138","7.05","614.81","cold/snow","Temperate Broadleaf & Mixed Forests",,,"0","20",,,"cropland",,,,"aggregate","0.250-2mm","563","33","330",,"6128.4","4643.4","1485",,,,,,"12.88","1.2","7.1",,"27.54","47.65","24.81",
"2194","11",,"43.19","124.14","138","7.05","614.81","cold/snow","Temperate Broadleaf & Mixed Forests",,,"0","20",,,"cropland",,,,"aggregate","0.250-2mm","803","45","434",,"8674.3","6649.3","2025",,,,,,"18.11","1.2","7.1",,"27.54","47.65","24.81",
"2195","11",,"43.19","124.14","138","7.05","614.81","cold/snow","Temperate Broadleaf & Mixed Forests",,,"0","20",,,"cropland",,,,"aggregate","<0.250mm","544","33","302",,"5957.4","4472.4","1485",,,,,,"12.03","1.2","7.1",,"27.54","47.65","24.81",
"2196","11",,"43.19","124.14","138","7.05","614.81","cold/snow","Temperate Broadleaf & Mixed Forests",,,"0","20",,,"cropland",,,,"aggregate","<0.250mm","522","35","315",,"5823.7","4248.7","1575",,,,,,"11.89","1.2","7.1",,"27.54","47.65","24.81",
"2197","11",,"43.19","124.14","138","7.05","614.81","cold/snow","Temperate Broadleaf & Mixed Forests",,,"0","20",,,"cropland",,,,"aggregate","<0.250mm","751","38","391",,"7981.2","6271.2","1710",,,,,,"17.04","1.2","7.1",,"27.54","47.65","24.81",
"2198","11",,"43.19","124.14","138","7.05","614.81","cold/snow","Temperate Broadleaf & Mixed Forests",,,"0","20",,,"cropland",,,,"aggregate","<0.250mm","493","35","256",,"5562.7","3987.7","1575",,,,,,"11.87","1.2","7.1",,"27.54","47.65","24.81",
"2199","11",,"43.19","124.14","138","7.05","614.81","cold/snow","Temperate Broadleaf & Mixed Forests",,,"0","20",,,"cropland",,,,"aggregate","<0.250mm","463","35","274",,"5292.7","3717.7","1575",,,,,,"11.52","1.2","7.1",,"27.54","47.65","24.81",
"2200","11",,"43.19","124.14","138","7.05","614.81","cold/snow","Temperate Broadleaf & Mixed Forests",,,"0","20",,,"cropland",,,,"aggregate","<0.250mm","588","35","320",,"6417.7","4842.7","1575",,,,,,"14.93","1.2","7.1",,"27.54","47.65","24.81",
"2201","11",,"43.19","124.14","138","7.05","614.81","cold/snow","Temperate Broadleaf & Mixed Forests",,,"0","20",,,"cropland",,,,"aggregate",">2mm","561","26","286",,"5885.2","4715.2","1170",,,,,,"12.61","1.2","7.1",,"27.54","47.65","24.81",
"2202","11",,"43.19","124.14","138","7.05","614.81","cold/snow","Temperate Broadleaf & Mixed Forests",,,"0","20",,,"cropland",,,,"aggregate",">2mm","525","38","295",,"5947.2","4237.2","1710",,,,,,"12.18","1.2","7.1",,"27.54","47.65","24.81",
"2203","11",,"43.19","124.14","138","7.05","614.81","cold/snow","Temperate Broadleaf & Mixed Forests",,,"0","20",,,"cropland",,,,"aggregate",">2mm","506","29","290",,"5486.7","4181.7","1305",,,,,,"14.13","1.2","7.1",,"27.54","47.65","24.81",
"2204","11",,"43.19","124.14","138","7.05","614.81","cold/snow","Temperate Broadleaf & Mixed Forests",,,"0","20",,,"cropland",,,,"aggregate","0.250-2mm","563","36","282",,"6224.9","4604.9","1620",,,,,,"12.80","1.2","7.1",,"27.54","47.65","24.81",
"2205","11",,"43.19","124.14","138","7.05","614.81","cold/snow","Temperate Broadleaf & Mixed Forests",,,"0","20",,,"cropland",,,,"aggregate","0.250-2mm","503","35","278",,"5652.7","4077.7","1575",,,,,,"12.09","1.2","7.1",,"27.54","47.65","24.81",
"2206","11",,"43.19","124.14","138","7.05","614.81","cold/snow","Temperate Broadleaf & Mixed Forests",,,"0","20",,,"cropland",,,,"aggregate","0.250-2mm","522","32","298",,"5727.2","4287.2","1440",,,,,,"13.77","1.2","7.1",,"27.54","47.65","24.81",
"2207","11",,"43.19","124.14","138","7.05","614.81","cold/snow","Temperate Broadleaf & Mixed Forests",,,"0","20",,,"cropland",,,,"aggregate","<0.250mm","522","26","278",,"5534.2","4364.2","1170",,,,,,"11.32","1.2","7.1",,"27.54","47.65","24.81",
"2208","11",,"43.19","124.14","138","7.05","614.81","cold/snow","Temperate Broadleaf & Mixed Forests",,,"0","20",,,"cropland",,,,"aggregate","<0.250mm","487","32","278",,"5412.2","3972.2","1440",,,,,,"11.17","1.2","7.1",,"27.54","47.65","24.81",
"2209","11",,"43.19","124.14","138","7.05","614.81","cold/snow","Temperate Broadleaf & Mixed Forests",,,"0","20",,,"cropland",,,,"aggregate","<0.250mm","452","28","261",,"4968.6","3708.6","1260",,,,,,"12.14","1.2","7.1",,"27.54","47.65","24.81",
"2210","11",,"43.19","124.14","138","7.05","614.81","cold/snow","Temperate Broadleaf & Mixed Forests",,,"0","20",,,"cropland",,,,"aggregate","<0.250mm","498","31","268",,"5479.1","4084.1","1395",,,,,,"12.06","1.2","7.1",,"27.54","47.65","24.81",
"2211","11",,"43.19","124.14","138","7.05","614.81","cold/snow","Temperate Broadleaf & Mixed Forests",,,"0","20",,,"cropland",,,,"aggregate","<0.250mm","465","31","272",,"5182.1","3787.1","1395",,,,,,"11.78","1.2","7.1",,"27.54","47.65","24.81",
"2212","11",,"43.19","124.14","138","7.05","614.81","cold/snow","Temperate Broadleaf & Mixed Forests",,,"0","20",,,"cropland",,,,"aggregate","<0.250mm","487","28","319",,"5283.6","4023.6","1260",,,,,,"13.17","1.2","7.1",,"27.54","47.65","24.81",
"2213","11",,"43.19","124.14","138","7.05","614.81","cold/snow","Temperate Broadleaf & Mixed Forests",,,"0","20",,,"cropland",,,,"aggregate",">2mm","503","37","289",,"5717","4052","1665",,,,,,"11.68","1.2","7.1",,"27.54","47.65","24.81",
"2214","11",,"43.19","124.14","138","7.05","614.81","cold/snow","Temperate Broadleaf & Mixed Forests",,,"0","20",,,"cropland",,,,"aggregate",">2mm","498","29","283",,"5414.7","4109.7","1305",,,,,,"11.95","1.2","7.1",,"27.54","47.65","24.81",
"2215","11",,"43.19","124.14","138","7.05","614.81","cold/snow","Temperate Broadleaf & Mixed Forests",,,"0","20",,,"cropland",,,,"aggregate",">2mm","446","35","245",,"5139.7","3564.7","1575",,,,,,"13.21","1.2","7.1",,"27.54","47.65","24.81",
"2216","11",,"43.19","124.14","138","7.05","614.81","cold/snow","Temperate Broadleaf & Mixed Forests",,,"0","20",,,"cropland",,,,"aggregate","0.250-2mm","479","32","270",,"5340.2","3900.2","1440",,,,,,"11.80","1.2","7.1",,"27.54","47.65","24.81",
"2217","11",,"43.19","124.14","138","7.05","614.81","cold/snow","Temperate Broadleaf & Mixed Forests",,,"0","20",,,"cropland",,,,"aggregate","0.250-2mm","509","33","292",,"5642.4","4157.4","1485",,,,,,"12.01","1.2","7.1",,"27.54","47.65","24.81",
"2218","11",,"43.19","124.14","138","7.05","614.81","cold/snow","Temperate Broadleaf & Mixed Forests",,,"0","20",,,"cropland",,,,"aggregate","0.250-2mm","435","30","264",,"4879.9","3529.9","1350",,,,,,"12.49","1.2","7.1",,"27.54","47.65","24.81",
"2219","11",,"43.19","124.14","138","7.05","614.81","cold/snow","Temperate Broadleaf & Mixed Forests",,,"0","20",,,"cropland",,,,"aggregate","<0.250mm","460","36","253",,"5297.9","3677.9","1620",,,,,,"10.60","1.2","7.1",,"27.54","47.65","24.81",
"2220","11",,"43.19","124.14","138","7.05","614.81","cold/snow","Temperate Broadleaf & Mixed Forests",,,"0","20",,,"cropland",,,,"aggregate","<0.250mm","479","30","269",,"5275.9","3925.9","1350",,,,,,"10.59","1.2","7.1",,"27.54","47.65","24.81",
"2221","11",,"43.19","124.14","138","7.05","614.81","cold/snow","Temperate Broadleaf & Mixed Forests",,,"0","20",,,"cropland",,,,"aggregate","<0.250mm","435","30","264",,"4879.9","3529.9","1350",,,,,,"11.70","1.2","7.1",,"27.54","47.65","24.81",
"2222","11",,"43.19","124.14","138","7.05","614.81","cold/snow","Temperate Broadleaf & Mixed Forests",,,"0","20",,,"cropland",,,,"aggregate","<0.250mm","471","30","267",,"5203.9","3853.9","1350",,,,,,"11.14","1.2","7.1",,"27.54","47.65","24.81",
"2223","11",,"43.19","124.14","138","7.05","614.81","cold/snow","Temperate Broadleaf & Mixed Forests",,,"0","20",,,"cropland",,,,"aggregate","<0.250mm","506","45","296",,"6001.3","3976.3","2025",,,,,,"11.83","1.2","7.1",,"27.54","47.65","24.81",
"2224","11",,"43.19","124.14","138","7.05","614.81","cold/snow","Temperate Broadleaf & Mixed Forests",,,"0","20",,,"cropland",,,,"aggregate","<0.250mm","444","34","256",,"5089.5","3559.5","1530",,,,,,"12.38","1.2","7.1",,"27.54","47.65","24.81",
"2225","10",,"52.867","-105.783",,"0.91","423.01","cold/snow","Temperate Grasslands, Savannas & Shrublands",,,"0","10",,,"grassland",,,,"bulk soil",,"2659.74","256.08",,,"32173.9","20650.3","11523.6","11523.6","20649.79",,,"58.2",,"5.29","6.06",,,,,
"2226","10",,"52.317","-106.283",,"1.45","361.42","cold/snow","Temperate Grasslands, Savannas & Shrublands",,,"0","10",,,"grassland",,,,"bulk soil",,"2339.19","207.27",,,"27719.1","18392","9327.1","9327.15","18391.52",,,"42.3",,"4.23","7.4",,"29.1",,,
"2227","10",,"50.283","-107.783",,"3.87","319.15","cold/snow","Temperate Grasslands, Savannas & Shrublands",,,"0","10",,,"grassland",,,,"bulk soil",,"2356.11","228.42",,,"28551.6","18272.7","10278.9","10278.9","18272.25",,,"42.3",,"3.89","7.2",,"16.2",,,
"2228","10",,"45.583","-95",,"6.07","631.49","cold/snow","Temperate Broadleaf & Mixed Forests",,,"0","10",,,"grassland",,,,"bulk soil",,"3910.4","294.4",,,"44662.4","31414.4","13248","13248","31413.73",,,"64",,"5.34","5.6",,"22.2",,,
"2229","10",,"46.817","-100.883",,"5.78","444.01","cold/snow","Temperate Grasslands, Savannas & Shrublands",,,"0","10",,,"grassland",,,,"bulk soil",,"1861.24","224.36",,,"23967.2","13871","10096.2","10096.2","13870.55",,,"31.6",,"3.31","5.9",,"34.4",,,
"2230","10",,"48.533","-109.683",,"5.62","302.63","arid","Temperate Grasslands, Savannas & Shrublands",,,"0","10",,,"grassland",,,,"bulk soil",,"1044.68","150.88",,,"14254.9","7465.3","6789.6","6789.6","7464.94",,,"16.4",,"1.65","5.9",,"20.6",,,
"2231","10",,"44.65","-106.117",,"7.68","306.35","arid","Temperate Grasslands, Savannas & Shrublands",,,"0","10",,,"grassland",,,,"bulk soil",,"1122.95","125.8",,,"14152.6","8491.6","5661","5691.6","8537.27",,,"18.5",,"1.94","6.1",,"16.5",,,
"2232","10",,"40.15","-103.2",,"9.99","378.88","arid","Temperate Grasslands, Savannas & Shrublands",,,"0","10",,,"grassland",,,,"bulk soil",,"1152.58","91.26",,,"13308.4","9201.7","4106.7","4106.7","9201.51",,,"16.9",,"1.59","5.4",,"23.8",,,
"2233","10",,"40.433","-99.367",,"10.66","626.59","cold/snow","Temperate Grasslands, Savannas & Shrublands",,,"0","10",,,"grassland",,,,"bulk soil",,"2146.82","155.48",,,"24322.1","17325.5","6996.6","6996.6","17325.14",,,"29.9",,"3.02","6.7",,"17.7",,,
"2234","10",,"38.867","-99.317",,"12","550.73","temperate","Temperate Grasslands, Savannas & Shrublands",,,"0","10",,,"grassland",,,,"bulk soil",,"1897.5","121",,,"20969.2","15524.2","5445","5445","15523.95",,,"27.5",,"2.68","6.2",,"24.4",,,
"2235","10",,"40.317","-96.683",,"11.22","765.49","cold/snow","Temperate Grasslands, Savannas & Shrublands",,,"0","10",,,"grassland",,,,"bulk soil",,"2997","222.75",,,"34137.3","24113.5","10023.8","10023.75","24113.06",,,"40.5",,"3.46","7.1",,"27.5",,,
"2236","10",,"39.183","-96.567",,"12.71","840.38","temperate","Temperate Grasslands, Savannas & Shrublands",,,"0","10",,,"grassland",,,,"bulk soil",,"2053.83","153.5",,,"23421.5","16514","6907.5","6907.5","16513.65",,,"30.7",,"2.86","5.6",,"32.3",,,
"2237","10",,"37.333","-95.25",,"14.05","1019.01","temperate","Temperate Grasslands, Savannas & Shrublands",,,"0","10",,,"grassland",,,,"bulk soil",,"2114.52","96.48",,,"22133.8","17792.2","4341.6","4341.6","17791.95",,,"26.8",,"2.46","6",,"33.2",,,
"2238","9",,"41.08","-102.58","1222","9.7","443.38","arid","Temperate Grasslands, Savannas & Shrublands","tillage","CT","0","20",,"Pachic Haplustolls","cropland",,,,"aggregate","<0.053mm","838","43","423","41","8925","6990","1935",,,,,"14.3","14.30","1.5",,,"21","43","36",
"2239","9",,"41.08","-102.58","1222","9.7","443.38","arid","Temperate Grasslands, Savannas & Shrublands","tillage","NT","0","20",,"Pachic Haplustolls","cropland",,,,"aggregate","0.053-0.250mm","876","44","443","48","9299.2","7319.2","1980",,,,,"12.9","12.90","1.3",,,"21","43","36",
"2240","9",,"41.08","-102.58","1222","9.7","443.38","arid","Temperate Grasslands, Savannas & Shrublands","tillage","CT","0","20",,"Pachic Haplustolls","cropland",,,,"aggregate","0.250-2mm","665","34","415","20","7078.5","5548.5","1530",,,,,"11.8","11.80","1.1",,,"21","43","36",
"2241","9",,"41.08","-102.58","1222","9.7","443.38","arid","Temperate Grasslands, Savannas & Shrublands","tillage","NT","0","20",,"Pachic Haplustolls","cropland",,,,"aggregate",">2mm","1354","60","697","29","14115.8","11415.8","2700",,,,,"21.5","21.50","2",,,"21","43","36",
"2242","9",,"41.08","-102.58","1222","9.7","443.38","arid","Temperate Grasslands, Savannas & Shrublands","tillage","CT","0","20",,"Pachic Haplustolls","cropland",,,,"aggregate","<0.053mm","934","41","426","45","9724.7","7879.7","1845",,,,,"15.9","15.90","1.8",,,"21","43","36",
"2243","9",,"41.08","-102.58","1222","9.7","443.38","arid","Temperate Grasslands, Savannas & Shrublands","tillage","NT","0","20",,"Pachic Haplustolls","cropland",,,,"aggregate","0.053-0.250mm","1727","54","765","52","17279.8","14849.8","2430",,,,,"20.6","20.60","2",,,"21","43","36",
"2244","9",,"41.08","-102.58","1222","9.7","443.38","arid","Temperate Grasslands, Savannas & Shrublands","tillage","CT","0","20",,"Pachic Haplustolls","cropland",,,,"aggregate","0.250-2mm","2543","82","1185","61","25524.4","21834.4","3690",,,,,"30.4","30.40","2.7",,,"21","43","36",
"2245","9",,"41.08","-102.58","1222","9.7","443.38","arid","Temperate Grasslands, Savannas & Shrublands","tillage","NT","0","20",,"Pachic Haplustolls","cropland",,,,"aggregate",">2mm","2623","77","1220","57","26083.5","22618.5","3465",,,,,"31.8","31.80","2.9",,,"21","43","36",
"2246","9",,"38.01","-84.29","299","12.48","1134.98","temperate","Temperate Broadleaf & Mixed Forests","tillage","CT","0","20",,"Typic Paleudalfs","cropland",,,,"aggregate","<0.053mm","741","36","368","24","7826.9","6206.9","1620",,,,,"9.1","9.10","1.1",,,"32","61","7",
"2247","9",,"38.01","-84.29","299","12.48","1134.98","temperate","Temperate Broadleaf & Mixed Forests","tillage","NT","0","20",,"Typic Paleudalfs","cropland",,,,"aggregate","0.053-0.250mm","1002","45","503","31","10465.3","8440.3","2025",,,,,"12.2","12.20","1.5",,,"32","61","7",
"2248","9",,"38.01","-84.29","299","12.48","1134.98","temperate","Temperate Broadleaf & Mixed Forests","tillage","CT","0","20",,"Typic Paleudalfs","cropland",,,,"aggregate","0.250-2mm","901","38","414","36","9331.2","7621.2","1710",,,,,"12.9","12.90","1.5",,,"32","61","7",
"2249","9",,"38.01","-84.29","299","12.48","1134.98","temperate","Temperate Broadleaf & Mixed Forests","tillage","NT","0","20",,"Typic Paleudalfs","cropland",,,,"aggregate",">2mm","940","38","434","28","9682.2","7972.2","1710",,,,,"16.6","16.60","1.5",,,"32","61","7",
"2250","9",,"38.01","-84.29","299","12.48","1134.98","temperate","Temperate Broadleaf & Mixed Forests","tillage","CT","0","20",,"Typic Paleudalfs","cropland",,,,"aggregate","<0.053mm","1229","52","661","61","12733.5","10393.5","2340",,,,,"14.7","14.70","1.3",,,"32","61","7",
"2251","9",,"38.01","-84.29","299","12.48","1134.98","temperate","Temperate Broadleaf & Mixed Forests","tillage","NT","0","20",,"Typic Paleudalfs","cropland",,,,"aggregate","0.053-0.250mm","2307","53","1209","74","22467.6","20082.6","2385",,,,,"24.6","24.60","2.6",,,"32","61","7",
"2252","9",,"38.01","-84.29","299","12.48","1134.98","temperate","Temperate Broadleaf & Mixed Forests","tillage","CT","0","20",,"Typic Paleudalfs","cropland",,,,"aggregate","0.250-2mm","2297","56","1195","75","22474.1","19954.1","2520",,,,,"25.8","25.80","2.7",,,"32","61","7",
"2253","9",,"38.01","-84.29","299","12.48","1134.98","temperate","Temperate Broadleaf & Mixed Forests","tillage","NT","0","20",,"Typic Paleudalfs","cropland",,,,"aggregate",">2mm","2185","62","1073","72","21659.1","18869.1","2790",,,,,"27.6","27.60","2.8",,,"32","61","7",
"2254","9",,"46.817","-100.883",,"5.78","444.01","cold/snow","Temperate Grasslands, Savannas & Shrublands","tillage","ND CT","0","20",,,"cropland",,,,"bulk soil",,"1479","79","646","56","15851.9","12296.9","3555","3555","12296.7",,,"22.1","22.10","2","7.9",,"28","52","20",
"2255","9",,"46.817","-100.883",,"5.78","444.01","cold/snow","Temperate Grasslands, Savannas & Shrublands","tillage","ND NT","0","20",,,"cropland",,,,"bulk soil",,"1438","71","609","56","15225.6","12030.6","3195","3195","12030.41",,,"19.5","19.50","2",,,"26","56","18",
"2256","9",,"39.3","-102.6",,"10.1","424.4","arid","Temperate Grasslands, Savannas & Shrublands","tillage","CO CT","0","20",,,"cropland",,,,"bulk soil",,"745","39","308","28","7959.4","6204.4","1755","1755","6204.27",,,"9.9","9.90","1.1",,,,,,
"2257","9",,"39.3","-102.6",,"10.1","424.4","arid","Temperate Grasslands, Savannas & Shrublands","tillage","CO NT","0","20",,,"cropland",,,,"bulk soil",,"856","39","345","29","8958.4","7203.4","1755","1755","7203.27",,,"10.5","10.50","1.1",,,"31","45","22",
"2258","9",,"35.183","-102.05",,"13.3","492.65","arid","Temperate Grasslands, Savannas & Shrublands","tillage","TX CT","0","20",,,"cropland",,,,"bulk soil",,"782","46","341","31","8517.5","6447.5","2070","2070","6447.4",,,"10.1","10.10","1.1",,,"31","52","17",
"2259","9",,"35.183","-102.05",,"13.3","492.65","arid","Temperate Grasslands, Savannas & Shrublands","tillage","TX NT","0","20",,,"cropland",,,,"bulk soil",,"766","41","333","30","8212.7","6367.7","1845","1845","6367.59",,,"9.7","9.70","1.2",,,"33","50","17",
"2260","9",,"41.133","-102.967",,"9.7","443.38","arid","Temperate Grasslands, Savannas & Shrublands","tillage","NE CT","0","20",,,"cropland",,,,"bulk soil",,"809","43","452","38","8664","6729","1935","1935","6728.91",,,"12.7","12.70","1.3",,,"21","43","36",
"2261","9",,"41.133","-102.967",,"9.7","443.38","arid","Temperate Grasslands, Savannas & Shrublands","tillage","NE NT","0","20",,,"cropland",,,,"bulk soil",,"1781","57","923","56","17862.3","15297.3","2565","2565","15297.16",,,"23","23.00","2.3",,,"31","54","15",
"2262","9",,"39.183","-96.567",,"12.71","840.38","temperate","Temperate Grasslands, Savannas & Shrublands","tillage","KS CT","0","20",,,"cropland",,,,"bulk soil",,"885","40","427","42","9251.5","7451.5","1800","1800","7451.43",,,"11.7","11.70","1.2",,,,,,
"2263","9",,"39.183","-96.567",,"12.71","840.38","temperate","Temperate Grasslands, Savannas & Shrublands","tillage","KS NT","0","20",,,"cropland",,,,"bulk soil",,"1641","55","893","64","16538","14063","2475","2475","14062.84",,,"18.2","18.20","1.9",,,,,,
"2264","9",,"38.01","-84.29",,"12.48","1134.98","temperate","Temperate Broadleaf & Mixed Forests","tillage","KY CT","0","20",,,"cropland",,,,"bulk soil",,"853","37","471","34","8867","7202","1665",,,,,"12.1","12.10","1.5",,,,,,
"2265","9",,"38.01","-84.29",,"12.48","1134.98","temperate","Temperate Broadleaf & Mixed Forests","tillage","KY NT","0","20",,,"cropland",,,,"bulk soil",,"2076","50","1202","66","20292.1","18042.1","2250",,,,,"24.9","24.90","2.7",,,,,,
"2266","8",,"33.9","-83.4","183","16.77","1237.78","temperate","Temperate Broadleaf & Mixed Forests","tillage","conventional tillage","0","5",,"fine loamy siliceous thermic Rhodic Kanhapludult/Hiwassee series","cropland",,,"2000","aggregate",">0.250mm","39","1.5","11",,"399.2","331.7","67.5",,,,,"13.5",,"1.2","6.9",,"21","13","66",
"2267","8",,"33.9","-83.4","183","16.77","1237.78","temperate","Temperate Broadleaf & Mixed Forests","tillage","conventional tillage","0","5",,"fine loamy siliceous thermic Rhodic Kanhapludult/Hiwassee series","cropland",,,"2000","aggregate","0.053-0.250mm","47","5","29",,"583.8","358.8","225",,,,,"13.5",,"1.2","6.78",,"21","13","66",
"2268","8",,"33.9","-83.4","183","16.77","1237.78","temperate","Temperate Broadleaf & Mixed Forests","tillage","conventional tillage","0","5",,"fine loamy siliceous thermic Rhodic Kanhapludult/Hiwassee series","cropland",,,"2000","aggregate","<0.053mm","35","3","21",,"411.5","276.5","135",,,,,"13.5",,"1.2","6.78",,"21","13","66",
"2269","8",,"33.9","-83.4","183","16.77","1237.78","temperate","Temperate Broadleaf & Mixed Forests","tillage","control","0","5",,"fine loamy siliceous thermic Rhodic Kanhapludult/Hiwassee series","cropland",,,"2000","aggregate",">0.250mm","63","3","21",,"663.5","528.5","135",,,,,"13.5",,"1.2","6.78",,"21","13","66",
"2270","8",,"33.9","-83.4","183","16.77","1237.78","temperate","Temperate Broadleaf & Mixed Forests","tillage","control","0","5",,"fine loamy siliceous thermic Rhodic Kanhapludult/Hiwassee series","cropland",,,"2000","aggregate","0.053-0.250mm","293","9","145",,"2926.5","2521.5","405",,,,,"13.5",,"1.2","6.78",,"21","13","66",
"2271","8",,"33.9","-83.4","183","16.77","1237.78","temperate","Temperate Broadleaf & Mixed Forests","tillage","control","0","5",,"fine loamy siliceous thermic Rhodic Kanhapludult/Hiwassee series","cropland",,,"2000","aggregate","<0.053mm","74","3","26",,"762.5","627.5","135",,,,,"13.5",,"1.2","6.78",,"21","13","66",
"2272","8",,"33.9","-83.4","183","16.77","1237.78","temperate","Temperate Broadleaf & Mixed Forests","tillage","conventional tillage","5","20",,"fine loamy siliceous thermic Rhodic Kanhapludult/Hiwassee series","cropland",,,"2000","aggregate",">0.250mm","9","0.5","4",,"97.1","74.6","22.5",,,,,"13.5",,"1.2","6.78",,"21","13","66",
"2273","8",,"33.9","-83.4","183","16.77","1237.78","temperate","Temperate Broadleaf & Mixed Forests","tillage","conventional tillage","5","20",,"fine loamy siliceous thermic Rhodic Kanhapludult/Hiwassee series","cropland",,,"2000","aggregate","0.053-0.250mm","58","5","35",,"682.8","457.8","225",,,,,"13.5",,"1.2","6.78",,"21","13","66",
"2274","8",,"33.9","-83.4","183","16.77","1237.78","temperate","Temperate Broadleaf & Mixed Forests","tillage","conventional tillage","5","20",,"fine loamy siliceous thermic Rhodic Kanhapludult/Hiwassee series","cropland",,,"2000","aggregate","<0.053mm","36","3","20",,"420.5","285.5","135",,,,,"13.5",,"1.2","6.78",,"21","13","66",
"2275","8",,"33.9","-83.4","183","16.77","1237.78","temperate","Temperate Broadleaf & Mixed Forests","tillage","control","5","20",,"fine loamy siliceous thermic Rhodic Kanhapludult/Hiwassee series","cropland",,,"2000","aggregate",">0.250mm","7","0.3","2",,"72.6","59.1","13.5",,,,,,,,,,,,,
"2276","8",,"33.9","-83.4","183","16.77","1237.78","temperate","Temperate Broadleaf & Mixed Forests","tillage","control","5","20",,"fine loamy siliceous thermic Rhodic Kanhapludult/Hiwassee series","cropland",,,"2000","aggregate","0.053-0.250mm","85","4","43",,"893.7","713.7","180",,,,,,,,,,,,,
"2277","8",,"33.9","-83.4","183","16.77","1237.78","temperate","Temperate Broadleaf & Mixed Forests","tillage","control","5","20",,"fine loamy siliceous thermic Rhodic Kanhapludult/Hiwassee series","cropland",,,"2000","aggregate","<0.053mm","30","3","15",,"366.5","231.5","135",,,,,,,,,,,,,
"2278","7",,"46.34","-71.13","514","3.9","1187.32","cold/snow","Temperate Broadleaf & Mixed Forests",,,"0","20",,,"cropland",,,,"aggregate",">2mm",,,,,"2258.09545","1403.09545","855",,,,,,"18.50",,"6.2",,"20","47","33",
"2279","7",,"46.34","-71.13","514","3.9","1187.32","cold/snow","Temperate Broadleaf & Mixed Forests",,,"0","20",,,"cropland",,,,"aggregate","0.250-2mm",,,,,"2560.25837","1660.25837","900",,,,,,"15.90",,"6.2",,"20","47","33",
"2280","7",,"46.34","-71.13","514","3.9","1187.32","cold/snow","Temperate Broadleaf & Mixed Forests",,,"0","20",,,"cropland",,,,"aggregate","<0.250mm",,,,,"2278.6067","1558.6067","720",,,,,,"14.90",,"6.2",,"20","47","33",
"2281","7",,"46.34","-71.13","514","3.9","1187.32","cold/snow","Temperate Broadleaf & Mixed Forests",,,"0","20",,,"cropland",,,,"aggregate",">2mm",,,,,"2822.58421","1832.58421","990",,,,,,"18.70",,"6.2",,"20","47","33",
"2282","7",,"46.34","-71.13","514","3.9","1187.32","cold/snow","Temperate Broadleaf & Mixed Forests",,,"0","20",,,"cropland",,,,"aggregate","0.250-2mm",,,,,"2666.93253","1856.93253","810",,,,,,"15.20",,"6.2",,"20","47","33",
"2283","7",,"46.34","-71.13","514","3.9","1187.32","cold/snow","Temperate Broadleaf & Mixed Forests",,,"0","20",,,"cropland",,,,"aggregate","<0.250mm",,,,,"2314.6067","1594.6067","720",,,,,,"14.30",,"6.2",,"20","47","33",
"2284","7",,"46.34","-71.13","514","3.9","1187.32","cold/snow","Temperate Broadleaf & Mixed Forests",,,"0","20",,,"cropland",,,,"aggregate",">2mm",,,,,"2973.07296","1848.07296","1125",,,,,,"27.30",,"6.2",,"20","47","33",
"2285","7",,"46.34","-71.13","514","3.9","1187.32","cold/snow","Temperate Broadleaf & Mixed Forests",,,"0","20",,,"cropland",,,,"aggregate","0.250-2mm",,,,,"2736.42129","1791.42129","945",,,,,,"21.90",,"6.2",,"20","47","33",
"2286","7",,"46.34","-71.13","514","3.9","1187.32","cold/snow","Temperate Broadleaf & Mixed Forests",,,"0","20",,,"cropland",,,,"aggregate","<0.250mm",,,,,"2233.6067","1513.6067","720",,,,,,"16.00",,"6.2",,"20","47","33",
"2287","7",,"46.34","-71.13","514","3.9","1187.32","cold/snow","Temperate Broadleaf & Mixed Forests",,,"0","20",,,"cropland",,,,"aggregate",">2mm",,,,,"2321.09545","1466.09545","855",,,,,,"28.30",,"6.2",,"20","47","33",
"2288","7",,"46.34","-71.13","514","3.9","1187.32","cold/snow","Temperate Broadleaf & Mixed Forests",,,"0","20",,,"cropland",,,,"aggregate","0.250-2mm",,,,,"3020.58421","2030.58421","990",,,,,,"23.10",,"6.2",,"20","47","33",
"2289","7",,"46.34","-71.13","514","3.9","1187.32","cold/snow","Temperate Broadleaf & Mixed Forests",,,"0","20",,,"cropland",,,,"aggregate","<0.250mm",,,,,"2013.76961","1248.76961","765",,,,,,"16.00",,"6.2",,"20","47","33",
"2290","7",,"46.34","-71.13","514","3.9","1187.32","cold/snow","Temperate Broadleaf & Mixed Forests",,,"0","20",,,"cropland",,,,"aggregate",">2mm",,,,,"3014.23588","1844.23588","1170",,,,,,"26.40",,"6.2",,"20","47","33",
"2291","7",,"46.34","-71.13","514","3.9","1187.32","cold/snow","Temperate Broadleaf & Mixed Forests",,,"0","20",,,"cropland",,,,"aggregate","0.250-2mm",,,,,"2728.74712","1693.74712","1035",,,,,,"20.30",,"6.2",,"20","47","33",
"2292","7",,"46.34","-71.13","514","3.9","1187.32","cold/snow","Temperate Broadleaf & Mixed Forests",,,"0","20",,,"cropland",,,,"aggregate","<0.250mm",,,,,"2225.93253","1415.93253","810",,,,,,"14.90",,"6.2",,"20","47","33",
"2293","7",,"46.34","-71.13","514","3.9","1187.32","cold/snow","Temperate Broadleaf & Mixed Forests",,,"0","20",,,"cropland",,,,"aggregate",">2mm",,,,,"2523.07296","1398.07296","1125",,,,,,"28.60",,"6.2",,"20","47","33",
"2294","7",,"46.34","-71.13","514","3.9","1187.32","cold/snow","Temperate Broadleaf & Mixed Forests",,,"0","20",,,"cropland",,,,"aggregate","0.250-2mm",,,,,"2793.07296","1668.07296","1125",,,,,,"24.00",,"6.2",,"20","47","33",
"2295","7",,"46.34","-71.13","514","3.9","1187.32","cold/snow","Temperate Broadleaf & Mixed Forests",,,"0","20",,,"cropland",,,,"aggregate","<0.250mm",,,,,"2414.93253","1604.93253","810",,,,,,"16.60",,"6.2",,"20","47","33",
"2296","6",,"42.13","-82.44","188","9.21","841.26","cold/snow","Temperate Broadleaf & Mixed Forests",,,"0","10",,"Typic Argiustolls","cropland",,,,"bulk soil",,"1069","135","621",,"13963","7888","6075",,,,,,"24",,,,"37","35","28",
"2297","5",,"42.22","-82.73",,"9.17","855.76","cold/snow","Temperate Broadleaf & Mixed Forests","cropping","Monoculture Corn","0","10",,,"cropland",,,,"bulk soil",,"1011.53","116.71",,,"12857.6","7605.6","5252",,,,,,"23.50","2.3","3.9",,"7","13","80",
"2298","5",,"42.22","-82.73",,"9.17","855.76","cold/snow","Temperate Broadleaf & Mixed Forests","cropping","Corn following WW 3-y rotation","0","10",,,"cropland",,,,"bulk soil",,"1069.88","123.2",,,"13591.4","8047.4","5544",,,,,,"23.80","2.4",,,"37","35","28",
"2299","5",,"42.22","-82.73",,"9.17","855.76","cold/snow","Temperate Broadleaf & Mixed Forests","cropping","Corn following WW+RC 3-y rotation","0","10",,,"cropland",,,,"bulk soil",,"1092.3","124.27",,,"13827.5","8235.4","5592.1",,,,,,"24.50","2.4",,,"37","35","28",
"2300","5",,"42.22","-82.73",,"9.17","855.76","cold/snow","Temperate Broadleaf & Mixed Forests","cropping","Monoculture WW","0","10",,,"cropland",,,,"bulk soil",,"941.86","111.19",,,"12053","7049.4","5003.6",,,,,,"20.50","2",,,"37","35","28",
"2301","5",,"42.22","-82.73",,"9.17","855.76","cold/snow","Temperate Broadleaf & Mixed Forests","cropping","WW following soybean 2-y rotation","0","10",,,"cropland",,,,"bulk soil",,"954.94","117.73",,,"12381.1","7083.2","5297.9",,,,,,"22.00","2",,,"37","35","28",
"2302","5",,"42.22","-82.73",,"9.17","855.76","cold/snow","Temperate Broadleaf & Mixed Forests","cropping","WW following soybean 3-y rotation","0","10",,,"cropland",,,,"bulk soil",,"886.96","97.83",,,"11129.2","6726.8","4402.4",,,,,,"19.80","2.1",,,"37","35","28",
"2303","5",,"42.22","-82.73",,"9.17","855.76","cold/snow","Temperate Broadleaf & Mixed Forests","cropping","Monoculture soybean","0","10",,,"cropland",,,,"bulk soil",,"984.78","117.39",,,"12638.7","7356.1","5282.6",,,,,,"24.10","2.4",,,"37","35","28",
"2304","5",,"42.22","-82.73",,"9.17","855.76","cold/snow","Temperate Broadleaf & Mixed Forests","cropping","Soybean following WW 2-y rotation","0","10",,,"cropland",,,,"bulk soil",,"1095.65","130.43",,,"14055.9","8186.5","5869.4",,,,,,"23.80","2.4",,,"37","35","28",
"2305","5",,"42.22","-82.73",,"9.17","855.76","cold/snow","Temperate Broadleaf & Mixed Forests","cropping","Soybean following WW+RC 2-y rotation","0","10",,,"cropland",,,,"bulk soil",,"997.83","110.87",,,"12546.4","7557.2","4989.2",,,,,,"23.20","2.3",,,"37","35","28",
"2306","5",,"42.22","-82.73",,"9.17","855.76","cold/snow","Temperate Broadleaf & Mixed Forests","cropping","Soybean following WW 3-y rotation","0","10",,,"cropland",,,,"bulk soil",,"991.3","110.87",,,"12487.7","7498.5","4989.2",,,,,,"22.20","2.1",,,"37","35","28",
"2307","5",,"42.22","-82.73",,"9.17","855.76","cold/snow","Temperate Broadleaf & Mixed Forests","cropping","Soybean following WW+RC 3-y rotation","0","10",,,"cropland",,,,"bulk soil",,"1167.89","131.96",,,"14755.2","8817","5938.2",,,,,,"28.00","2.7",,,"37","35","28",
"2308","5",,"42.22","-82.73",,"9.17","855.76","cold/snow","Temperate Broadleaf & Mixed Forests","cropping","Monoculture WW+RC","0","10",,,"cropland",,,,"bulk soil",,"930.35","112.17",,,"11980.8","6933.2","5047.6",,,,,,"22.10","2.2",,,"37","35","28",
"2309","5",,"42.22","-82.73",,"9.17","855.76","cold/snow","Temperate Broadleaf & Mixed Forests","cropping","WW+RC following soybean 2-y rotation","0","10",,,"cropland",,,,"bulk soil",,"1042.52","118.77",,,"13202.6","7858","5344.6",,,,,,"22.70","2",,,"37","35","28",
"2310","5",,"42.22","-82.73",,"9.17","855.76","cold/snow","Temperate Broadleaf & Mixed Forests","cropping","WW+RC following soybean 3-y rotation","0","10",,,"cropland",,,,"bulk soil",,"1155.87","70.86",,,"12681.9","9493.2","3188.7",,,,,,"26.40","2.08",,,"37","35","28",
"2311","4",,"41.49","123.34","75","8.18","795.71","cold/snow","Temperate Broadleaf & Mixed Forests",,,"0","20",,,"cropland",,,,"aggregate","0.250-2mm",,,,,"7168.70759","5801.79209","1366.9155",,,,,,,,,,,,,
"2312","4",,"41.49","123.34","75","8.18","795.71","cold/snow","Temperate Broadleaf & Mixed Forests",,,"0","20",,,"cropland",,,,"aggregate","<0.250mm",,,,,"7312.03565","5933.94665","1378.089",,,,,,,,,,,,,
"2313","4",,"41.49","123.34","75","8.18","795.71","cold/snow","Temperate Broadleaf & Mixed Forests",,,"0","20",,,"cropland",,,,"aggregate","0.250-2mm",,,,,,,"32223.915",,,,,,,,,,,,,
"2314","4",,"41.49","123.34","75","8.18","795.71","cold/snow","Temperate Broadleaf & Mixed Forests",,,"0","20",,,"cropland",,,,"aggregate","<0.250mm",,,,,,,"32957.865",,,,,,,,,,,,,
"2315","4",,"41.49","123.34","75","8.18","795.71","cold/snow","Temperate Broadleaf & Mixed Forests",,,"0","20",,,"cropland",,,,"aggregate","0.250-2mm",,,,,,,"37359.765",,,,,,,,,,,,,
"2316","4",,"41.49","123.34","75","8.18","795.71","cold/snow","Temperate Broadleaf & Mixed Forests",,,"0","20",,,"cropland",,,,"aggregate","<0.250mm",,,,,,,"39405.15",,,,,,,,,,,,,
"2317","3",,"35.45","104.5","2088","5.96","482.69","cold/snow","Montane Grasslands & Shrublands","amendment","2014 No-N","0","20",,,"cropland",,,,"bulk soil",,"148.6275","7.36735647","67.47081712",,"1574.6","1243.1","331.5",,,,,"8.63",,"0.95","8.22",,"20",,,
"2318","3",,"35.45","104.5","2088","5.96","482.69","cold/snow","Montane Grasslands & Shrublands","amendment","2015 No-N","0","20",,,"cropland",,,,"bulk soil",,"149.2157","7.563066419","67.78210117",,"1586.2","1245.9","340.3",,,,,"8.63",,"0.95","8.22",,"20",,,
"2319","3",,"35.45","104.5","2088","5.96","482.69","cold/snow","Montane Grasslands & Shrublands","amendment","2016 No-N","0","20",,,"cropland",,,,"bulk soil",,"151.9608","7.758687409","68.56031128",,"1617.1","1268","349.1",,,,,"8.63",,"0.96","8.22",,"20",,,
"2320","3",,"35.45","104.5","2088","5.96","482.69","cold/snow","Montane Grasslands & Shrublands","amendment","2017 No-N","0","20",,,"cropland",,,,"bulk soil",,"153.1373","7.797784919","70.42801556",,"1629","1278.1","350.9",,,,,"8.63",,"98","8.22",,"20",,,
"2321","3",,"35.45","104.5","2088","5.96","482.69","cold/snow","Montane Grasslands & Shrublands","amendment","2018 No-N","0","20",,,"cropland",,,,"bulk soil",,"153.7255","7.854273927","71.05058366",,"1636.1","1282.7","353.4",,,,,"8.63",,"1.01","8.22",,"20",,,
"2322","3",,"35.45","104.5","2088","5.96","482.69","cold/snow","Montane Grasslands & Shrublands","amendment","2014 Low-N","0","20",,,"cropland",,,,"bulk soil",,"150","7.489052475","67.93774319",,"1590.9","1253.9","337",,,,,"8.63",,"0.96","8.22",,"20",,,
"2323","3",,"35.45","104.5","2088","5.96","482.69","cold/snow","Montane Grasslands & Shrublands","amendment","2015 Low-N","0","20",,,"cropland",,,,"bulk soil",,"154.5098039","7.94559041","70.42801556",,"1646.2","1288.6","357.6",,,,,"8.63",,"0.98","8.22",,"20",,,
"2324","3",,"35.45","104.5","2088","5.96","482.69","cold/snow","Montane Grasslands & Shrublands","amendment","2016 Low-N","0","20",,,"cropland",,,,"bulk soil",,"159.8039216","8.193385893","76.0311284",,"1701.8","1333.1","368.7",,,,,"8.63",,"0.99","8.22",,"20",,,
"2325","3",,"35.45","104.5","2088","5.96","482.69","cold/snow","Montane Grasslands & Shrublands","amendment","2017 Low-N","0","20",,,"cropland",,,,"bulk soil",,"163.5294118","8.354223888","79.45525292",,"1740.4","1364.5","375.9",,,,,"8.63",,"1.06","8.22",,"20",,,
"2326","3",,"35.45","104.5","2088","5.96","482.69","cold/snow","Montane Grasslands & Shrublands","amendment","2018 Low-N","0","20",,,"cropland",,,,"bulk soil",,"166.6666667","8.567280855","81.47859922",,"1775.5","1390","385.5",,,,,"8.63",,"1.11","8.22",,"20",,,
"2327","3",,"35.45","104.5","2088","5.96","482.69","cold/snow","Montane Grasslands & Shrublands","amendment","2014 Medium-N","0","20",,,"cropland",,,,"bulk soil",,"152.5490196","7.367489909","67.62645914",,"1609.9","1278.4","331.5",,,,,"8.63",,"0.98","8.22",,"20",,,
"2328","3",,"35.45","104.5","2088","5.96","482.69","cold/snow","Montane Grasslands & Shrublands","amendment","2015 Medium-N","0","20",,,"cropland",,,,"bulk soil",,"157.4509804","8.154243904","71.82879377",,"1679.3","1312.4","366.9",,,,,"8.63",,"1","8.22",,"20",,,
"2329","3",,"35.45","104.5","2088","5.96","482.69","cold/snow","Montane Grasslands & Shrublands","amendment","2016 Medium-N","0","20",,,"cropland",,,,"bulk soil",,"165.6862745","8.489130314","78.98832685",,"1764.2","1382.2","382",,,,,"8.63",,"1.08","8.22",,"20",,,
"2330","3",,"35.45","104.5","2088","5.96","482.69","cold/snow","Montane Grasslands & Shrublands","amendment","2017 Medium-N","0","20",,,"cropland",,,,"bulk soil",,"172.5490196","9.049972756","86.92607004",,"1844","1436.8","407.2",,,,,"8.63",,"1.14","8.22",,"20",,,
"2331","3",,"35.45","104.5","2088","5.96","482.69","cold/snow","Montane Grasslands & Shrublands","amendment","2018 Medium-N","0","20",,,"cropland",,,,"bulk soil",,"177.8431373","9.315204217","87.54863813",,"1900.2","1481","419.2",,,,,"8.63",,"1.23","8.22",,"20",,,
"2332","3",,"35.45","104.5","2088","5.96","482.69","cold/snow","Montane Grasslands & Shrublands","amendment","2014 High-N","0","20",,,"cropland",,,,"bulk soil",,"156.0784314","7.541315927","69.02723735",,"1647.3","1307.9","339.4",,,,,"8.63",,"0.99","8.22",,"20",,,
"2333","3",,"35.45","104.5","2088","5.96","482.69","cold/snow","Montane Grasslands & Shrublands","amendment","2015 High-N","0","20",,,"cropland",,,,"bulk soil",,"159.8039216","8.241245872","72.45136187",,"1703.3","1332.4","370.9",,,,,"8.63",,"1.03","8.22",,"20",,,
"2334","3",,"35.45","104.5","2088","5.96","482.69","cold/snow","Montane Grasslands & Shrublands","amendment","2016 High-N","0","20",,,"cropland",,,,"bulk soil",,"168.8235294","8.767349798","81.01167315",,"1801.4","1406.9","394.5",,,,,"8.63",,"1.11","8.22",,"20",,,
"2335","3",,"35.45","104.5","2088","5.96","482.69","cold/snow","Montane Grasslands & Shrublands","amendment","2017 High-N","0","20",,,"cropland",,,,"bulk soil",,"177.0588235","9.536979172","88.94941634",,"1900.3","1471.1","429.2",,,,,"8.63",,"1.19","8.22",,"20",,,
"2336","3",,"35.45","104.5","2088","5.96","482.69","cold/snow","Montane Grasslands & Shrublands","amendment","2018 High-N","0","20",,,"cropland",,,,"bulk soil",,"181.1764706","9.871643185","90.6614786",,"1948.1","1503.9","444.2",,,,,"8.63",,"1.28","8.22",,"20",,,
"2337","2",,"26.19","117.36","315","17.34","1634.58","temperate","Tropical & Subtropical Moist Broadleaf Forests",,,"0","10",,"Ultisols","forest",,,,"bulk soil",,"1442","98","376",,"16130","11720","4410",,,,,,"51.8","2.75","4.08",,"46.3","37.3","16.4",
"2338","2",,"26.19","117.36","315","17.34","1634.58","temperate","Tropical & Subtropical Moist Broadleaf Forests",,,"0","10",,"Ultisols","forest",,,,"bulk soil",,"898","58","322",,"9947.4","7337.4","2610",,,,,,"30","1.91","4.44",,"50","34.9","15.2",
"2339","2",,"26.19","117.36","301","17.34","1634.58","temperate","Tropical & Subtropical Moist Broadleaf Forests",,,"0","10",,"Ultisols","forest",,,,"bulk soil",,"581","52","235",,"6901.5","4561.5","2340",,,,,,"18.6","1.13","4.47",,"50","39","11.1",
"2340","2",,"26.19","117.36","303","17.34","1634.58","temperate","Tropical & Subtropical Moist Broadleaf Forests",,,"0","10",,"Ultisols","forest",,,,"bulk soil",,"712","61","276",,"8369.9","5624.9","2745",,,,,,"20.9","1.29","4.52",,"50.3","37.5","12.3",
"2341","2",,"26.19","117.36","315","17.34","1634.58","temperate","Tropical & Subtropical Moist Broadleaf Forests",,,"10","20",,"Ultisols","forest",,,,"bulk soil",,"671","85","212",,"8772.8","4947.8","3825",,,,,,"27","1.47","4.1",,"43.1","40.6","16.3",
"2342","2",,"26.19","117.36","315","17.34","1634.58","temperate","Tropical & Subtropical Moist Broadleaf Forests",,,"10","20",,"Ultisols","forest",,,,"bulk soil",,"298","42","98",,"4032.8","2142.8","1890",,,,,,"12.7","1.06","4.28",,"45.8","36.6","17.5",
"2343","2",,"26.19","117.36","301","17.34","1634.58","temperate","Tropical & Subtropical Moist Broadleaf Forests",,,"10","20",,"Ultisols","forest",,,,"bulk soil",,"262","35","113",,"3483.7","1908.7","1575",,,,,,"10.7","0.75","4.39",,"45.8","40.8","13.3",
"2344","2",,"26.19","117.36","303","17.34","1634.58","temperate","Tropical & Subtropical Moist Broadleaf Forests",,,"10","20",,"Ultisols","forest",,,,"bulk soil",,"309","44","103",,"4196.2","2216.2","1980",,,,,,"11.7","0.86","4.35",,"42.4","41.1","16.6",
"2345","1","data from Ni et al. 2020 https://doi.org/10.1111/geb.13159 ","42.24","128.06","600","1.76","764.26","cold/snow","Temperate Broadleaf & Mixed Forests",,,"0","0","litter",,"forest",,,,"bulk soil",,"907",,"410",,,,,,,,,"451.5",,"11.92",,,,,,
"2346","1","data from Ni et al. 2020 https://doi.org/10.1111/geb.13159 ","42.24","128.06","600","1.76","764.26","cold/snow","Temperate Broadleaf & Mixed Forests",,,"0","0","O",,"forest",,,,"bulk soil",,"4215","206","1739",,"44560.6","35290.6","9270",,,,,"432.3",,"16.91",,,,,,
"2347","1","data from Ni et al. 2020 https://doi.org/10.1111/geb.13159 ","42.24","128.06","600","1.76","764.26","cold/snow","Temperate Broadleaf & Mixed Forests",,,"0","0","O",,"forest",,,,"bulk soil",,"9575","544","3454",,"103671.6","79191.6","24480",,,,,"324.9",,"25.23",,,,,,
"2348","1","data from Ni et al. 2020 https://doi.org/10.1111/geb.13159 ","42.24","128.06","600","1.76","764.26","cold/snow","Temperate Broadleaf & Mixed Forests",,,"0","13",,,"forest",,,,"bulk soil",,"3570","203","1965",,"38659.1","29524.1","9135",,,,,"58.67",,"5.61",,,,,,
"2349","1","data from Ni et al. 2020 https://doi.org/10.1111/geb.13159 ","42.05","128.04","1680","1.76","764.26","cold/snow","Temperate Broadleaf & Mixed Forests",,,"0","0","litter",,"forest",,,,"bulk soil",,"2436",,"783",,,,,,,,,"461.6",,"17.52","4.08",,"24.36","43.7","31.94",
"2350","1","data from Ni et al. 2020 https://doi.org/10.1111/geb.13159 ","42.05","128.04","1680","1.76","764.26","cold/snow","Temperate Broadleaf & Mixed Forests",,,"0","0","O",,"forest",,,,"bulk soil",,"3752","201","2129",,"40232.7","31187.7","9045",,,,,"415.5",,"17.81",,,,,,
"2351","1","data from Ni et al. 2020 https://doi.org/10.1111/geb.13159 ","42.05","128.04","1680","1.76","764.26","cold/snow","Temperate Broadleaf & Mixed Forests",,,"0","0","O",,"forest",,,,"bulk soil",,"2858","224","1239",,"32926.5","22846.5","10080",,,,,"132",,"13.56",,,,,,
"2352","1","data from Ni et al. 2020 https://doi.org/10.1111/geb.13159 ","42.05","128.04","1680","1.76","764.26","cold/snow","Temperate Broadleaf & Mixed Forests",,,"0","10",,,"forest",,,,"bulk soil",,"2744","186","1123",,"30678.3","22308.3","8370",,,,,"46.38",,"3.94",,,,,,
"2353","1","data from Ni et al. 2020 https://doi.org/10.1111/geb.13159 ","42.01","128.06","2580","1.76","764.26","cold/snow","Temperate Broadleaf & Mixed Forests",,,"0","0","litter",,"forest",,,,"bulk soil",,"833",,"243",,,,,,,,,"425",,"9.85","3.79",,"14.25","23.44","62.31",
"2354","1","data from Ni et al. 2020 https://doi.org/10.1111/geb.13159 ","42.01","128.06","2580","1.76","764.26","cold/snow","Temperate Broadleaf & Mixed Forests",,,"0","0","O",,"forest",,,,"bulk soil",,"1288",,"388",,,,,,,,,"140.2",,"6.51",,,,,,
"2355","1","data from Ni et al. 2020 https://doi.org/10.1111/geb.13159 ","42.01","128.06","2580","1.76","764.26","cold/snow","Temperate Broadleaf & Mixed Forests",,,"0","4",,,"forest",,,,"bulk soil",,"1684",,"795",,,,,,,,,"94.28",,"4.92",,,,,,
"2356","1","data from Ni et al. 2020 https://doi.org/10.1111/geb.13159 ","42.01","128.06","2580","1.76","764.26","cold/snow","Temperate Broadleaf & Mixed Forests",,,"4","12",,,"forest",,,,"bulk soil",,"405",,"177",,,,,,,,,"26.08",,"1.81","3.65",,,,,
"2357","180",,"37.79","118.63","7","13.75","547.54","cold/snow","Flooded Grasslands & Savannas",,,"0","20",,,"cropland",,,,"bulk soil",,"282","43","145",,"3921","1986","1935",,,,,,"8.81","0.91","7.82",,"4.35","28","67.6",
"2358","180",,"37.79","118.63","7","13.75","547.54","cold/snow","Flooded Grasslands & Savannas",,,"0","20",,,"cropland",,,,"bulk soil",,"164","59","58",,"3373.6","718.6","2655",,,,,,"5.43","0.61","8.14",,"4.44","26.7","68.8",
"2359","179",,"43.3","124.49","65","7.05","614.81","cold/snow","Temperate Broadleaf & Mixed Forests",,,"0","20",,"Typic Hapludolls","cropland",,,,"bulk soil",,"714","45","250",,"7873.3","5848.3","2025",,,,,,"17.4","1.65","6.3",,"27","50","23",
"2360","178",,"41.46","123.26","229","8.18","795.71","cold/snow","Temperate Broadleaf & Mixed Forests",,,"0","10",,"Hapli-Udic Cambisols","cropland",,,,"aggregate","0.053-2mm","759","59",,,"8728.6","6073.6","2655",,,,,,"17.85","1.21","6",,"19.39","58.06","21.08",
"2361","178",,"41.46","123.26","229","8.18","795.71","cold/snow","Temperate Broadleaf & Mixed Forests",,,"0","10",,"Hapli-Udic Cambisols","cropland",,,,"aggregate","0.053-2mm","808","50",,,"8880.1","6630.1","2250",,,"506.17",,,"15.9","1.29","6",,"19.39","58.06","21.08",
"2362","178",,"41.46","123.26","229","8.18","795.71","cold/snow","Temperate Broadleaf & Mixed Forests",,,"0","10",,"Hapli-Udic Cambisols","cropland",,,,"aggregate","0.053-2mm","862","65",,,"9848.6","6923.6","2925",,,"360.18",,,"15.52","1.35","6",,"19.39","58.06","21.08",
"2363","178",,"41.46","123.26","229","8.18","795.71","cold/snow","Temperate Broadleaf & Mixed Forests",,,"0","10",,"Hapli-Udic Cambisols","cropland",,,,"aggregate","0.053-2mm","1035","69",,,"11534.2","8429.2","3105",,,"364.29",,,"15.41","1.4","6",,"19.39","58.06","21.08",
"2364","178",,"41.46","123.26","229","8.18","795.71","cold/snow","Temperate Broadleaf & Mixed Forests",,,"0","10",,"Hapli-Udic Cambisols","cropland",,,,"aggregate","0.053-2mm","956","68",,,"10791.1","7731.1","3060",,,"312.91",,,"14.73","1.41","6",,"19.39","58.06","21.08",
"2365","178",,"41.46","123.26","229","8.18","795.71","cold/snow","Temperate Broadleaf & Mixed Forests",,,"0","10",,"Hapli-Udic Cambisols","cropland",,,,"aggregate","0.053-2mm","902","67",,,"10272.9","7257.9","3015",,,"317.23",,,"14.78","1.44","6",,"19.39","58.06","21.08",
"2366","178",,"41.46","123.26","229","8.18","795.71","cold/snow","Temperate Broadleaf & Mixed Forests",,,"0","10",,"Hapli-Udic Cambisols","cropland",,,,"aggregate","0.053-2mm","858","77",,,"10198.5","6733.5","3465",,,"368.1",,,"14.69","1.53","6",,"19.39","58.06","21.08",
"2367","178",,"41.46","123.26","229","8.18","795.71","cold/snow","Temperate Broadleaf & Mixed Forests",,,"0","10",,"Hapli-Udic Cambisols","cropland",,,,"aggregate","0.053-2mm","897","60",,,"10002.8","7302.8","2700",,,"281.41",,,"14.74","1.55","6",,"19.39","58.06","21.08",
"2368","178",,"41.46","123.26","229","8.18","795.71","cold/snow","Temperate Broadleaf & Mixed Forests",,,"0","10",,"Hapli-Udic Cambisols","cropland",,,,"aggregate","0.053-2mm","838","65",,,"9632.6","6707.6","2925",,,"387.85",,,"14.5","1.55","6",,"19.39","58.06","21.08",
"2369","178",,"41.46","123.26","229","8.18","795.71","cold/snow","Temperate Broadleaf & Mixed Forests",,,"0","10",,"Hapli-Udic Cambisols","cropland",,,,"aggregate","0.002-0.053mm","696","30",,,"7228.9","5878.9","1350",,,,,,"17.85","1.21","6",,"19.39","58.06","21.08",
"2370","178",,"41.46","123.26","229","8.18","795.71","cold/snow","Temperate Broadleaf & Mixed Forests",,,"0","10",,"Hapli-Udic Cambisols","cropland",,,,"aggregate","0.002-0.053mm","601","42",,,"6759.8","4869.8","1890",,,"506.17",,,"15.9","1.29","6",,"19.39","58.06","21.08",
"2371","178",,"41.46","123.26","229","8.18","795.71","cold/snow","Temperate Broadleaf & Mixed Forests",,,"0","10",,"Hapli-Udic Cambisols","cropland",,,,"aggregate","0.002-0.053mm","769","40",,,"8207.5","6407.5","1800",,,"360.18",,,"15.52","1.35","6",,"19.39","58.06","21.08",
"2372","178",,"41.46","123.26","229","8.18","795.71","cold/snow","Temperate Broadleaf & Mixed Forests",,,"0","10",,"Hapli-Udic Cambisols","cropland",,,,"aggregate","0.002-0.053mm","765","56",,,"8686.1","6166.1","2520",,,"364.29",,,"15.41","1.4","6",,"19.39","58.06","21.08",
"2373","178",,"41.46","123.26","229","8.18","795.71","cold/snow","Temperate Broadleaf & Mixed Forests",,,"0","10",,"Hapli-Udic Cambisols","cropland",,,,"aggregate","0.002-0.053mm","848","52",,,"9304.5","6964.5","2340",,,"312.91",,,"14.73","1.41","6",,"19.39","58.06","21.08",
"2374","178",,"41.46","123.26","229","8.18","795.71","cold/snow","Temperate Broadleaf & Mixed Forests",,,"0","10",,"Hapli-Udic Cambisols","cropland",,,,"aggregate","0.002-0.053mm","834","59",,,"9403.6","6748.6","2655",,,"317.23",,,"14.78","1.44","6",,"19.39","58.06","21.08",
"2375","178",,"41.46","123.26","229","8.18","795.71","cold/snow","Temperate Broadleaf & Mixed Forests",,,"0","10",,"Hapli-Udic Cambisols","cropland",,,,"aggregate","0.002-0.053mm","755","50",,,"8403.1","6153.1","2250",,,"368.1",,,"14.69","1.53","6",,"19.39","58.06","21.08",
"2376","178",,"41.46","123.26","229","8.18","795.71","cold/snow","Temperate Broadleaf & Mixed Forests",,,"0","10",,"Hapli-Udic Cambisols","cropland",,,,"aggregate","0.002-0.053mm","765","48",,,"8428.8","6268.8","2160",,,"281.41",,,"14.74","1.55","6",,"19.39","58.06","21.08",
"2377","178",,"41.46","123.26","229","8.18","795.71","cold/snow","Temperate Broadleaf & Mixed Forests",,,"0","10",,"Hapli-Udic Cambisols","cropland",,,,"aggregate","0.002-0.053mm","676","40",,,"7370.5","5570.5","1800",,,"387.85",,,"14.5","1.55","6",,"19.39","58.06","21.08",
"2378","178",,"41.46","123.26","229","8.18","795.71","cold/snow","Temperate Broadleaf & Mixed Forests",,,"0","10",,"Hapli-Udic Cambisols","cropland",,,,"aggregate","<0.002mm","1210","112",,,"14492.2","9452.2","5040",,,,,,"17.85","1.21","6",,"19.39","58.06","21.08",
"2379","178",,"41.46","123.26","229","8.18","795.71","cold/snow","Temperate Broadleaf & Mixed Forests",,,"0","10",,"Hapli-Udic Cambisols","cropland",,,,"aggregate","<0.002mm","1693","114",,,"18903.6","13773.6","5130",,,"506.17",,,"15.9","1.29","6",,"19.39","58.06","21.08",
"2380","178",,"41.46","123.26","229","8.18","795.71","cold/snow","Temperate Broadleaf & Mixed Forests",,,"0","10",,"Hapli-Udic Cambisols","cropland",,,,"aggregate","<0.002mm","1861","129",,,"20898","15093","5805",,,"360.18",,,"15.52","1.35","6",,"19.39","58.06","21.08",
"2381","178",,"41.46","123.26","229","8.18","795.71","cold/snow","Temperate Broadleaf & Mixed Forests",,,"0","10",,"Hapli-Udic Cambisols","cropland",,,,"aggregate","<0.002mm","1822","142",,,"20965.1","14575.1","6390",,,"364.29",,,"15.41","1.4","6",,"19.39","58.06","21.08",
"2382","178",,"41.46","123.26","229","8.18","795.71","cold/snow","Temperate Broadleaf & Mixed Forests",,,"0","10",,"Hapli-Udic Cambisols","cropland",,,,"aggregate","<0.002mm","1925","129",,,"21474","15669","5805",,,"312.91",,,"14.73","1.41","6",,"19.39","58.06","21.08",
"2383","178",,"41.46","123.26","229","8.18","795.71","cold/snow","Temperate Broadleaf & Mixed Forests",,,"0","10",,"Hapli-Udic Cambisols","cropland",,,,"aggregate","<0.002mm","1985","139",,,"22335.6","16080.6","6255",,,"317.23",,,"14.78","1.44","6",,"19.39","58.06","21.08",
"2384","178",,"41.46","123.26","229","8.18","795.71","cold/snow","Temperate Broadleaf & Mixed Forests",,,"0","10",,"Hapli-Udic Cambisols","cropland",,,,"aggregate","<0.002mm","1847","140",,,"21125.8","14825.8","6300",,,"368.1",,,"14.69","1.53","6",,"19.39","58.06","21.08",
"2385","178",,"41.46","123.26","229","8.18","795.71","cold/snow","Temperate Broadleaf & Mixed Forests",,,"0","10",,"Hapli-Udic Cambisols","cropland",,,,"aggregate","<0.002mm","1738","156",,,"20659.4","13639.4","7020",,,"281.41",,,"14.74","1.55","6",,"19.39","58.06","21.08",
"2386","178",,"41.46","123.26","229","8.18","795.71","cold/snow","Temperate Broadleaf & Mixed Forests",,,"0","10",,"Hapli-Udic Cambisols","cropland",,,,"aggregate","<0.002mm","1709","154",,,"20334.1","13404.1","6930",,,"387.85",,,"14.5","1.55","6",,"19.39","58.06","21.08",
"2387","178",,"41.46","123.26","229","8.18","795.71","cold/snow","Temperate Broadleaf & Mixed Forests",,,"0","10",,"Hapli-Udic Cambisols","cropland",,,,"bulk soil",,"1020","73",,,"11527.9","8242.9","3285",,,,,,"17.85","1.21","6",,"19.39","58.06","21.08",
"2388","178",,"41.46","123.26","229","8.18","795.71","cold/snow","Temperate Broadleaf & Mixed Forests",,,"0","10",,"Hapli-Udic Cambisols","cropland",,,,"bulk soil",,"1202","73",,,"13165.9","9880.9","3285",,,"506.17",,,"15.9","1.29","6",,"19.39","58.06","21.08",
"2389","178",,"41.46","123.26","229","8.18","795.71","cold/snow","Temperate Broadleaf & Mixed Forests",,,"0","10",,"Hapli-Udic Cambisols","cropland",,,,"bulk soil",,"1192","79",,,"13268.9","9713.9","3555",,,"360.18",,,"15.52","1.35","6",,"19.39","58.06","21.08",
"2390","178",,"41.46","123.26","229","8.18","795.71","cold/snow","Temperate Broadleaf & Mixed Forests",,,"0","10",,"Hapli-Udic Cambisols","cropland",,,,"bulk soil",,"1361","85",,,"14982.8","11157.8","3825",,,"364.29",,,"15.41","1.4","6",,"19.39","58.06","21.08",
"2391","178",,"41.46","123.26","229","8.18","795.71","cold/snow","Temperate Broadleaf & Mixed Forests",,,"0","10",,"Hapli-Udic Cambisols","cropland",,,,"bulk soil",,"1329","82",,,"14598.4","10908.4","3690",,,"312.91",,,"14.73","1.41","6",,"19.39","58.06","21.08",
"2392","178",,"41.46","123.26","229","8.18","795.71","cold/snow","Temperate Broadleaf & Mixed Forests",,,"0","10",,"Hapli-Udic Cambisols","cropland",,,,"bulk soil",,"1311","90",,,"14693.7","10643.7","4050",,,"317.23",,,"14.78","1.44","6",,"19.39","58.06","21.08",
"2393","178",,"41.46","123.26","229","8.18","795.71","cold/snow","Temperate Broadleaf & Mixed Forests",,,"0","10",,"Hapli-Udic Cambisols","cropland",,,,"bulk soil",,"1183","90",,,"13541.7","9491.7","4050",,,"368.1",,,"14.69","1.53","6",,"19.39","58.06","21.08",
"2394","178",,"41.46","123.26","229","8.18","795.71","cold/snow","Temperate Broadleaf & Mixed Forests",,,"0","10",,"Hapli-Udic Cambisols","cropland",,,,"bulk soil",,"1192","86",,,"13494","9624","3870",,,"281.41",,,"14.74","1.55","6",,"19.39","58.06","21.08",
"2395","178",,"41.46","123.26","229","8.18","795.71","cold/snow","Temperate Broadleaf & Mixed Forests",,,"0","10",,"Hapli-Udic Cambisols","cropland",,,,"bulk soil",,"1202","84",,,"13519.7","9739.7","3780",,,"387.85",,,"14.5","1.55","6",,"19.39","58.06","21.08",
"2396","178",,"43.36","124.4","65","7.05","614.81","cold/snow","Temperate Broadleaf & Mixed Forests",,,"0","10",,"Typic Argiustolls","cropland",,,,"aggregate","0.053-2mm","714","74",,,"8806.1","5476.1","3330",,,,,,"25.25","1.65","6.3",,"23.28","49.81","26.03",
"2397","178",,"43.36","124.4","65","7.05","614.81","cold/snow","Temperate Broadleaf & Mixed Forests",,,"0","10",,"Typic Argiustolls","cropland",,,,"aggregate","0.053-2mm","759","78",,,"9339.7","5829.7","3510",,,"585.11",,,"23.76","1.87","6.3",,"23.28","49.81","26.03",
"2398","178",,"43.36","124.4","65","7.05","614.81","cold/snow","Temperate Broadleaf & Mixed Forests",,,"0","10",,"Typic Argiustolls","cropland",,,,"aggregate","0.053-2mm","750","82",,,"9387.4","5697.4","3690",,,"379.32",,,"22.13","1.77","6.3",,"23.28","49.81","26.03",
"2399","178",,"43.36","124.4","65","7.05","614.81","cold/snow","Temperate Broadleaf & Mixed Forests",,,"0","10",,"Typic Argiustolls","cropland",,,,"aggregate","0.053-2mm","819","101",,,"10619.5","6074.5","4545",,,"316.6",,,"20.87","1.82","6.3",,"23.28","49.81","26.03",
"2400","178",,"43.36","124.4","65","7.05","614.81","cold/snow","Temperate Broadleaf & Mixed Forests",,,"0","10",,"Typic Argiustolls","cropland",,,,"aggregate","0.053-2mm","894","89",,,"10908.5","6903.5","4005",,,"253.91",,,"20.64","1.93","6.3",,"23.28","49.81","26.03",
"2401","178",,"43.36","124.4","65","7.05","614.81","cold/snow","Temperate Broadleaf & Mixed Forests",,,"0","10",,"Typic Argiustolls","cropland",,,,"aggregate","0.053-2mm","831","85",,,"10212.8","6387.8","3825",,,"252.38",,,"19.46","1.87","6.3",,"23.28","49.81","26.03",
"2402","178",,"43.36","124.4","65","7.05","614.81","cold/snow","Temperate Broadleaf & Mixed Forests",,,"0","10",,"Typic Argiustolls","cropland",,,,"aggregate","0.053-2mm","723","77",,,"8983.5","5518.5","3465",,,"302.95",,,"20.42","2.02","6.3",,"23.28","49.81","26.03",
"2403","178",,"43.36","124.4","65","7.05","614.81","cold/snow","Temperate Broadleaf & Mixed Forests",,,"0","10",,"Typic Argiustolls","cropland",,,,"aggregate","0.053-2mm","768","83",,,"9581.5","5846.5","3735",,,"264.51",,,"19.53","1.97","6.3",,"23.28","49.81","26.03",
"2404","178",,"43.36","124.4","65","7.05","614.81","cold/snow","Temperate Broadleaf & Mixed Forests",,,"0","10",,"Typic Argiustolls","cropland",,,,"aggregate","0.053-2mm","749","74",,,"9121.1","5791.1","3330",,,"300.15",,,"19.01","1.97","6.3",,"23.28","49.81","26.03",
"2405","178",,"43.36","124.4","65","7.05","614.81","cold/snow","Temperate Broadleaf & Mixed Forests",,,"0","10",,"Typic Argiustolls","cropland",,,,"aggregate","0.002-0.053mm","384","66",,,"5578.8","2608.8","2970",,,,,,"25.25","1.65","6.3",,"23.28","49.81","26.03",
"2406","178",,"43.36","124.4","65","7.05","614.81","cold/snow","Temperate Broadleaf & Mixed Forests",,,"0","10",,"Typic Argiustolls","cropland",,,,"aggregate","0.002-0.053mm","636","55",,,"7493","5018","2475",,,"585.11",,,"23.76","1.87","6.3",,"23.28","49.81","26.03",
"2407","178",,"43.36","124.4","65","7.05","614.81","cold/snow","Temperate Broadleaf & Mixed Forests",,,"0","10",,"Typic Argiustolls","cropland",,,,"aggregate","0.002-0.053mm","681","69",,,"8348.2","5243.2","3105",,,"379.32",,,"22.13","1.77","6.3",,"23.28","49.81","26.03",
"2408","178",,"43.36","124.4","65","7.05","614.81","cold/snow","Temperate Broadleaf & Mixed Forests",,,"0","10",,"Typic Argiustolls","cropland",,,,"aggregate","0.002-0.053mm","740","67",,,"8814.9","5799.9","3015",,,"316.6",,,"20.87","1.82","6.3",,"23.28","49.81","26.03",
"2409","178",,"43.36","124.4","65","7.05","614.81","cold/snow","Temperate Broadleaf & Mixed Forests",,,"0","10",,"Typic Argiustolls","cropland",,,,"aggregate","0.002-0.053mm","785","75",,,"9477.2","6102.2","3375",,,"253.91",,,"20.64","1.93","6.3",,"23.28","49.81","26.03",
"2410","178",,"43.36","124.4","65","7.05","614.81","cold/snow","Temperate Broadleaf & Mixed Forests",,,"0","10",,"Typic Argiustolls","cropland",,,,"aggregate","0.002-0.053mm","746","75",,,"9126.2","5751.2","3375",,,"252.38",,,"19.46","1.87","6.3",,"23.28","49.81","26.03",
"2411","178",,"43.36","124.4","65","7.05","614.81","cold/snow","Temperate Broadleaf & Mixed Forests",,,"0","10",,"Typic Argiustolls","cropland",,,,"aggregate","0.002-0.053mm","673","65",,,"8147.6","5222.6","2925",,,"302.95",,,"20.42","2.02","6.3",,"23.28","49.81","26.03",
"2412","178",,"43.36","124.4","65","7.05","614.81","cold/snow","Temperate Broadleaf & Mixed Forests",,,"0","10",,"Typic Argiustolls","cropland",,,,"aggregate","0.002-0.053mm","634","64",,,"7764.4","4884.4","2880",,,"264.51",,,"19.53","1.97","6.3",,"23.28","49.81","26.03",
"2413","178",,"43.36","124.4","65","7.05","614.81","cold/snow","Temperate Broadleaf & Mixed Forests",,,"0","10",,"Typic Argiustolls","cropland",,,,"aggregate","0.002-0.053mm","630","58",,,"7535.4","4925.4","2610",,,"300.15",,,"19.01","1.97","6.3",,"23.28","49.81","26.03",
"2414","178",,"43.36","124.4","65","7.05","614.81","cold/snow","Temperate Broadleaf & Mixed Forests",,,"0","10",,"Typic Argiustolls","cropland",,,,"aggregate","<0.002mm","1027","160",,,"14389.1","7189.1","7200",,,,,,"25.25","1.65","6.3",,"23.28","49.81","26.03",
"2415","178",,"43.36","124.4","65","7.05","614.81","cold/snow","Temperate Broadleaf & Mixed Forests",,,"0","10",,"Typic Argiustolls","cropland",,,,"aggregate","<0.002mm","934","171",,,"13905.9","6210.9","7695",,,"585.11",,,"23.76","1.87","6.3",,"23.28","49.81","26.03",
"2416","178",,"43.36","124.4","65","7.05","614.81","cold/snow","Temperate Broadleaf & Mixed Forests",,,"0","10",,"Typic Argiustolls","cropland",,,,"aggregate","<0.002mm","980","183",,,"14705.8","6470.8","8235",,,"379.32",,,"22.13","1.77","6.3",,"23.28","49.81","26.03",
"2417","178",,"43.36","124.4","65","7.05","614.81","cold/snow","Temperate Broadleaf & Mixed Forests",,,"0","10",,"Typic Argiustolls","cropland",,,,"aggregate","<0.002mm","1069","179",,,"15378.2","7323.2","8055",,,"316.6",,,"20.87","1.82","6.3",,"23.28","49.81","26.03",
"2418","178",,"43.36","124.4","65","7.05","614.81","cold/snow","Temperate Broadleaf & Mixed Forests",,,"0","10",,"Typic Argiustolls","cropland",,,,"aggregate","<0.002mm","1315","186",,,"17817.3","9447.3","8370",,,"253.91",,,"20.64","1.93","6.3",,"23.28","49.81","26.03",
"2419","178",,"43.36","124.4","65","7.05","614.81","cold/snow","Temperate Broadleaf & Mixed Forests",,,"0","10",,"Typic Argiustolls","cropland",,,,"aggregate","<0.002mm","1394","193",,,"18753.4","10068.4","8685",,,"252.38",,,"19.46","1.87","6.3",,"23.28","49.81","26.03",
"2420","178",,"43.36","124.4","65","7.05","614.81","cold/snow","Temperate Broadleaf & Mixed Forests",,,"0","10",,"Typic Argiustolls","cropland",,,,"aggregate","<0.002mm","1316","182",,,"17697.7","9507.7","8190",,,"302.95",,,"20.42","2.02","6.3",,"23.28","49.81","26.03",
"2421","178",,"43.36","124.4","65","7.05","614.81","cold/snow","Temperate Broadleaf & Mixed Forests",,,"0","10",,"Typic Argiustolls","cropland",,,,"aggregate","<0.002mm","1317","161",,,"17031.2","9786.2","7245",,,"264.51",,,"19.53","1.97","6.3",,"23.28","49.81","26.03",
"2422","178",,"43.36","124.4","65","7.05","614.81","cold/snow","Temperate Broadleaf & Mixed Forests",,,"0","10",,"Typic Argiustolls","cropland",,,,"aggregate","<0.002mm","1273","160",,,"16603.1","9403.1","7200",,,"300.15",,,"19.01","1.97","6.3",,"23.28","49.81","26.03",
"2423","178",,"43.36","124.4","65","7.05","614.81","cold/snow","Temperate Broadleaf & Mixed Forests",,,"0","10",,"Typic Argiustolls","cropland",,,,"bulk soil",,"809","96",,,"10368.6","6048.6","4320",,,,,,"25.25","1.65","6.3",,"23.28","49.81","26.03",
"2424","178",,"43.36","124.4","65","7.05","614.81","cold/snow","Temperate Broadleaf & Mixed Forests",,,"0","10",,"Typic Argiustolls","cropland",,,,"bulk soil",,"854","118",,,"11481.2","6171.2","5310",,,"585.11",,,"23.76","1.87","6.3",,"23.28","49.81","26.03",
"2425","178",,"43.36","124.4","65","7.05","614.81","cold/snow","Temperate Broadleaf & Mixed Forests",,,"0","10",,"Typic Argiustolls","cropland",,,,"bulk soil",,"894","120",,,"11905.6","6505.6","5400",,,"379.32",,,"22.13","1.77","6.3",,"23.28","49.81","26.03",
"2426","178",,"43.36","124.4","65","7.05","614.81","cold/snow","Temperate Broadleaf & Mixed Forests",,,"0","10",,"Typic Argiustolls","cropland",,,,"bulk soil",,"949","133",,,"12818.7","6833.7","5985",,,"316.6",,,"20.87","1.82","6.3",,"23.28","49.81","26.03",
"2427","178",,"43.36","124.4","65","7.05","614.81","cold/snow","Temperate Broadleaf & Mixed Forests",,,"0","10",,"Typic Argiustolls","cropland",,,,"bulk soil",,"1053","134",,,"13786.8","7756.8","6030",,,"253.91",,,"20.64","1.93","6.3",,"23.28","49.81","26.03",
"2428","178",,"43.36","124.4","65","7.05","614.81","cold/snow","Temperate Broadleaf & Mixed Forests",,,"0","10",,"Typic Argiustolls","cropland",,,,"bulk soil",,"1120","124",,,"14068.2","8488.2","5580",,,"252.38",,,"19.46","1.87","6.3",,"23.28","49.81","26.03",
"2429","178",,"43.36","124.4","65","7.05","614.81","cold/snow","Temperate Broadleaf & Mixed Forests",,,"0","10",,"Typic Argiustolls","cropland",,,,"bulk soil",,"1092","109",,,"13333.8","8428.8","4905",,,"302.95",,,"20.42","2.02","6.3",,"23.28","49.81","26.03",
"2430","178",,"43.36","124.4","65","7.05","614.81","cold/snow","Temperate Broadleaf & Mixed Forests",,,"0","10",,"Typic Argiustolls","cropland",,,,"bulk soil",,"1088","113",,,"13426.4","8341.4","5085",,,"264.51",,,"19.53","1.97","6.3",,"23.28","49.81","26.03",
"2431","178",,"43.36","124.4","65","7.05","614.81","cold/snow","Temperate Broadleaf & Mixed Forests",,,"0","10",,"Typic Argiustolls","cropland",,,,"bulk soil",,"1055","110",,,"13032.9","8082.9","4950",,,"300.15",,,"19.01","1.97","6.3",,"23.28","49.81","26.03",
"2432","177",,"26.32","117.6","300","14.98","1687.99","temperate","Tropical & Subtropical Moist Broadleaf Forests","warming; amendment","Control","0","10",,,"forest",,,,"bulk soil",,"478.004","25.1807",,,"5111.9","3978.8","1133.1",,,"319.67","17.72",,"12.90","1.1","7.33",,,,,
"2433","177",,"26.32","117.6","300","14.98","1687.99","temperate","Tropical & Subtropical Moist Broadleaf Forests","warming; amendment","warming","0","10",,,"forest",,,,"bulk soil",,"483.653","26.747",,,"5213.1","4009.5","1203.6",,,"266.31","11.53",,"12.10","1.1","4.4",,,,,
"2434","177",,"26.32","117.6","300","14.98","1687.99","temperate","Tropical & Subtropical Moist Broadleaf Forests","warming; amendment","Nitrogen addition","0","10",,,"forest",,,,"bulk soil",,"465.598","29.1566",,,"5128.1","3816.1","1312",,,"256.87","40.61",,"12.80","1.1","4.4",,,,,
"2435","177",,"26.32","117.6","300","14.98","1687.99","temperate","Tropical & Subtropical Moist Broadleaf Forests","warming; amendment","warming X Nitrogen addition","0","10",,,"forest",,,,"bulk soil",,"436.601","27.3494",,,"4809","3578.3","1230.7",,,"191.32","28.41",,"12.10","1.1","4.3",,,,,
"2436","177",,"26.32","117.6","300","14.98","1687.99","temperate","Tropical & Subtropical Moist Broadleaf Forests","warming; amendment","Control","10","20",,,"forest",,,,"bulk soil",,"358.547",,,,,,,,,"266","13.54",,"9.20","0.8","4.3",,,,,
"2437","177",,"26.32","117.6","300","14.98","1687.99","temperate","Tropical & Subtropical Moist Broadleaf Forests","warming; amendment","warming","10","20",,,"forest",,,,"bulk soil",,"358.735","25.1807",,,"4038.5","2905.4","1133.1",,,"219.97","10.19",,"8.70","0.8","4.6",,,,,
"2438","177",,"26.32","117.6","300","14.98","1687.99","temperate","Tropical & Subtropical Moist Broadleaf Forests","warming; amendment","Nitrogen addition","10","20",,,"forest",,,,"bulk soil",,"322.428","19.0361",,,"3514.1","2657.5","856.6",,,"130.02","29.75",,"7.90","0.8","4.5",,,,,
"2439","177",,"26.32","117.6","300","14.98","1687.99","temperate","Tropical & Subtropical Moist Broadleaf Forests","warming; amendment","warming X Nitrogen addition","10","20",,,"forest",,,,"bulk soil",,"240.549",,,,,,,,,"132.78","11.53",,"7.10","0.8","4.6",,,,,
"2440","176",,"41.32","122.23","5","8.92","705.06","cold/snow","Temperate Broadleaf & Mixed Forests",,,"0","10",,,"cropland",,,,"bulk soil",,"461","72","171",,"6464.7","3224.7","3240",,,,,,"6.67","1.22","6.5",,,,,
"2441","175",,"41.82","123.57","75","7.75","793.81","cold/snow","Temperate Broadleaf & Mixed Forests","amendment","1year-Straw","0","10",,,"cropland",,,,"bulk soil",,"541.176","24.1892",,,"5648.6","4560.1","1088.5",,,,,,"10.95","0.946405","4.5",,,,,
"2442","175",,"41.82","123.57","75","7.75","793.81","cold/snow","Temperate Broadleaf & Mixed Forests","amendment","1year-Straw","0","10",,,"cropland",,,,"bulk soil",,"545.098","27.027",,,"5775.1","4558.9","1216.2",,,,,,"11.70","1.04575",,,,,,
"2443","175",,"41.82","123.57","75","7.75","793.81","cold/snow","Temperate Broadleaf & Mixed Forests","amendment","1year-Straw","0","10",,,"cropland",,,,"bulk soil",,"572.549","23.9189",,,"5922.3","4845.9","1076.4",,,,,,"12.64","1.10327",,,,,,
"2444","175",,"41.82","123.57","75","7.75","793.81","cold/snow","Temperate Broadleaf & Mixed Forests","amendment","2year-Straw","0","10",,,"cropland",,,,"bulk soil",,"552.941","24.4595",,,"5763.2","4662.5","1100.7",,,,,,"11.56","1.09804",,,,,,
"2445","175",,"41.82","123.57","75","7.75","793.81","cold/snow","Temperate Broadleaf & Mixed Forests","amendment","2year-Straw","0","10",,,"cropland",,,,"bulk soil",,"576.471","29.7297",,,"6144.4","4806.6","1337.8",,,,,,"11.62","1.09804",,,,,,
"2446","175",,"41.82","123.57","75","7.75","793.81","cold/snow","Temperate Broadleaf & Mixed Forests","amendment","2year-Straw","0","10",,,"cropland",,,,"bulk soil",,"607.843","28.6486",,,"6392","5102.8","1289.2",,,,,,"13.00","1.18693",,,,,,
"2447","175",,"41.82","123.57","75","7.75","793.81","cold/snow","Temperate Broadleaf & Mixed Forests","amendment","4year-Straw","0","10",,,"cropland",,,,"bulk soil",,"584.314","23.5135",,,"6015.1","4957","1058.1",,,,,,"11.09","1.01438",,,,,,
"2448","175",,"41.82","123.57","75","7.75","793.81","cold/snow","Temperate Broadleaf & Mixed Forests","amendment","4year-Straw","0","10",,,"cropland",,,,"bulk soil",,"690.196","34.0541",,,"7307","5774.6","1532.4",,,,,,"14.15","1.12941",,,,,,
"2449","175",,"41.82","123.57","75","7.75","793.81","cold/snow","Temperate Broadleaf & Mixed Forests","amendment","4year-Straw","0","10",,,"cropland",,,,"bulk soil",,"992.157","35.6757",,,"10076.8","8471.4","1605.4",,,,,,"16.01","1.30719",,,,,,
"2450","175",,"41.82","123.57","75","7.75","793.81","cold/snow","Temperate Broadleaf & Mixed Forests","amendment","6year-Straw","0","10",,,"cropland",,,,"bulk soil",,"615.686","25.6757",,,"6367","5211.6","1155.4",,,,,,"12.98","1.05621",,,,,,
"2451","175",,"41.82","123.57","75","7.75","793.81","cold/snow","Temperate Broadleaf & Mixed Forests","amendment","6year-Straw","0","10",,,"cropland",,,,"bulk soil",,"784.314","36.0811",,,"8219.2","6595.6","1623.6",,,,,,"14.28","1.18693",,,,,,
"2452","175",,"41.82","123.57","75","7.75","793.81","cold/snow","Temperate Broadleaf & Mixed Forests","amendment","6year-Straw","0","10",,,"cropland",,,,"bulk soil",,"988.235","39.7297",,,"10171.9","8384.1","1787.8",,,,,,"18.43","1.43268",,,,,,
"2453","175",,"41.82","123.57","75","7.75","793.81","cold/snow","Temperate Broadleaf & Mixed Forests","amendment","1year-Straw","10","20",,,"cropland",,,,"bulk soil",,"529.412","24.1629",,,"5541.8","4454.5","1087.3",,,,,,"11.44","0.909251",,,,,,
"2454","175",,"41.82","123.57","75","7.75","793.81","cold/snow","Temperate Broadleaf & Mixed Forests","amendment","1year-Straw","10","20",,,"cropland",,,,"bulk soil",,"525.49","25.3846",,,"5545.8","4403.5","1142.3",,,,,,"11.29","0.903965",,,,,,
"2455","175",,"41.82","123.57","75","7.75","793.81","cold/snow","Temperate Broadleaf & Mixed Forests","amendment","1year-Straw","10","20",,,"cropland",,,,"bulk soil",,"529.412","21.448",,,"5454.6","4489.4","965.2",,,,,,"11.00","0.882819",,,,,,
"2456","175",,"41.82","123.57","75","7.75","793.81","cold/snow","Temperate Broadleaf & Mixed Forests","amendment","2year-Straw","10","20",,,"cropland",,,,"bulk soil",,"545.098","28.0995",,,"5809.7","4545.2","1264.5",,,,,,"10.80","0.898678",,,,,,
"2457","175",,"41.82","123.57","75","7.75","793.81","cold/snow","Temperate Broadleaf & Mixed Forests","amendment","2year-Straw","10","20",,,"cropland",,,,"bulk soil",,"517.647","26.1991",,,"5501.5","4322.5","1179",,,,,,"9.57","0.771806",,,,,,
"2458","175",,"41.82","123.57","75","7.75","793.81","cold/snow","Temperate Broadleaf & Mixed Forests","amendment","2year-Straw","10","20",,,"cropland",,,,"bulk soil",,"521.569","21.448",,,"5384","4418.8","965.2",,,,,,"11.27","0.882819",,,,,,
"2459","175",,"41.82","123.57","75","7.75","793.81","cold/snow","Temperate Broadleaf & Mixed Forests","amendment","4year-Straw","10","20",,,"cropland",,,,"bulk soil",,"541.176","22.5339",,,"5595.3","4581.3","1014",,,,,,"10.00","0.898678",,,,,,
"2460","175",,"41.82","123.57","75","7.75","793.81","cold/snow","Temperate Broadleaf & Mixed Forests","amendment","4year-Straw","10","20",,,"cropland",,,,"bulk soil",,"572.549","26.8778",,,"6017.4","4807.9","1209.5",,,,,,"11.12","0.903965",,,,,,
"2461","175",,"41.82","123.57","75","7.75","793.81","cold/snow","Temperate Broadleaf & Mixed Forests","amendment","4year-Straw","10","20",,,"cropland",,,,"bulk soil",,"541.176","27.5566",,,"5756.8","4516.8","1240",,,,,,"12.85","0.972687",,,,,,
"2462","175",,"41.82","123.57","75","7.75","793.81","cold/snow","Temperate Broadleaf & Mixed Forests","amendment","6year-Straw","10","20",,,"cropland",,,,"bulk soil",,"568.627","25.2489",,,"5929.7","4793.5","1136.2",,,,,,"10.72","0.914537",,,,,,
"2463","175",,"41.82","123.57","75","7.75","793.81","cold/snow","Temperate Broadleaf & Mixed Forests","amendment","6year-Straw","10","20",,,"cropland",,,,"bulk soil",,"560.784","27.0136",,,"5915.9","4700.3","1215.6",,,,,,"11.85","1.00441",,,,,,
"2464","175",,"41.82","123.57","75","7.75","793.81","cold/snow","Temperate Broadleaf & Mixed Forests","amendment","6year-Straw","10","20",,,"cropland",,,,"bulk soil",,"541.176","21.5837",,,"5564.8","4593.5","971.3",,,,,,"11.63","0.940969",,,,,,
"2465","174",,"43.19","124.14","138","7.05","614.81","cold/snow","Temperate Broadleaf & Mixed Forests",,,"0","5",,,"cropland",,,,"aggregate",">2mm","607","33","331",,"6524.4","5039.4","1485",,,,,,"13.32","1.2","7.1",,"27.54","47.65","24.81",
"2466","174",,"43.19","124.14","138","7.05","614.81","cold/snow","Temperate Broadleaf & Mixed Forests",,,"0","5",,,"cropland",,,,"aggregate",">2mm","547","28","311",,"5823.6","4563.6","1260",,,,,,"13.46","1.2","7.1",,"27.54","47.65","24.81",
"2467","174",,"43.19","124.14","138","7.05","614.81","cold/snow","Temperate Broadleaf & Mixed Forests",,,"0","5",,,"cropland",,,,"aggregate",">2mm","683","33","376",,"7208.4","5723.4","1485",,,,,,"16.73","1.2","7.1",,"27.54","47.65","24.81",
"2468","174",,"43.19","124.14","138","7.05","614.81","cold/snow","Temperate Broadleaf & Mixed Forests",,,"0","5",,,"cropland",,,,"aggregate","0.250-2mm","577","42","330",,"6543.8","4653.8","1890",,,,,,"13.37","1.2","7.1",,"27.54","47.65","24.81",
"2469","174",,"43.19","124.14","138","7.05","614.81","cold/snow","Temperate Broadleaf & Mixed Forests",,,"0","5",,,"cropland",,,,"aggregate","0.250-2mm","563","33","330",,"6128.4","4643.4","1485",,,,,,"12.88","1.2","7.1",,"27.54","47.65","24.81",
"2470","174",,"43.19","124.14","138","7.05","614.81","cold/snow","Temperate Broadleaf & Mixed Forests",,,"0","5",,,"cropland",,,,"aggregate","0.250-2mm","803","45","434",,"8674.3","6649.3","2025",,,,,,"18.11","1.2","7.1",,"27.54","47.65","24.81",
"2471","174",,"43.19","124.14","138","7.05","614.81","cold/snow","Temperate Broadleaf & Mixed Forests",,,"0","5",,,"cropland",,,,"aggregate","0.053-0.250mm","544","33","302",,"5957.4","4472.4","1485",,,,,,"12.03","1.2","7.1",,"27.54","47.65","24.81",
"2472","174",,"43.19","124.14","138","7.05","614.81","cold/snow","Temperate Broadleaf & Mixed Forests",,,"0","5",,,"cropland",,,,"aggregate","0.053-0.250mm","522","35","315",,"5823.7","4248.7","1575",,,,,,"11.89","1.2","7.1",,"27.54","47.65","24.81",
"2473","174",,"43.19","124.14","138","7.05","614.81","cold/snow","Temperate Broadleaf & Mixed Forests",,,"0","5",,,"cropland",,,,"aggregate","0.053-0.250mm","751","38","391",,"7981.2","6271.2","1710",,,,,,"17.04","1.2","7.1",,"27.54","47.65","24.81",
"2474","174",,"43.19","124.14","138","7.05","614.81","cold/snow","Temperate Broadleaf & Mixed Forests",,,"0","5",,,"cropland",,,,"aggregate","<0.053mm","493","35","256",,"5562.7","3987.7","1575",,,,,,"11.87","1.2","7.1",,"27.54","47.65","24.81",
"2475","174",,"43.19","124.14","138","7.05","614.81","cold/snow","Temperate Broadleaf & Mixed Forests",,,"0","5",,,"cropland",,,,"aggregate","<0.053mm","463","35","274",,"5292.7","3717.7","1575",,,,,,"11.52","1.2","7.1",,"27.54","47.65","24.81",
"2476","174",,"43.19","124.14","138","7.05","614.81","cold/snow","Temperate Broadleaf & Mixed Forests",,,"0","5",,,"cropland",,,,"aggregate","<0.053mm","588","35","320",,"6417.7","4842.7","1575",,,,,,"14.93","1.2","7.1",,"27.54","47.65","24.81",
"2477","174",,"43.19","124.14","138","7.05","614.81","cold/snow","Temperate Broadleaf & Mixed Forests",,,,,,,"cropland",,,,"aggregate",">2mm","561","26","286",,"5885.2","4715.2","1170",,,,,,"12.61","1.2","7.1",,"27.54","47.65","24.81",
"2478","174",,"43.19","124.14","138","7.05","614.81","cold/snow","Temperate Broadleaf & Mixed Forests",,,,,,,"cropland",,,,"aggregate",">2mm","525","38","295",,"5947.2","4237.2","1710",,,,,,"12.18","1.2","7.1",,"27.54","47.65","24.81",
"2479","174",,"43.19","124.14","138","7.05","614.81","cold/snow","Temperate Broadleaf & Mixed Forests",,,,,,,"cropland",,,,"aggregate",">2mm","506","29","290",,"5486.7","4181.7","1305",,,,,,"14.13","1.2","7.1",,"27.54","47.65","24.81",
"2480","174",,"43.19","124.14","138","7.05","614.81","cold/snow","Temperate Broadleaf & Mixed Forests",,,,,,,"cropland",,,,"aggregate","0.250-2mm","563","36","282",,"6224.9","4604.9","1620",,,,,,"12.8","1.2","7.1",,"27.54","47.65","24.81",
"2481","174",,"43.19","124.14","138","7.05","614.81","cold/snow","Temperate Broadleaf & Mixed Forests",,,,,,,"cropland",,,,"aggregate","0.250-2mm","503","35","278",,"5652.7","4077.7","1575",,,,,,"12.09","1.2","7.1",,"27.54","47.65","24.81",
"2482","174",,"43.19","124.14","138","7.05","614.81","cold/snow","Temperate Broadleaf & Mixed Forests",,,,,,,"cropland",,,,"aggregate","0.250-2mm","522","32","298",,"5727.2","4287.2","1440",,,,,,"13.77","1.2","7.1",,"27.54","47.65","24.81",
"2483","174",,"43.19","124.14","138","7.05","614.81","cold/snow","Temperate Broadleaf & Mixed Forests",,,,,,,"cropland",,,,"aggregate","0.053-0.250mm","522","26","278",,"5534.2","4364.2","1170",,,,,,"11.32","1.2","7.1",,"27.54","47.65","24.81",
"2484","174",,"43.19","124.14","138","7.05","614.81","cold/snow","Temperate Broadleaf & Mixed Forests",,,,,,,"cropland",,,,"aggregate","0.053-0.250mm","487","32","278",,"5412.2","3972.2","1440",,,,,,"11.17","1.2","7.1",,"27.54","47.65","24.81",
"2485","174",,"43.19","124.14","138","7.05","614.81","cold/snow","Temperate Broadleaf & Mixed Forests",,,,,,,"cropland",,,,"aggregate","0.053-0.250mm","452","28","261",,"4968.6","3708.6","1260",,,,,,"12.14","1.2","7.1",,"27.54","47.65","24.81",
"2486","174",,"43.19","124.14","138","7.05","614.81","cold/snow","Temperate Broadleaf & Mixed Forests",,,,,,,"cropland",,,,"aggregate","<0.053mm","498","31","268",,"5479.1","4084.1","1395",,,,,,"12.06","1.2","7.1",,"27.54","47.65","24.81",
"2487","174",,"43.19","124.14","138","7.05","614.81","cold/snow","Temperate Broadleaf & Mixed Forests",,,,,,,"cropland",,,,"aggregate","<0.053mm","465","31","272",,"5182.1","3787.1","1395",,,,,,"11.78","1.2","7.1",,"27.54","47.65","24.81",
"2488","174",,"43.19","124.14","138","7.05","614.81","cold/snow","Temperate Broadleaf & Mixed Forests",,,,,,,"cropland",,,,"aggregate","<0.053mm","487","28","319",,"5283.6","4023.6","1260",,,,,,"13.17","1.2","7.1",,"27.54","47.65","24.81",
"2489","174",,"43.19","124.14","138","7.05","614.81","cold/snow","Temperate Broadleaf & Mixed Forests",,,,,,,"cropland",,,,"aggregate",">2mm","503","37","289",,"5717","4052","1665",,,,,,"11.68","1.2","7.1",,"27.54","47.65","24.81",
"2490","174",,"43.19","124.14","138","7.05","614.81","cold/snow","Temperate Broadleaf & Mixed Forests",,,,,,,"cropland",,,,"aggregate",">2mm","498","29","283",,"5414.7","4109.7","1305",,,,,,"11.95","1.2","7.1",,"27.54","47.65","24.81",
"2491","174",,"43.19","124.14","138","7.05","614.81","cold/snow","Temperate Broadleaf & Mixed Forests",,,,,,,"cropland",,,,"aggregate",">2mm","446","35","245",,"5139.7","3564.7","1575",,,,,,"13.21","1.2","7.1",,"27.54","47.65","24.81",
"2492","174",,"43.19","124.14","138","7.05","614.81","cold/snow","Temperate Broadleaf & Mixed Forests",,,,,,,"cropland",,,,"aggregate","0.250-2mm","479","32","270",,"5340.2","3900.2","1440",,,,,,"11.8","1.2","7.1",,"27.54","47.65","24.81",
"2493","174",,"43.19","124.14","138","7.05","614.81","cold/snow","Temperate Broadleaf & Mixed Forests",,,,,,,"cropland",,,,"aggregate","0.250-2mm","509","33","292",,"5642.4","4157.4","1485",,,,,,"12.01","1.2","7.1",,"27.54","47.65","24.81",
"2494","174",,"43.19","124.14","138","7.05","614.81","cold/snow","Temperate Broadleaf & Mixed Forests",,,,,,,"cropland",,,,"aggregate","0.250-2mm","435","30","264",,"4879.9","3529.9","1350",,,,,,"12.49","1.2","7.1",,"27.54","47.65","24.81",
"2495","174",,"43.19","124.14","138","7.05","614.81","cold/snow","Temperate Broadleaf & Mixed Forests",,,,,,,"cropland",,,,"aggregate","0.053-0.250mm","460","36","253",,"5297.9","3677.9","1620",,,,,,"10.6","1.2","7.1",,"27.54","47.65","24.81",
"2496","174",,"43.19","124.14","138","7.05","614.81","cold/snow","Temperate Broadleaf & Mixed Forests",,,,,,,"cropland",,,,"aggregate","0.053-0.250mm","479","30","269",,"5275.9","3925.9","1350",,,,,,"10.59","1.2","7.1",,"27.54","47.65","24.81",
"2497","174",,"43.19","124.14","138","7.05","614.81","cold/snow","Temperate Broadleaf & Mixed Forests",,,,,,,"cropland",,,,"aggregate","0.053-0.250mm","435","30","264",,"4879.9","3529.9","1350",,,,,,"11.7","1.2","7.1",,"27.54","47.65","24.81",
"2498","174",,"43.19","124.14","138","7.05","614.81","cold/snow","Temperate Broadleaf & Mixed Forests",,,,,,,"cropland",,,,"aggregate","<0.053mm","471","30","267",,"5203.9","3853.9","1350",,,,,,"11.14","1.2","7.1",,"27.54","47.65","24.81",
"2499","174",,"43.19","124.14","138","7.05","614.81","cold/snow","Temperate Broadleaf & Mixed Forests",,,,,,,"cropland",,,,"aggregate","<0.053mm","506","45","296",,"6001.3","3976.3","2025",,,,,,"11.83","1.2","7.1",,"27.54","47.65","24.81",
"2500","174",,"43.19","124.14","138","7.05","614.81","cold/snow","Temperate Broadleaf & Mixed Forests",,,,,,,"cropland",,,,"aggregate","<0.053mm","444","34","256",,"5089.5","3559.5","1530",,,,,,"12.38","1.2","7.1",,"27.54","47.65","24.81",
"2501","173",,"41.6","123.23",,"8.39","695.67","cold/snow","Temperate Broadleaf & Mixed Forests","amendment","CT >2mm","0","20",,,"cropland",,,,"aggregate",">2mm","451.42","30.7571",,,"5052","3667.9","1384.1",,,,,,"16.35","1.48062",,,"41.3","32.8","26",
"2502","173",,"41.6","123.23",,"8.39","695.67","cold/snow","Temperate Broadleaf & Mixed Forests","amendment","IF >2mm","0","20",,,"cropland",,,,"aggregate",">3mm","489.205","30.753",,,"5392","4008.1","1383.9",,,,,,"16.69","1.58222",,,,,,
"2503","173",,"41.6","123.23",,"8.39","695.67","cold/snow","Temperate Broadleaf & Mixed Forests","amendment","IF+S1>2mm","0","20",,,"cropland",,,,"aggregate",">4mm","443.466","29.3507",,,"4935.2","3614.4","1320.8",,,,,,"16.83","1.59151",,,,,,
"2504","173",,"41.6","123.23",,"8.39","695.67","cold/snow","Temperate Broadleaf & Mixed Forests","amendment","IF+S2>2mm","0","20",,,"cropland",,,,"aggregate",">5mm","473.295","38.7532",,,"5506.1","3762.2","1743.9",,,,,,"16.10","1.56234",,,,,,
"2505","173",,"41.6","123.23",,"8.39","695.67","cold/snow","Temperate Broadleaf & Mixed Forests","amendment","IF+S3>2mm","0","20",,,"cropland",,,,"aggregate",">6mm","491.193","35.571",,,"5564.8","3964.1","1600.7",,,,,,"17.05","1.61202",,,,,,
"2506","173",,"41.6","123.23",,"8.39","695.67","cold/snow","Temperate Broadleaf & Mixed Forests","amendment","IF+S4>2mm","0","20",,,"cropland",,,,"aggregate",">7mm","467.33","26.6684",,,"5063.7","3863.6","1200.1",,,,,,"17.16","1.63285",,,,,,
"2507","173",,"41.6","123.23",,"8.39","695.67","cold/snow","Temperate Broadleaf & Mixed Forests","amendment","CT-0.25-2mm","0","20",,,"cropland",,,,"aggregate","0.250-2mm","479.261","25.5137",,,"5133.9","3985.8","1148.1",,,,,,"17.00","1.57088",,,,,,
"2508","173",,"41.6","123.23",,"8.39","695.67","cold/snow","Temperate Broadleaf & Mixed Forests","amendment","IF-0.25-2mm","0","20",,,"cropland",,,,"aggregate","0.250-2mm","503.125","26.5264",,,"5381.3","4187.6","1193.7",,,,,,"17.12","1.57599",,,,,,
"2509","173",,"41.6","123.23",,"8.39","695.67","cold/snow","Temperate Broadleaf & Mixed Forests","amendment","IF+S1-0.25-2mm","0","20",,,"cropland",,,,"aggregate","0.250-2mm","461.364","26.1408",,,"4993","3816.7","1176.3",,,,,,"17.30","1.65326",,,,,,
"2510","173",,"41.6","123.23",,"8.39","695.67","cold/snow","Temperate Broadleaf & Mixed Forests","amendment","IF+S2-0.25-2mm","0","20",,,"cropland",,,,"aggregate","0.250-2mm","485.227","26.645",,,"5224","4025","1199",,,,,,"17.71","1.6891",,,,,,
"2511","173",,"41.6","123.23",,"8.39","695.67","cold/snow","Temperate Broadleaf & Mixed Forests","amendment","IF+S3-0.25-2mm","0","20",,,"cropland",,,,"aggregate","0.250-2mm","584.659","32.2338",,,"6298.6","4848.1","1450.5",,,,,,"18.10","1.71025",,,,,,
"2512","173",,"41.6","123.23",,"8.39","695.67","cold/snow","Temperate Broadleaf & Mixed Forests","amendment","IF+S4-0.25-2mm","0","20",,,"cropland",,,,"aggregate","0.250-2mm","576.705","32.8655",,,"6247.3","4768.4","1478.9",,,,,,"18.72","1.69667",,,,,,
"2513","173",,"41.6","123.23",,"8.39","695.67","cold/snow","Temperate Broadleaf & Mixed Forests","amendment","CT-0.053-0.25mm","0","20",,,"cropland",,,,"aggregate","0.053-0.250mm","542.898","31.3294",,,"5893.7","4483.9","1409.8",,,,,,"16.21","1.60985",,,,,,
"2514","173",,"41.6","123.23",,"8.39","695.67","cold/snow","Temperate Broadleaf & Mixed Forests","amendment","IF-0.053-0.25mm","0","20",,,"cropland",,,,"aggregate","0.053-0.250mm","542.898","34.122",,,"5983.6","4448.1","1535.5",,,,,,"16.23","1.61932",,,,,,
"2515","173",,"41.6","123.23",,"8.39","695.67","cold/snow","Temperate Broadleaf & Mixed Forests","amendment","IF+S1-0.053-0.25mm","0","20",,,"cropland",,,,"aggregate","0.053-0.250mm","556.818","31.5751",,,"6026.9","4606","1420.9",,,,,,"16.31","1.66667",,,,,,
"2516","173",,"41.6","123.23",,"8.39","695.67","cold/snow","Temperate Broadleaf & Mixed Forests","amendment","IF+S2-0.053-0.25mm","0","20",,,"cropland",,,,"aggregate","0.053-0.250mm","548.864","31.5711",,,"5955.2","4534.5","1420.7",,,,,,"17.83","1.76136",,,,,,
"2517","173",,"41.6","123.23",,"8.39","695.67","cold/snow","Temperate Broadleaf & Mixed Forests","amendment","IF+S3-0.053-0.25mm","0","20",,,"cropland",,,,"aggregate","0.053-0.250mm","519.034","33.9821",,,"5764.3","4235.1","1529.2",,,,,,"17.69","1.73295",,,,,,
"2518","173",,"41.6","123.23",,"8.39","695.67","cold/snow","Temperate Broadleaf & Mixed Forests","amendment","IF+S4-0.053-0.25mm","0","20",,,"cropland",,,,"aggregate","0.053-0.250mm","511.08","39.0624",,,"5856.1","4098.3","1757.8",,,,,,"19.94","1.89394",,,,,,
"2519","173",,"41.6","123.23",,"8.39","695.67","cold/snow","Temperate Broadleaf & Mixed Forests","amendment","CT-<0.053mm","0","20",,,"cropland",,,,"aggregate","<0.053mm","336.08","26.4672",,,"3876","2685","1191",,,,,,"11.61","1.29426",,,,,,
"2520","173",,"41.6","123.23",,"8.39","695.67","cold/snow","Temperate Broadleaf & Mixed Forests","amendment","IF-<0.053mm","0","20",,,"cropland",,,,"aggregate","<0.053mm","350","27.2256",,,"4025.7","2800.5","1225.2",,,,,,"11.36","1.27656",,,,,,
"2521","173",,"41.6","123.23",,"8.39","695.67","cold/snow","Temperate Broadleaf & Mixed Forests","amendment","IF+S1 <0.053mm","0","20",,,"cropland",,,,"aggregate","<0.053mm","348.011","25.3146",,,"3946.3","2807.1","1139.2",,,,,,"11.54","1.25262",,,,,,
"2522","173",,"41.6","123.23",,"8.39","695.67","cold/snow","Temperate Broadleaf & Mixed Forests","amendment","IF+S2<0.053mm","0","20",,,"cropland",,,,"aggregate","<0.053mm","344.034","25.3105",,,"3910.4","2771.4","1139",,,,,,"11.78","1.34117",,,,,,
"2523","173",,"41.6","123.23",,"8.39","695.67","cold/snow","Temperate Broadleaf & Mixed Forests","amendment","IF+S3<0.053mm","0","20",,,"cropland",,,,"aggregate","<0.053mm","346.023","25.052",,,"3919.9","2792.6","1127.3",,,,,,"11.57","1.33594",,,,,,
"2524","173",,"41.6","123.23",,"8.39","695.67","cold/snow","Temperate Broadleaf & Mixed Forests","amendment","IF+S4<0.053mm","0","20",,,"cropland",,,,"aggregate","<0.053mm","379.83","32.0393",,,"4449","3007.2","1441.8",,,,,,"12.89","1.43701",,,,,,
"2525","172","from Wang et al. 2021 (https://doi.org/10.1016/j.soilbio.2021.108422)","36.08","109.13","1262","9.51","559.34","cold/snow","Temperate Broadleaf & Mixed Forests",,,"0","5.5",,"Calcic cambisol","forest",,,,"bulk soil",,"4730.89948","164.311742",,,"47862.8","40468.8","7394",,,"3600.8768","501.7195",,"144.34","6.7364404","4.4",,,,,
"2526","172","from Wang et al. 2021 (https://doi.org/10.1016/j.soilbio.2021.108422)","36.08","109.13","1262","9.51","559.34","cold/snow","Temperate Broadleaf & Mixed Forests",,,"0","5.5",,"Calcic cambisol","forest",,,,"bulk soil",,"4718.64745","153.930075",,,"47418.7","40491.8","6926.9",,,"3250.9143","705.652",,"135.43","6.997986","7.8",,"11.7","41.9","46.26",
"2527","172","from Wang et al. 2021 (https://doi.org/10.1016/j.soilbio.2021.108422)","36.08","109.13","1262","9.51","559.34","cold/snow","Temperate Broadleaf & Mixed Forests",,,"0","5.5",,"Calcic cambisol","forest",,,,"bulk soil",,"4724.77346","159.120908",,,"47640.7","40480.3","7160.4",,,"2542.9432","728.57561",,"139.88","6.8672132","7.8",,"11.7","41.9","46.26",
"2528","172","from Wang et al. 2021 (https://doi.org/10.1016/j.soilbio.2021.108422)","36.08","109.13","1262","9.51","559.34","cold/snow","Temperate Broadleaf & Mixed Forests",,,"0","5.5",,"Calcic cambisol","forest",,,,"bulk soil",,"3823.68303","128.884849",,,"38558.4","32758.6","5799.8",,,"2208.1036","841.35963",,"102.36","5.5058491","7.8",,"11.7","41.9","46.26",
"2529","172","from Wang et al. 2021 (https://doi.org/10.1016/j.soilbio.2021.108422)","36.08","109.13","1262","9.51","559.34","cold/snow","Temperate Broadleaf & Mixed Forests",,,"0","5.5",,"Calcic cambisol","forest",,,,"bulk soil",,"4008.05898","133.65499",,,"40371.3","34356.8","6014.5",,,"2405.4483","678.6128",,"92.72","5.6150507","7.8",,"11.7","41.9","46.26",
"2530","172","from Wang et al. 2021 (https://doi.org/10.1016/j.soilbio.2021.108422)","36.08","109.13","1262","9.51","559.34","cold/snow","Temperate Broadleaf & Mixed Forests",,,"0","5.5",,"Calcic cambisol","forest",,,,"bulk soil",,"3915.87101","131.26992",,,"39464.8","33557.7","5907.1",,,"2512.5254","674.22878",,"97.54","5.5604499","7.8",,"11.7","41.9","46.26",
"2531","172","from Wang et al. 2021 (https://doi.org/10.1016/j.soilbio.2021.108422)","36.08","109.13","1262","9.51","559.34","cold/snow","Temperate Broadleaf & Mixed Forests",,,"0","5.5",,"Calcic cambisol","forest",,,,"bulk soil",,"5316.40276","132.984161",,,"52124.8","46140.5","5984.3",,,"2396.7888","616.42039",,"112.17","6.6215693","7.8",,"11.7","41.9","46.26",
"2532","172","from Wang et al. 2021 (https://doi.org/10.1016/j.soilbio.2021.108422)","36.08","109.13","1262","9.51","559.34","cold/snow","Temperate Broadleaf & Mixed Forests",,,"0","5.5",,"Calcic cambisol","forest",,,,"bulk soil",,"5685.31335","149.244079",,,"55968","49252","6716",,,"1220.8316","737.66643",,"115.13","6.7514205","7.8",,"11.7","41.9","46.26",
"2533","172","from Wang et al. 2021 (https://doi.org/10.1016/j.soilbio.2021.108422)","36.08","109.13","1262","9.51","559.34","cold/snow","Temperate Broadleaf & Mixed Forests",,,"0","5.5",,"Calcic cambisol","forest",,,,"bulk soil",,"5500.85806","141.11412",,,"54046.3","47696.2","6350.1",,,"1215.2497","646.86323",,"113.65","6.6864949","7.8",,"11.7","41.9","46.26",
"2534","172","from Wang et al. 2021 (https://doi.org/10.1016/j.soilbio.2021.108422)","36.08","109.13","1262","9.51","559.34","cold/snow","Temperate Broadleaf & Mixed Forests",,,"5.5","15.5",,"Calcic cambisol","forest",,,,"bulk soil",,"1110.45218","32.9133671",,,"11052.7","9571.6","1481.1",,,"776.91043","213.75234",,"24.82","1.9829112","7.8",,"11.7","41.9","46.26",
"2535","172","from Wang et al. 2021 (https://doi.org/10.1016/j.soilbio.2021.108422)","36.08","109.13","1262","9.51","559.34","cold/snow","Temperate Broadleaf & Mixed Forests",,,"5.5","15.5",,"Calcic cambisol","forest",,,,"bulk soil",,"1163.13846","38.1364859",,,"11694.8","9978.7","1716.1",,,"679.52562","176.08933",,"23.68","1.9880796","8.2",,"11.7","41.9","46.26",
"2536","172","from Wang et al. 2021 (https://doi.org/10.1016/j.soilbio.2021.108422)","36.08","109.13","1262","9.51","559.34","cold/snow","Temperate Broadleaf & Mixed Forests",,,"5.5","15.5",,"Calcic cambisol","forest",,,,"bulk soil",,"1136.79532","35.5249265",,,"11373.7","9775.1","1598.6",,,"633.82281","197.84113",,"24.25","1.9854954","8.2",,"11.7","41.9","46.26",
"2537","172","from Wang et al. 2021 (https://doi.org/10.1016/j.soilbio.2021.108422)","36.08","109.13","1262","9.51","559.34","cold/snow","Temperate Broadleaf & Mixed Forests",,,"5.5","15.5",,"Calcic cambisol","forest",,,,"bulk soil",,"1117.09355","32.1248442",,,"11087.1","9641.5","1445.6",,,"650.46013","172.75292",,"24.22","1.7948247","8.2",,"11.7","41.9","46.26",
"2538","172","from Wang et al. 2021 (https://doi.org/10.1016/j.soilbio.2021.108422)","36.08","109.13","1262","9.51","559.34","cold/snow","Temperate Broadleaf & Mixed Forests",,,"5.5","15.5",,"Calcic cambisol","forest",,,,"bulk soil",,"1114.9097","32.5590985",,,"11081.4","9616.2","1465.2",,,"630.06577","190.29862",,"23.37","1.8329832","8.2",,"11.7","41.9","46.26",
"2539","172","from Wang et al. 2021 (https://doi.org/10.1016/j.soilbio.2021.108422)","36.08","109.13","1262","9.51","559.34","cold/snow","Temperate Broadleaf & Mixed Forests",,,"5.5","15.5",,"Calcic cambisol","forest",,,,"bulk soil",,"1116.00163","32.3419714",,,"11084.2","9628.8","1455.4",,,"657.54934","180.16872",,"23.79","1.813904","8.2",,"11.7","41.9","46.26",
"2540","172","from Wang et al. 2021 (https://doi.org/10.1016/j.soilbio.2021.108422)","36.08","109.13","1262","9.51","559.34","cold/snow","Temperate Broadleaf & Mixed Forests",,,"5.5","15.5",,"Calcic cambisol","forest",,,,"bulk soil",,"1858.2704","48.8707016",,,"18296.3","16097.1","2199.2",,,"1100.0543","273.04061",,"35.07","2.775489","8.2",,"11.7","41.9","46.26",
"2541","172","from Wang et al. 2021 (https://doi.org/10.1016/j.soilbio.2021.108422)","36.08","109.13","1262","9.51","559.34","cold/snow","Temperate Broadleaf & Mixed Forests",,,"5.5","15.5",,"Calcic cambisol","forest",,,,"bulk soil",,"1882.91106","53.7550817",,,"18675.1","16256.1","2419",,,"1021.119","323.48273",,"39.66","2.7686353","8.2",,"11.7","41.9","46.26",
"2542","172","from Wang et al. 2021 (https://doi.org/10.1016/j.soilbio.2021.108422)","36.08","109.13","1262","9.51","559.34","cold/snow","Temperate Broadleaf & Mixed Forests",,,"5.5","15.5",,"Calcic cambisol","forest",,,,"bulk soil",,"1870.59073","51.3128916",,,"18485.7","16176.6","2309.1",,,"1089.6179","276.51247",,"37.37","2.7720622","8.2",,"11.7","41.9","46.26",
"2543","172","from Wang et al. 2021 (https://doi.org/10.1016/j.soilbio.2021.108422)","36.08","109.13","1262","9.51","559.34","cold/snow","Temperate Broadleaf & Mixed Forests",,,"15.5","34.5",,"Calcic cambisol","forest",,,,"bulk soil",,"500.854967","12.6874747",,,"4915.7","4344.8","570.9",,,"257.841","84.451878",,"13.43","1.2628067","8.2",,"11.7","41.9","46.26",
"2544","172","from Wang et al. 2021 (https://doi.org/10.1016/j.soilbio.2021.108422)","36.08","109.13","1262","9.51","559.34","cold/snow","Temperate Broadleaf & Mixed Forests",,,"15.5","34.5",,"Calcic cambisol","forest",,,,"bulk soil",,"500.492293","13.0121242",,,"4922.9","4337.4","585.5",,,"274.54305","75.332207",,"13.77","1.2548967","8.4",,"11.7","41.9","46.26",
"2545","172","from Wang et al. 2021 (https://doi.org/10.1016/j.soilbio.2021.108422)","36.08","109.13","1262","9.51","559.34","cold/snow","Temperate Broadleaf & Mixed Forests",,,"15.5","34.5",,"Calcic cambisol","forest",,,,"bulk soil",,"500.67363","12.8497994",,,"4919.3","4341.1","578.2",,,"313.89067","64.263171",,"13.60","1.2588517","8.4",,"11.7","41.9","46.26",
"2546","172","from Wang et al. 2021 (https://doi.org/10.1016/j.soilbio.2021.108422)","36.08","109.13","1262","9.51","559.34","cold/snow","Temperate Broadleaf & Mixed Forests",,,"15.5","34.5",,"Calcic cambisol","forest",,,,"bulk soil",,"441.518662","10.8034353",,,"4321.2","3835","486.2",,,"260.25728","82.344891",,"11.66","1.068078","8.4",,"11.7","41.9","46.26",
"2547","172","from Wang et al. 2021 (https://doi.org/10.1016/j.soilbio.2021.108422)","36.08","109.13","1262","9.51","559.34","cold/snow","Temperate Broadleaf & Mixed Forests",,,"15.5","34.5",,"Calcic cambisol","forest",,,,"bulk soil",,"450.85924","8.83948965",,,"4342.1","3944.3","397.8",,,"210.22389","73.839238",,"11.70","1.0625713","8.4",,"11.7","41.9","46.26",
"2548","172","from Wang et al. 2021 (https://doi.org/10.1016/j.soilbio.2021.108422)","36.08","109.13","1262","9.51","559.34","cold/snow","Temperate Broadleaf & Mixed Forests",,,"15.5","34.5",,"Calcic cambisol","forest",,,,"bulk soil",,"446.188951","9.82146249",,,"4331.6","3889.6","442",,,"242.68076","83.882907",,"11.68","1.0653246","8.4",,"11.7","41.9","46.26",
"2549","172","from Wang et al. 2021 (https://doi.org/10.1016/j.soilbio.2021.108422)","36.08","109.13","1262","9.51","559.34","cold/snow","Temperate Broadleaf & Mixed Forests",,,"15.5","34.5",,"Calcic cambisol","forest",,,,"bulk soil",,"474.583501","6.42157093",,,"4477.8","4188.8","289",,,"326.32913","107.21636",,"11.77","1.0474646","8.4",,"11.7","41.9","46.26",
"2550","172","from Wang et al. 2021 (https://doi.org/10.1016/j.soilbio.2021.108422)","36.08","109.13","1262","9.51","559.34","cold/snow","Temperate Broadleaf & Mixed Forests",,,"15.5","34.5",,"Calcic cambisol","forest",,,,"bulk soil",,"470.8686","6.64959491",,,"4451.7","4152.5","299.2",,,"349.12275","111.53597",,"11.96","1.0382668","8.4",,"11.7","41.9","46.26",
"2551","172","from Wang et al. 2021 (https://doi.org/10.1016/j.soilbio.2021.108422)","36.08","109.13","1262","9.51","559.34","cold/snow","Temperate Broadleaf & Mixed Forests",,,"15.5","34.5",,"Calcic cambisol","forest",,,,"bulk soil",,"472.72605","6.53558292",,,"4464.7","4170.6","294.1",,,"303.51184","96.107142",,"11.86","1.0428657","8.4",,"11.7","41.9","46.26",
"2552","171","Wang, Q., 2020. Effect of Different Regeneration M ethods on Soil Microbial Residue Carbon and Lignin in subtropical Forests. Fujian Normal University","26.31","117.6","330","14.98","1687.99","temperate","Tropical & Subtropical Moist Broadleaf Forests",,,"0","10",,,"forest",,,,"bulk soil",,"1441.58","97.9653",,,"16125","11716.6","4408.4",,,,,,"51.80","2.75",,,,,,
"2553","171","Wang, Q., 2020. Effect of Different Regeneration M ethods on Soil Microbial Residue Carbon and Lignin in subtropical Forests. Fujian Normal University","26.31","117.6","330","14.98","1687.99","temperate","Tropical & Subtropical Moist Broadleaf Forests",,,"0","10",,,"forest",,,,"bulk soil",,"899.01","58.9578",,,"9987.3","7334.2","2653.1",,,,,,"30.00","1.91","4.08",,"46.29","37.26","16.45",
"2554","171","Wang, Q., 2020. Effect of Different Regeneration M ethods on Soil Microbial Residue Carbon and Lignin in subtropical Forests. Fujian Normal University","26.31","117.6","330","14.98","1687.99","temperate","Tropical & Subtropical Moist Broadleaf Forests",,,"0","10",,,"forest",,,,"bulk soil",,"617.822","54.1935",,,"7303.4","4864.7","2438.7",,,,,,"18.24","1.25","4.44",,,,,
"2555","171","Wang, Q., 2020. Effect of Different Regeneration M ethods on Soil Microbial Residue Carbon and Lignin in subtropical Forests. Fujian Normal University","26.31","117.6","330","14.98","1687.99","temperate","Tropical & Subtropical Moist Broadleaf Forests",,,"0","10",,,"forest",,,,"bulk soil",,"697.03","55.3846",,,"8054.6","5562.3","2492.3",,,,,,"18.60","1.13","4.37",,"49.95","38.97","11.08",
"2556","171","Wang, Q., 2020. Effect of Different Regeneration M ethods on Soil Microbial Residue Carbon and Lignin in subtropical Forests. Fujian Normal University","26.31","117.6","330","14.98","1687.99","temperate","Tropical & Subtropical Moist Broadleaf Forests",,,"0","10",,,"forest",,,,"bulk soil",,"586.139","51.8114",,,"6941.6","4610.1","2331.5",,,,,,"20.90","1.29","4.47",,"47.25","40.47","11.78",
"2557","171","Wang, Q., 2020. Effect of Different Regeneration M ethods on Soil Microbial Residue Carbon and Lignin in subtropical Forests. Fujian Normal University","26.31","117.6","330","14.98","1687.99","temperate","Tropical & Subtropical Moist Broadleaf Forests",,,"10","20",,,"forest",,,,"bulk soil",,"681.188","86.3524",,,"8908.1","5022.2","3885.9",,,,,,"27.00","1.47","4.52",,"50.27","37.47","12.26",
"2558","171","Wang, Q., 2020. Effect of Different Regeneration M ethods on Soil Microbial Residue Carbon and Lignin in subtropical Forests. Fujian Normal University","26.31","117.6","330","14.98","1687.99","temperate","Tropical & Subtropical Moist Broadleaf Forests",,,"10","20",,,"forest",,,,"bulk soil",,"304.95","42.5806",,,"4114","2197.9","1916.1",,,,,,"12.70","1.06","4.1",,"43.12","40.62","16.27",
"2559","171","Wang, Q., 2020. Effect of Different Regeneration M ethods on Soil Microbial Residue Carbon and Lignin in subtropical Forests. Fujian Normal University","26.31","117.6","330","14.98","1687.99","temperate","Tropical & Subtropical Moist Broadleaf Forests",,,"10","20",,,"forest",,,,"bulk soil",,"293.069","41.6873",,,"3978.4","2102.5","1875.9",,,,,,"10.86","0.83","4.28",,,,,
"2560","171","Wang, Q., 2020. Effect of Different Regeneration M ethods on Soil Microbial Residue Carbon and Lignin in subtropical Forests. Fujian Normal University","26.31","117.6","330","14.98","1687.99","temperate","Tropical & Subtropical Moist Broadleaf Forests",,,"10","20",,,"forest",,,,"bulk soil",,"320.792","44.665",,,"4323.7","2313.8","2009.9",,,,,,"10.70","0.75","4.33",,"45.83","40.84","13.33",
"2561","171","Wang, Q., 2020. Effect of Different Regeneration M ethods on Soil Microbial Residue Carbon and Lignin in subtropical Forests. Fujian Normal University","26.31","117.6","330","14.98","1687.99","temperate","Tropical & Subtropical Moist Broadleaf Forests",,,"10","20",,,"forest",,,,"bulk soil",,"269.307","35.4342",,,"3563.4","1968.9","1594.5",,,,,,"11.70","0.86","4.39",,"46.11","40.45","13.45",
"2562","170",,"23.09","112.3","125","20.99","1653.52","temperate","Tropical & Subtropical Moist Broadleaf Forests",,,"0","5",,,"forest",,,,"bulk soil",,"921","69","291",,"10508.2","7403.2","3105",,,,,"154.94",,,,,,,,
"2563","170",,"23.09","112.3","125","20.99","1653.52","temperate","Tropical & Subtropical Moist Broadleaf Forests",,,"5","10",,,"forest",,,,"bulk soil",,"459","49","185",,"5707","3502","2205",,,,,"95.46",,,,,"29.3",,,
"2564","170",,"23.09","112.3","125","20.99","1653.52","temperate","Tropical & Subtropical Moist Broadleaf Forests",,,"10","20",,,"forest",,,,"bulk soil",,"266","34","101",,"3487.5","1957.5","1530",,,,,"62.22",,,,,"29.3",,,
"2565","170",,"23.09","112.3","125","20.99","1653.52","temperate","Tropical & Subtropical Moist Broadleaf Forests",,,"20","40",,,"forest",,,,"bulk soil",,"197","24","83",,"2544.9","1464.9","1080",,,,,"47.43",,,,,"29.3",,,
"2566","170",,"23.09","112.3","175","20.99","1653.52","temperate","Tropical & Subtropical Moist Broadleaf Forests",,,"0","5",,,"forest",,,,"bulk soil",,"1317","79","458",,"14393.9","10838.9","3555",,,,,"114.2",,,,,"29.3",,,
"2567","170",,"23.09","112.3","175","20.99","1653.52","temperate","Tropical & Subtropical Moist Broadleaf Forests",,,"5","10",,,"forest",,,,"bulk soil",,"789","61","330",,"9062.9","6317.9","2745",,,,,"75.24",,,,,"29.3",,,
"2568","170",,"23.09","112.3","175","20.99","1653.52","temperate","Tropical & Subtropical Moist Broadleaf Forests",,,"10","20",,,"forest",,,,"bulk soil",,"389","40","151",,"4787.5","2987.5","1800",,,,,"41.41",,,,,"29.3",,,
"2569","170",,"23.09","112.3","175","20.99","1653.52","temperate","Tropical & Subtropical Moist Broadleaf Forests",,,"20","40",,,"forest",,,,"bulk soil",,"283","36","110",,"3704.9","2084.9","1620",,,,,"21.21",,,,,"29.3",,,
"2570","170",,"23.09","112.3","175","20.99","1653.52","temperate","Tropical & Subtropical Moist Broadleaf Forests",,,"0","5",,,"forest",,,,"bulk soil",,"1324","119","394",,"15743.4","10388.4","5355",,,,,"103.25",,,,,"29.3",,,
"2571","170",,"23.09","112.3","175","20.99","1653.52","temperate","Tropical & Subtropical Moist Broadleaf Forests",,,"5","10",,,"forest",,,,"bulk soil",,"897","121","274",,"11964.7","6519.7","5445",,,,,"61.8",,,,,"29.3",,,
"2572","170",,"23.09","112.3","175","20.99","1653.52","temperate","Tropical & Subtropical Moist Broadleaf Forests",,,"10","20",,,"forest",,,,"bulk soil",,"489","86","165",,"7167","3297","3870",,,,,"36.13",,,,,"29.3",,,
"2573","170",,"23.09","112.3","175","20.99","1653.52","temperate","Tropical & Subtropical Moist Broadleaf Forests",,,"20","40",,,"forest",,,,"bulk soil",,"225","38","82",,"3247.2","1537.2","1710",,,,,"25.4",,,,,"29.3",,,
"2574","170",,"23.09","112.3","175","20.99","1653.52","temperate","Tropical & Subtropical Moist Broadleaf Forests",,,"0","5",,,"forest",,,,"bulk soil",,"1278","160","384",,"16648.1","9448.1","7200",,,,,"127.93",,,,,"29.3",,,
"2575","170",,"23.09","112.3","175","20.99","1653.52","temperate","Tropical & Subtropical Moist Broadleaf Forests",,,"5","10",,,"forest",,,,"bulk soil",,"871","120","370",,"11698.6","6298.6","5400",,,,,"80.18",,,,,"29.3",,,
"2576","170",,"23.09","112.3","175","20.99","1653.52","temperate","Tropical & Subtropical Moist Broadleaf Forests",,,"10","20",,,"forest",,,,"bulk soil",,"573","78","242",,"7665.7","4155.7","3510",,,,,"47.21",,,,,"29.3",,,
"2577","170",,"23.09","112.3","175","20.99","1653.52","temperate","Tropical & Subtropical Moist Broadleaf Forests",,,"20","40",,,"forest",,,,"bulk soil",,"306","50","117",,"4362.1","2112.1","2250",,,,,"28.88",,,,,"29.3",,,
"2578","170",,"23.09","112.3","325","20.99","1653.52","temperate","Tropical & Subtropical Moist Broadleaf Forests",,,"0","5",,,"forest",,,,"bulk soil",,"2053","169","624",,"23912.5","16307.5","7605",,,,,"132.53",,,,,"29.3",,,
"2579","170",,"23.09","112.3","325","20.99","1653.52","temperate","Tropical & Subtropical Moist Broadleaf Forests",,,"5","10",,,"forest",,,,"bulk soil",,"849","260","389",,"16003.4","4303.4","11700",,,,,"47.12",,,,,"29.3",,,
"2580","170",,"23.09","112.3","325","20.99","1653.52","temperate","Tropical & Subtropical Moist Broadleaf Forests",,,"10","20",,,"forest",,,,"bulk soil",,"670","161","221",,"11208.2","3963.2","7245",,,,,"28.12",,,,,"29.3",,,
"2581","170",,"23.09","112.3","325","20.99","1653.52","temperate","Tropical & Subtropical Moist Broadleaf Forests",,,"20","40",,,"forest",,,,"bulk soil",,"462","126","168",,"8210.5","2540.5","5670",,,,,"15.63",,,,,"29.3",,,
"2582","169",,"43.36","124.4","65","7.05","614.81","cold/snow","Temperate Broadleaf & Mixed Forests",,,"0","20",,"Typic Hapludolls","cropland",,,,"bulk soil",,"962","61","451",,"10619.9","7874.9","2745",,,,,,"15.56","1.47",,,,,,
"2583","169",,"43.36","124.4","65","7.05","614.81","cold/snow","Temperate Broadleaf & Mixed Forests",,,"0","20",,"Typic Hapludolls","cropland",,,,"bulk soil",,"985","55","465",,"10634","8159","2475",,,,,,"15.56","1.47",,,,,,
"2584","169",,"43.36","124.4","65","7.05","614.81","cold/snow","Temperate Broadleaf & Mixed Forests",,,"0","20",,"Typic Hapludolls","cropland",,,,"bulk soil",,"895","46","376",,"9534.5","7464.5","2070",,,,,,"15.56","1.47",,,,,,
"2585","169",,"43.36","124.4","65","7.05","614.81","cold/snow","Temperate Broadleaf & Mixed Forests",,,"0","20",,"Typic Hapludolls","cropland",,,,"bulk soil",,"1027","53","470",,"10947.6","8562.6","2385",,,,,,"15.56","1.47",,,,,,
"2586","169",,"43.36","124.4","65","7.05","614.81","cold/snow","Temperate Broadleaf & Mixed Forests",,,"0","20",,"Typic Hapludolls","cropland",,,,"bulk soil",,"1056","46","457",,"10983.5","8913.5","2070",,,,,,"15.56","1.47",,,,,,
"2587","169",,"43.36","124.4","65","7.05","614.81","cold/snow","Temperate Broadleaf & Mixed Forests",,,"0","20",,"Typic Hapludolls","cropland",,,,"bulk soil",,"1019","49","421",,"10747","8542","2205",,,,,,"15.56","1.47",,,,,,
"2588","169",,"43.36","124.4","65","7.05","614.81","cold/snow","Temperate Broadleaf & Mixed Forests",,,"0","20",,"Typic Hapludolls","cropland",,,,"bulk soil",,"995","47","460",,"10466.7","8351.7","2115",,,,,,"15.56","1.47",,,,,,
"2589","169",,"43.36","124.4","65","7.05","614.81","cold/snow","Temperate Broadleaf & Mixed Forests",,,"0","20",,"Typic Hapludolls","cropland",,,,"bulk soil",,"897","44","480",,"9488.2","7508.2","1980",,,,,,"15.56","1.47",,,,,,
"2590","169",,"43.36","124.4","65","7.05","614.81","cold/snow","Temperate Broadleaf & Mixed Forests",,,"0","20",,"Typic Hapludolls","cropland",,,,"bulk soil",,"963","47","479",,"10178.7","8063.7","2115",,,,,,"15.56","1.47",,,,,,
"2591","169",,"43.36","124.4","65","7.05","614.81","cold/snow","Temperate Broadleaf & Mixed Forests",,,"0","20",,"Typic Hapludolls","cropland",,,,"bulk soil",,"894","47","473",,"9557.7","7442.7","2115",,,,,,"15.56","1.47",,,,,,
"2592","168",,"43.3","124.48","65","7.05","614.81","cold/snow","Temperate Broadleaf & Mixed Forests",,,"0","20",,"Typic Hapludolls","cropland",,,,"bulk soil",,"852","53","416",,"9372.6","6987.6","2385",,,,,,"15.56","1.47","6.07",,"27","50","23",
"2593","167",,"41.82","123.57","75","7.75","793.81","cold/snow","Temperate Broadleaf & Mixed Forests","amendment","CK","0","20",,,"cropland",,,,"bulk soil",,"615.929","18.2903",,,"6131.7","5308.6","823.1",,,,,,"10.78",,"5.58",,"41.2","33.2","25.6",
"2594","167",,"41.82","123.57","75","7.75","793.81","cold/snow","Temperate Broadleaf & Mixed Forests","amendment","N2","0","20",,,"cropland",,,,"bulk soil",,"387.611","16.6998",,,"4025.6","3274.1","751.5",,,,,,"10.32",,"6.66",,,,,
"2595","167",,"41.82","123.57","75","7.75","793.81","cold/snow","Temperate Broadleaf & Mixed Forests","amendment","M2","0","20",,,"cropland",,,,"bulk soil",,"623.894","23.8569",,,"6382.4","5308.8","1073.6",,,,,,"13.97",,"5.05",,,,,
"2596","167",,"41.82","123.57","75","7.75","793.81","cold/snow","Temperate Broadleaf & Mixed Forests","amendment","M2N2","0","20",,,"cropland",,,,"bulk soil",,"865.487","82.3062",,,"10436.6","6732.8","3703.8",,,,,,"15.80",,"6.57",,,,,
"2597","167",,"41.82","123.57","75","7.75","793.81","cold/snow","Temperate Broadleaf & Mixed Forests","amendment","CK","20","40",,,"cropland",,,,"bulk soil",,"634.395","52.3379",,,"7392.9","5037.7","2355.2",,,,,,"7.40",,"5.74",,,,,
"2598","167",,"41.82","123.57","75","7.75","793.81","cold/snow","Temperate Broadleaf & Mixed Forests","amendment","N2","20","40",,,"cropland",,,,"bulk soil",,"647.134","43.8507",,,"7234.6","5261.3","1973.3",,,,,,"7.12",,"6.86",,,,,
"2599","167",,"41.82","123.57","75","7.75","793.81","cold/snow","Temperate Broadleaf & Mixed Forests","amendment","M2","20","40",,,"cropland",,,,"bulk soil",,"777.07","23.4185",,,"7746.8","6693","1053.8",,,,,,"9.50",,"5.18",,,,,
"2600","167",,"41.82","123.57","75","7.75","793.81","cold/snow","Temperate Broadleaf & Mixed Forests","amendment","M2N2","20","40",,,"cropland",,,,"bulk soil",,"675.159","25.3045",,,"6890.3","5751.6","1138.7",,,,,,"9.27",,"6.71",,,,,
"2601","167",,"41.82","123.57","75","7.75","793.81","cold/snow","Temperate Broadleaf & Mixed Forests","amendment","CK","40","60",,,"cropland",,,,"bulk soil",,"575.551","17.7305",,,"5750.3","4952.4","797.9",,,,,,"3.70",,"6.76",,,,,
"2602","167",,"41.82","123.57","75","7.75","793.81","cold/snow","Temperate Broadleaf & Mixed Forests","amendment","N2","40","60",,,"cropland",,,,"bulk soil",,"601.202","15.9574",,,"5924.1","5206","718.1",,,,,,"3.70",,"5.6",,,,,
"2603","167",,"41.82","123.57","75","7.75","793.81","cold/snow","Temperate Broadleaf & Mixed Forests","amendment","M2","40","60",,,"cropland",,,,"bulk soil",,"373.547","21.2766",,,"4046.2","3088.8","957.4",,,,,,"4.98",,"5.56",,,,,
"2604","167",,"41.82","123.57","75","7.75","793.81","cold/snow","Temperate Broadleaf & Mixed Forests","amendment","M2N2","40","60",,,"cropland",,,,"bulk soil",,"322.244","10.0473",,,"3223.3","2771.2","452.1",,,,,,"5.48",,"6.75",,,,,
"2605","167",,"41.82","123.57","75","7.75","793.81","cold/snow","Temperate Broadleaf & Mixed Forests","amendment","CK","0","20",,,"cropland",,,,"bulk soil",,"663.717","165.805",,,"11306.2","3845","7461.2",,,,,,"10.78",,"6.75",,,,,
"2606","167",,"41.82","123.57","75","7.75","793.81","cold/snow","Temperate Broadleaf & Mixed Forests","amendment","N2","0","20",,,"cropland",,,,"bulk soil",,"671.681","151.491",,,"10917.5","4100.4","6817.1",,,,,,"10.91",,"6.58",,,,,
"2607","167",,"41.82","123.57","75","7.75","793.81","cold/snow","Temperate Broadleaf & Mixed Forests","amendment","M2","0","20",,,"cropland",,,,"bulk soil",,"825.664","29.0258",,,"8364.6","7058.4","1306.2",,,,,,"11.61",,"5.07",,,,,
"2608","167",,"41.82","123.57","75","7.75","793.81","cold/snow","Temperate Broadleaf & Mixed Forests","amendment","M2N2","0","20",,,"cropland",,,,"bulk soil",,"1109.73","73.9563",,,"12366.2","9038.2","3328",,,,,,"14.91",,"6.14",,,,,
"2609","167",,"41.82","123.57","75","7.75","793.81","cold/snow","Temperate Broadleaf & Mixed Forests","amendment","CK","20","40",,,"cropland",,,,"bulk soil",,"677.707","63.9686",,,"8156.8","5278.2","2878.6",,,,,,"8.39",,"5.62",,,,,
"2610","167",,"41.82","123.57","75","7.75","793.81","cold/snow","Temperate Broadleaf & Mixed Forests","amendment","N2","20","40",,,"cropland",,,,"bulk soil",,"868.79","27.3477",,,"8698.6","7468","1230.6",,,,,,"9.87",,"6.72",,,,,
"2611","167",,"41.82","123.57","75","7.75","793.81","cold/snow","Temperate Broadleaf & Mixed Forests","amendment","M2","20","40",,,"cropland",,,,"bulk soil",,"963.057","28.7623",,,"9592.6","8298.3","1294.3",,,,,,"10.17",,"5.62",,,,,
"2612","167",,"41.82","123.57","75","7.75","793.81","cold/snow","Temperate Broadleaf & Mixed Forests","amendment","M2N2","20","40",,,"cropland",,,,"bulk soil",,"1052.23","56.7387",,,"11294.9","8741.7","2553.2",,,,,,"10.26",,"6.48",,,,,
"2613","167",,"41.82","123.57","75","7.75","793.81","cold/snow","Temperate Broadleaf & Mixed Forests","amendment","CK","40","60",,,"cropland",,,,"bulk soil",,"626.854","22.4586",,,"6364","5353.4","1010.6",,,,,,"4.91",,"6.22",,,,,
"2614","167",,"41.82","123.57","75","7.75","793.81","cold/snow","Temperate Broadleaf & Mixed Forests","amendment","N2","40","60",,,"cropland",,,,"bulk soil",,"549.9","47.2813",,,"6469.8","4342.1","2127.7",,,,,,"5.57",,"6.79",,,,,
"2615","167",,"41.82","123.57","75","7.75","793.81","cold/snow","Temperate Broadleaf & Mixed Forests","amendment","M2","40","60",,,"cropland",,,,"bulk soil",,"493.788","203.901",,,"11002.1","1826.6","9175.5",,,,,,"5.78",,"6.34",,,,,
"2616","167",,"41.82","123.57","75","7.75","793.81","cold/snow","Temperate Broadleaf & Mixed Forests","amendment","M2N2","40","60",,,"cropland",,,,"bulk soil",,"307.816","60.8747",,,"4728.3","1988.9","2739.4",,,,,,"4.65",,"6.25",,,,,
"2617","166",,"35.2","107.67","1220","10.62","595.55","cold/snow","Temperate Broadleaf & Mixed Forests","amendment","CK","0","10",,,"cropland",,,,"bulk soil",,"451.737","38.61",,,"5307.4","3570","1737.4",,,,,,"8.48","0.95",,,,,"6.1",
"2618","166",,"35.2","107.67","1220","10.62","595.55","cold/snow","Temperate Broadleaf & Mixed Forests","amendment","PF","0","10",,,"cropland",,,,"bulk soil",,"362.934","30.888",,,"4259.9","2869.9","1390",,,,,,"8.17","0.91",,,,,,
"2619","166",,"35.2","107.67","1220","10.62","595.55","cold/snow","Temperate Broadleaf & Mixed Forests","management","FM","0","10",,,"cropland",,,,"bulk soil",,"559.846","54.0541",,,"6777.1","4344.7","2432.4",,,,,,"12.38","1.37",,,,,,
"2620","166",,"35.2","107.67","1220","10.62","595.55","cold/snow","Temperate Broadleaf & Mixed Forests",,"fertilizer","10","20",,,"cropland",,,,"bulk soil",,"350.201","32.1285",,,"4185.2","2739.4","1445.8",,,,,,"7.84","0.88",,,,,,
"2621","166",,"35.2","107.67","1220","10.62","595.55","cold/snow","Temperate Broadleaf & Mixed Forests",,"PF","10","20",,,"cropland",,,,"bulk soil",,"318.072","25.7028",,,"3689.3","2532.7","1156.6",,,,,,"7.58","0.82",,,,,,
"2622","166",,"35.2","107.67","1220","10.62","595.55","cold/snow","Temperate Broadleaf & Mixed Forests","management","FM","10","20",,,"cropland",,,,"bulk soil",,"485.141","44.9799",,,"5813","3788.9","2024.1",,,,,,"9.77","1.16",,,,,,
"2623","25","Data from Ni et al. 2020 https://doi.org/10.1111/geb.13159","42.24","128.06","600","1.76","764.26","cold/snow","Temperate Broadleaf & Mixed Forests",,,"0","5",,,"forest",,,,"bulk soil",,"346",,"212",,,,,,,,,"58.67",,,,,"7",,,
"2624","186","Data from Wang et al. 2021 https://doi.org/10.1016/j.soilbio.2021.108422","28.07","112.18",,"16.89","1451.07","temperate","Tropical & Subtropical Moist Broadleaf Forests","amendment","Rhizosphere-CT","0","15",,,"cropland",,,,"rhizosphere",,"727.119","55.9322",,,"8343","5826.1","2516.9",,,,,,"20.60",,"6.61",,,,,
"2625","186","Data from Wang et al. 2021 https://doi.org/10.1016/j.soilbio.2021.108422","28.07","112.18",,"16.89","1451.07","temperate","Tropical & Subtropical Moist Broadleaf Forests","amendment","Rhizosphere-NPK","0","15",,,"cropland",,,,"rhizosphere",,"706.78","45.2542",,,"7816.5","5780.1","2036.4",,,,,,"20.16",,,,,,,
"2626","186","Data from Wang et al. 2021 https://doi.org/10.1016/j.soilbio.2021.108422","28.07","112.18",,"16.89","1451.07","temperate","Tropical & Subtropical Moist Broadleaf Forests","amendment","Rhizosphere-NPKS","0","15",,,"cropland",,,,"rhizosphere",,"838.983","51.3559",,,"9202.6","6891.6","2311",,,,,,"20.92",,,,,,,
"2627","186","Data from Wang et al. 2021 https://doi.org/10.1016/j.soilbio.2021.108422","28.07","112.18",,"16.89","1451.07","temperate","Tropical & Subtropical Moist Broadleaf Forests","amendment","Rhizosphere-LOM","0","15",,,"cropland",,,,"rhizosphere",,"788.136","58.4746",,,"8974","6342.6","2631.4",,,,,,"20.60",,,,,,,
"2628","186","Data from Wang et al. 2021 https://doi.org/10.1016/j.soilbio.2021.108422","28.07","112.18",,"16.89","1451.07","temperate","Tropical & Subtropical Moist Broadleaf Forests","amendment","Rhizosphere-HOM","0","15",,,"cropland",,,,"rhizosphere",,"1057.63","62.5424",,,"11530.2","8715.8","2814.4",,,,,,"24.93",,,,,,,
"2629","186","Data from Wang et al. 2021 https://doi.org/10.1016/j.soilbio.2021.108422","28.07","112.18",,"16.89","1451.07","temperate","Tropical & Subtropical Moist Broadleaf Forests","amendment","Non-Rhizosphere-CT","0","15",,,"cropland",,,,"bulk soil",,"1016.95","67.6271",,,"11327.6","8284.4","3043.2",,,,,,"24.82",,,,,,,
"2630","186","Data from Wang et al. 2021 https://doi.org/10.1016/j.soilbio.2021.108422","28.07","112.18",,"16.89","1451.07","temperate","Tropical & Subtropical Moist Broadleaf Forests","amendment","Non-Rhizosphere-NPK","0","15",,,"cropland",,,,"bulk soil",,"1103.39","76.2712",,,"12383.6","8951.4","3432.2",,,,,,"29.81",,,,,,,
"2631","186","Data from Wang et al. 2021 https://doi.org/10.1016/j.soilbio.2021.108422","28.07","112.18",,"16.89","1451.07","temperate","Tropical & Subtropical Moist Broadleaf Forests","amendment","Non-Rhizosphere-NPKS","0","15",,,"cropland",,,,"bulk soil",,"1093.22","92.5424",,,"12815.4","8651","4164.4",,,,,,"29.16",,,,,,,
"2632","186","Data from Wang et al. 2021 https://doi.org/10.1016/j.soilbio.2021.108422","28.07","112.18",,"16.89","1451.07","temperate","Tropical & Subtropical Moist Broadleaf Forests","amendment","Non-Rhizosphere-LOM","0","15",,,"cropland",,,,"bulk soil",,"1225.42","110.847",,,"14593.9","9605.8","4988.1",,,,,,"33.82",,,,,,,
"2633","186","Data from Wang et al. 2021 https://doi.org/10.1016/j.soilbio.2021.108422","28.07","112.18",,"16.89","1451.07","temperate","Tropical & Subtropical Moist Broadleaf Forests","amendment","Non-Rhizosphere-HOM","0","15",,,"cropland",,,,"bulk soil",,"1205.08","95.5932",,,"13920.3","9618.6","4301.7",,,,,,"33.28",,,,,,,
"2634","185",,"43.36","124.4","65","7.05","614.81","cold/snow","Temperate Broadleaf & Mixed Forests",,,"0","20",,"Typic Hapludolls","cropland",,,,"bulk soil",,"883","79","517",,"10487.9","6932.9","3555",,,,,,"15.6","1.65","6.3",,,,,
"2635","185",,"43.36","124.4","65","7.05","614.81","cold/snow","Temperate Broadleaf & Mixed Forests",,,"0","20",,"Typic Hapludolls","cropland",,,,"bulk soil",,"916","99","658",,"11428.1","6973.1","4455",,,,,,"15.6","1.65","6.3",,,,,
"2636","185",,"43.36","124.4","65","7.05","614.81","cold/snow","Temperate Broadleaf & Mixed Forests",,,"0","20",,"Typic Hapludolls","cropland",,,,"bulk soil",,"899","96","737",,"11178.6","6858.6","4320",,,,,,"15.6","1.65","6.3",,,,,
"2637","185",,"43.36","124.4","65","7.05","614.81","cold/snow","Temperate Broadleaf & Mixed Forests",,,"0","20",,"Typic Hapludolls","cropland",,,,"bulk soil",,"964","108","695",,"12149.6","7289.6","4860",,,,,,"15.6","1.65","6.3",,,,,
"2638","185",,"43.36","124.4","65","7.05","614.81","cold/snow","Temperate Broadleaf & Mixed Forests",,,"0","20",,"Typic Hapludolls","cropland",,,,"bulk soil",,"1050","114","760",,"13116.6","7986.6","5130",,,,,,"15.6","1.65","6.3",,,,,
"2639","185",,"43.36","124.4","65","7.05","614.81","cold/snow","Temperate Broadleaf & Mixed Forests",,,"0","20",,"Typic Hapludolls","cropland",,,,"bulk soil",,"1151","110","909",,"13896.9","8946.9","4950",,,,,,"15.6","1.65","6.3",,,,,
"2640","185",,"43.36","124.4","65","7.05","614.81","cold/snow","Temperate Broadleaf & Mixed Forests",,,"0","20",,"Typic Hapludolls","cropland",,,,"bulk soil",,"1196","104","922",,"14108.9","9428.9","4680",,,,,,"15.6","1.65","6.3",,,,,
"2641","185",,"43.36","124.4","65","7.05","614.81","cold/snow","Temperate Broadleaf & Mixed Forests",,,"0","20",,"Typic Hapludolls","cropland",,,,"bulk soil",,"1164","104","867",,"13820.9","9140.9","4680",,,,,,"15.6","1.65","6.3",,,,,
"2642","185",,"43.36","124.4","65","7.05","614.81","cold/snow","Temperate Broadleaf & Mixed Forests",,,"0","20",,"Typic Hapludolls","cropland",,,,"bulk soil",,"1145","96","868",,"13392.6","9072.6","4320",,,,,,"15.6","1.65","6.3",,,,,
"2643","184",,"41.08","123.4","229","8.18","795.71","cold/snow","Temperate Broadleaf & Mixed Forests",,,"0","20",,"Hapli-Udic Cambisols","cropland",,,,"bulk soil",,"507","63","205",,"6589.3","3754.3","2835",,,,,,"10.5","0.9","6",,"19.39","58.06","21.08",
"2644","184",,"41.08","123.4","229","8.18","795.71","cold/snow","Temperate Broadleaf & Mixed Forests",,,"0","20",,"Hapli-Udic Cambisols","cropland",,,,"bulk soil",,"533","67","218",,"6951.9","3936.9","3015",,,,,,"10.5","0.9","6",,"19.39","58.06","21.08",
"2645","184",,"41.08","123.4","229","8.18","795.71","cold/snow","Temperate Broadleaf & Mixed Forests",,,"0","20",,"Hapli-Udic Cambisols","cropland",,,,"bulk soil",,"570","70","255",,"7381.4","4231.4","3150",,,,,,"10.5","0.9","6",,"19.39","58.06","21.08",
"2646","184",,"41.08","123.4","229","8.18","795.71","cold/snow","Temperate Broadleaf & Mixed Forests",,,"0","20",,"Hapli-Udic Cambisols","cropland",,,,"bulk soil",,"692","75","318",,"8640.2","5265.2","3375",,,,,,"10.5","0.9","6",,"19.39","58.06","21.08",
"2647","184",,"41.08","123.4","229","8.18","795.71","cold/snow","Temperate Broadleaf & Mixed Forests",,,"0","20",,"Hapli-Udic Cambisols","cropland",,,,"bulk soil",,"793","81","323",,"9742.2","6097.2","3645",,,,,,"10.5","0.9","6",,"19.39","58.06","21.08",
"2648","184",,"41.08","123.4","229","8.18","795.71","cold/snow","Temperate Broadleaf & Mixed Forests",,,"0","20",,"Hapli-Udic Cambisols","cropland",,,,"bulk soil",,"817","81","356",,"9958.2","6313.2","3645",,,,,,"10.5","0.9","6",,"19.39","58.06","21.08",
"2649","184",,"41.08","123.4","229","8.18","795.71","cold/snow","Temperate Broadleaf & Mixed Forests",,,"0","20",,"Hapli-Udic Cambisols","cropland",,,,"bulk soil",,"812","76","352",,"9752.4","6332.4","3420",,,,,,"10.5","0.9","6",,"19.39","58.06","21.08",
"2650","184",,"41.08","123.4","229","8.18","795.71","cold/snow","Temperate Broadleaf & Mixed Forests",,,"0","20",,"Hapli-Udic Cambisols","cropland",,,,"bulk soil",,"779","69","327",,"9230.2","6125.2","3105",,,,,,"10.5","0.9","6",,"19.39","58.06","21.08",
"2651","183","from Wang et al. 2021 (https://doi.org/10.1016/j.soilbio.2021.108422)","48.97","125.27",,"0.25","547.37","cold/snow","Temperate Grasslands, Savannas & Shrublands",,,"0","15",,"Chernozems","grassland",,,,"bulk soil",,"1886.54354","110.78",,,"20541.9","15556.8","4985.1",,,,,,"35.63","2.85","6.15",,,,,
"2652","183","from Wang et al. 2021 (https://doi.org/10.1016/j.soilbio.2021.108422)","48.97","125.27",,"0.25","547.37","cold/snow","Temperate Grasslands, Savannas & Shrublands",,,"15","30",,"Chernozems","grassland",,,,"bulk soil",,"1495.90087","79.3644444",,,"16015.7","12444.3","3571.4",,,,,,"25.35","1.85","6.42",,"34.1","25.3","40.5",
"2653","183","from Wang et al. 2021 (https://doi.org/10.1016/j.soilbio.2021.108422)","48.97","125.27",,"0.25","547.37","cold/snow","Temperate Grasslands, Savannas & Shrublands",,,"30","60",,"Chernozems","grassland",,,,"bulk soil",,"1058.69261","49.6026667",,,"11123.6","8891.5","2232.1",,,,,,"15.62","1.22","6.5",,"35.6","30.8","32.9",
"2654","183","from Wang et al. 2021 (https://doi.org/10.1016/j.soilbio.2021.108422)","48.97","125.27",,"0.25","547.37","cold/snow","Temperate Grasslands, Savannas & Shrublands",,,"60","90",,"Chernozems","grassland",,,,"bulk soil",,"652.873014","29.7666667",,,"6833.2","5493.7","1339.5",,,,,,"10.29","0.83","6.59",,"35.2","33.6","30.6",
"2655","183","from Wang et al. 2021 (https://doi.org/10.1016/j.soilbio.2021.108422)","48.97","125.27",,"0.25","547.37","cold/snow","Temperate Grasslands, Savannas & Shrublands",,,"0","15",,"Chernozems","cropland",,,,"bulk soil",,"1441.12596","100.866667",,,"16214.3","11675.3","4539",,,,,,"30.61","2.41","6.67",,"37.8","30.6","31.1",
"2656","183","from Wang et al. 2021 (https://doi.org/10.1016/j.soilbio.2021.108422)","48.97","125.27",,"0.25","547.37","cold/snow","Temperate Grasslands, Savannas & Shrublands",,,"15","30",,"Chernozems","cropland",,,,"bulk soil",,"1019.32912","72.7464444",,,"11513.7","8240.1","3273.6",,,,,,"17.25","1.38","6.25",,"35.6","25.2","38.8",
"2657","183","from Wang et al. 2021 (https://doi.org/10.1016/j.soilbio.2021.108422)","48.97","125.27",,"0.25","547.37","cold/snow","Temperate Grasslands, Savannas & Shrublands",,,"30","60",,"Chernozems","cropland",,,,"bulk soil",,"655.944212","39.6973333",,,"7180.3","5393.9","1786.4",,,,,,"12.65","1.11","6.46",,"35.8","31.6","32.1",
"2658","183","from Wang et al. 2021 (https://doi.org/10.1016/j.soilbio.2021.108422)","48.97","125.27",,"0.25","547.37","cold/snow","Temperate Grasslands, Savannas & Shrublands",,,"60","90",,"Chernozems","cropland",,,,"bulk soil",,"474.914399","24.8015556",,,"5071.9","3955.8","1116.1",,,,,,"9.27","0.82","6.53",,"37.4","31.5","30.8",
"2659","182",,"43.19","124.14","138","7.05","614.81","cold/snow","Temperate Broadleaf & Mixed Forests",,,"0","2",,,"cropland",,,,"bulk soil",,"513","41","258",,"5935.7","4090.7","1845",,,,,,"11.3","1.2","7.1",,"24.8","47.7","27.5",
"2660","182",,"43.19","124.14","138","7.05","614.81","cold/snow","Temperate Broadleaf & Mixed Forests",,,"0","2",,,"cropland",,,,"bulk soil",,"539","38","277",,"6073.2","4363.2","1710",,,,,,"11.3","1.2","7.1",,"24.8","47.7","27.5",
"2661","182",,"43.19","124.14","138","7.05","614.81","cold/snow","Temperate Broadleaf & Mixed Forests",,,"0","2",,,"cropland",,,,"bulk soil",,"607","42","310",,"6813.8","4923.8","1890",,,,,,"11.3","1.2","7.1",,"24.8","47.7","27.5",
"2662","182",,"43.19","124.14","138","7.05","614.81","cold/snow","Temperate Broadleaf & Mixed Forests",,,"0","2",,,"cropland",,,,"bulk soil",,"658","55","324",,"7691","5216","2475",,,,,,"11.3","1.2","7.1",,"24.8","47.7","27.5",
"2663","181",,"41.31","123.24","55","8.18","795.71","cold/snow","Temperate Broadleaf & Mixed Forests",,,"0","20",,"Hapli-Udic Cambisols","cropland",,,,"bulk soil",,"577","60","237",,"7122.8","4422.8","2700",,,,,,"8.97","0.96","6",,,,,
"2664","181",,"41.31","123.24","55","8.18","795.71","cold/snow","Temperate Broadleaf & Mixed Forests",,,"0","20",,"Hapli-Udic Cambisols","cropland",,,,"bulk soil",,"582","69","238",,"7457.2","4352.2","3105",,,,,,"8.97","0.96","6",,,,,
"2665","181",,"41.31","123.24","55","8.18","795.71","cold/snow","Temperate Broadleaf & Mixed Forests",,,"0","20",,"Hapli-Udic Cambisols","cropland",,,,"bulk soil",,"597","68","247",,"7560.1","4500.1","3060",,,,,,"8.97","0.96","6",,,,,
"2666","181",,"41.31","123.24","55","8.18","795.71","cold/snow","Temperate Broadleaf & Mixed Forests",,,"0","20",,"Hapli-Udic Cambisols","cropland",,,,"bulk soil",,"600","73","257",,"7747.9","4462.9","3285",,,,,,"8.97","0.96","6",,,,,
"2667","181",,"41.31","123.24","55","8.18","795.71","cold/snow","Temperate Broadleaf & Mixed Forests",,,"0","20",,"Hapli-Udic Cambisols","cropland",,,,"bulk soil",,"606","71","261",,"7737.6","4542.6","3195",,,,,,"8.97","0.96","6",,,,,
"2668","181",,"41.31","123.24","55","8.18","795.71","cold/snow","Temperate Broadleaf & Mixed Forests",,,"0","20",,"Hapli-Udic Cambisols","cropland",,,,"bulk soil",,"611","71","264",,"7782.6","4587.6","3195",,,,,,"8.97","0.96","6",,,,,
"2669","228",,"33.75","99.65",,"-2.1","567.12","cold/snow","Montane Grasslands & Shrublands","restoration","natural restoration","0","20",,,"grassland",,"Elymus nutans, Poa crymophila, Kobresia humilis","2021","bulk soil",,"1570","60","900","40","16059.8","13359.8","2700",,,"780","110","34.28",,"2.98","6.61",,"3.316","51.304","45.38","4000"
"2670","228",,"33.75","99.65",,"-2.1","567.12","cold/snow","Montane Grasslands & Shrublands","restoration","natural restoration","0","20",,,"grassland",,"Elymus nutans, Poa crymophila, Kobresia humilis","2021","bulk soil",,"2140","90","1440","50","22154.7","18104.7","4050",,,"910","130","37.05",,"3","6.77",,"3.748","56.61","39.642","4000"
"2671","228",,"33.75","99.65",,"-2.1","567.12","cold/snow","Montane Grasslands & Shrublands","restoration","natural restoration","0","20",,,"grassland",,"Elymus nutans, Poa crymophila, Kobresia humilis","2021","bulk soil",,"1060","30","720","30","10504.9","9154.9","1350",,,"310","50","32.59",,"2.47","6.91",,"2.774","48.408","48.818","4000"
"2672","228",,"33.75","99.65",,"-2.1","567.12","cold/snow","Montane Grasslands & Shrublands","restoration","natural restoration","0","20",,,"grassland",,"Elymus nutans, Poa crymophila, Kobresia humilis","2021","bulk soil",,"2730","90","1400","50","27464.7","23414.7","4050",,,"1110","160","61.54",,"4.8","6.51",,"3.892","64.72","31.388","4000"
"2673","228",,"33.75","99.65",,"-2.1","567.12","cold/snow","Montane Grasslands & Shrublands","restoration","natural restoration","0","20",,,"grassland",,"Elymus nutans, Poa crymophila, Kobresia humilis","2021","bulk soil",,"3810","120","1780","60","38149.6","32749.6","5400",,,"1830","270","77.28",,"5.68","6.13",,"5.696","73.272","21.032","4000"
"2674","228",,"33.75","99.65",,"-2.1","567.12","cold/snow","Montane Grasslands & Shrublands","restoration","natural restoration","0","20",,,"grassland",,"Elymus nutans, Poa crymophila, Kobresia humilis","2021","bulk soil",,"2870","120","1380","60","29689.6","24289.6","5400",,,"1680","230","67.04",,"5.25","6.26",,"3.194","55.878","40.928","4000"
"2675","228",,"33.75","99.65",,"-2.1","567.12","cold/snow","Montane Grasslands & Shrublands","restoration","natural restoration","0","20",,,"grassland",,"Elymus nutans, Poa crymophila, Kobresia humilis","2021","bulk soil",,"3430","120","1750","60","34729.6","29329.6","5400",,,"1490","210","57.25",,"4.58","6.19",,"3.372","50.834","45.794","4000"
"2676","228",,"33.75","99.65",,"-2.1","567.12","cold/snow","Montane Grasslands & Shrublands","restoration","natural restoration","0","20",,,"grassland",,"Elymus nutans, Poa crymophila, Kobresia humilis","2021","bulk soil",,"3190","120","1440","60","32569.6","27169.6","5400",,,"1870","240","65.59",,"5.03","6.32",,"3.372","50.834","45.794","4000"
"2677","228",,"33.75","99.65",,"-2.1","567.12","cold/snow","Montane Grasslands & Shrublands","restoration","natural restoration","0","20",,,"grassland",,"Elymus nutans, Poa crymophila, Kobresia humilis","2021","bulk soil",,"2380","70","1360","50","23671.4","20521.4","3150",,,"1330","200","58.73",,"4.62","6.44",,"3.322","54.756","41.922","4000"
"2678","228",,"33.75","99.65",,"-2.1","567.12","cold/snow","Montane Grasslands & Shrublands","restoration","natural restoration","0","20",,,"grassland",,"Elymus nutans, Poa crymophila, Kobresia humilis","2021","bulk soil",,"2510","80","1360","50","25163","21563","3600",,,"1350","160","55.25",,"4.27","6.24",,"4.63","57.428","37.942","4000"
"2679","228",,"33.75","99.65",,"-2.1","567.12","cold/snow","Montane Grasslands & Shrublands","restoration","natural restoration","0","20",,,"grassland",,"Elymus nutans, Poa crymophila, Kobresia humilis","2021","bulk soil",,"2560","90","1360","60","25934.7","21884.7","4050",,,"1910","210","76.64",,"5.83","6.22",,"4.71","69.16","26.13","4000"
"2680","228",,"33.75","99.65",,"-2.1","567.12","cold/snow","Montane Grasslands & Shrublands","restoration","natural restoration","0","20",,,"grassland",,"Elymus nutans, Poa crymophila, Kobresia humilis","2021","bulk soil",,"2630","100","1450","60","26886.3","22386.3","4500",,,"2450","330","76.79",,"5.53","6.02",,"4.86","67.944","27.196","4000"
"2681","228",,"33.75","99.65",,"-2.1","567.12","cold/snow","Montane Grasslands & Shrublands","restoration","active restoration","0","20",,,"grassland",,"Elymus nutans, Poa crymophila, Kobresia humilis","2021","bulk soil",,"1570","60","900","40","16059.8","13359.8","2700",,,"780","110","34.28",,"2.98","6.61",,"3.32","51.3","45.38","4000"
"2682","228",,"33.75","99.65",,"-2.1","567.12","cold/snow","Montane Grasslands & Shrublands","restoration","active restoration","0","20",,,"grassland",,"Elymus nutans, Poa crymophila, Kobresia humilis","2021","bulk soil",,"2140","90","1440","50","22154.7","18104.7","4050",,,"910","130","37.05",,"3","6.77",,"3.75","56.61","39.64","4000"
"2683","228",,"33.75","99.65",,"-2.1","567.12","cold/snow","Montane Grasslands & Shrublands","restoration","active restoration","0","20",,,"grassland",,"Elymus nutans, Poa crymophila, Kobresia humilis","2021","bulk soil",,"1060","30","720","30","10504.9","9154.9","1350",,,"310","50","32.59",,"2.47","6.91",,"2.77","48.41","48.82","4000"
"2684","228",,"33.75","99.65",,"-2.1","567.12","cold/snow","Montane Grasslands & Shrublands","restoration","active restoration","0","20",,,"grassland",,"Elymus nutans, Poa crymophila, Kobresia humilis","2021","bulk soil",,"1250","40","690","40","12536.5","10736.5","1800",,,"750","100","26.64",,"2.43","6.58",,"2.55","44.34","53.11","4000"
"2685","228",,"33.75","99.65",,"-2.1","567.12","cold/snow","Montane Grasslands & Shrublands","restoration","active restoration","0","20",,,"grassland",,"Elymus nutans, Poa crymophila, Kobresia humilis","2021","bulk soil",,"1290","50","710","30","13218.1","10968.1","2250",,,"1150","200","29.13",,"2.54","6.51",,"3.13","51.46","45.42","4000"
"2686","228",,"33.75","99.65",,"-2.1","567.12","cold/snow","Montane Grasslands & Shrublands","restoration","active restoration","0","20",,,"grassland",,"Elymus nutans, Poa crymophila, Kobresia humilis","2021","bulk soil",,"1250","60","610","30","13179.8","10479.8","2700",,,"1340","220","28.74",,"2.41","6.52",,"2.76","48.88","48.36","4000"
"2687","228",,"33.75","99.65",,"-2.1","567.12","cold/snow","Montane Grasslands & Shrublands","restoration","active restoration","0","20",,,"grassland",,"Elymus nutans, Poa crymophila, Kobresia humilis","2021","bulk soil",,"1590","70","620","30","16561.4","13411.4","3150",,,"640","160","40.04",,"3.1","7.04",,"5","63.66","31.34","4000"
"2688","228",,"33.75","99.65",,"-2.1","567.12","cold/snow","Montane Grasslands & Shrublands","restoration","active restoration","0","20",,,"grassland",,"Elymus nutans, Poa crymophila, Kobresia humilis","2021","bulk soil",,"1340","40","570","20","13346.5","11546.5","1800",,,"560","130","31.87",,"2.5","6.83",,"3.79","57.08","39.13","4000"
"2689","228",,"33.75","99.65",,"-2.1","567.12","cold/snow","Montane Grasslands & Shrublands","restoration","active restoration","0","20",,,"grassland",,"Elymus nutans, Poa crymophila, Kobresia humilis","2021","bulk soil",,"1670","70","700","30","17281.4","14131.4","3150",,,"690","120","36.94",,"2.92","6.77",,"5.83","69.23","24.94","4000"
"2690","228",,"33.75","99.65",,"-2.1","567.12","cold/snow","Montane Grasslands & Shrublands","restoration","active restoration","0","20",,,"grassland",,"Elymus nutans, Poa crymophila, Kobresia humilis","2021","bulk soil",,"2510","80","1360","50","25163","21563","3600",,,"1350","160","55.25",,"4.27","6.24",,"4.63","57.43","37.94","4000"
"2691","228",,"33.75","99.65",,"-2.1","567.12","cold/snow","Montane Grasslands & Shrublands","restoration","active restoration","0","20",,,"grassland",,"Elymus nutans, Poa crymophila, Kobresia humilis","2021","bulk soil",,"2560","90","1360","60","25934.7","21884.7","4050",,,"1910","210","76.64",,"5.83","6.22",,"4.71","69.16","26.13","4000"
"2692","228",,"33.75","99.65",,"-2.1","567.12","cold/snow","Montane Grasslands & Shrublands","restoration","active restoration","0","20",,,"grassland",,"Elymus nutans, Poa crymophila, Kobresia humilis","2021","bulk soil",,"2630","100","1450","60","26886.3","22386.3","4500",,,"2450","330","76.79",,"5.53","6.02",,"4.86","67.94","27.2","4000"
"2693","190",,"51.759","-0.373",,"9.61","674.78","temperate","Temperate Broadleaf & Mixed Forests","amendment","FYM","0","23",,"Chromic Luvisols","cropland",,"Triticum aestivum","2022","bulk soil",,,,,,"10130.143071","5804.342324","4325.800747",,,"727.94",,"28.39333",,,"7.3",,"25","50","25",
"2694","190",,"51.759","-0.373",,"9.61","674.78","temperate","Temperate Broadleaf & Mixed Forests","amendment","FYM","0","23",,"Chromic Luvisols","cropland",,"Triticum aestivum","2022","bulk soil",,,,,,"9726.333239","5615.008863","4111.324376",,,"773.47",,"28.59813",,,"7.34",,"25","50","25",
"2695","190",,"51.759","-0.373",,"9.61","674.78","temperate","Temperate Broadleaf & Mixed Forests","amendment","FYM","0","23",,"Chromic Luvisols","cropland",,"Triticum aestivum","2022","bulk soil",,,,,,"8783.947634","5161.262891","3622.684743",,,"715.36",,"28.28571",,,"7.29",,"25","50","25",
"2696","190",,"51.759","-0.373",,"9.61","674.78","temperate","Temperate Broadleaf & Mixed Forests","amendment","FYM","0","23",,"Chromic Luvisols","cropland",,"Triticum aestivum","2022","bulk soil",,,,,,"8566.936685","5087.85799","3479.078695",,,"726.82",,"29.18564",,,"7.27",,"25","50","25",
"2697","190",,"51.759","-0.373",,"9.61","674.78","temperate","Temperate Broadleaf & Mixed Forests","amendment","NPK","0","23",,"Chromic Luvisols","cropland",,"Triticum aestivum","2022","bulk soil",,,,,,"4506.682016","3477.089166","1029.59285",,,"421.24",,"14.28087",,,"6.32",,"25","50","25",
"2698","190",,"51.759","-0.373",,"9.61","674.78","temperate","Temperate Broadleaf & Mixed Forests","amendment","NPK","0","23",,"Chromic Luvisols","cropland",,"Triticum aestivum","2022","bulk soil",,,,,,"5432.231125","4194.408775","1237.82235",,,"397.52",,"13.46331",,,"6.36",,"25","50","25",
"2699","190",,"51.759","-0.373",,"9.61","674.78","temperate","Temperate Broadleaf & Mixed Forests","amendment","NPK","0","23",,"Chromic Luvisols","cropland",,"Triticum aestivum","2022","bulk soil",,,,,,"4388.966125","3359.69212","1029.274005",,,"390.6",,"13.41696",,,"6.38",,"25","50","25",
"2700","190",,"51.759","-0.373",,"9.61","674.78","temperate","Temperate Broadleaf & Mixed Forests","amendment","NPK","0","23",,"Chromic Luvisols","cropland",,"Triticum aestivum","2022","bulk soil",,,,,,"4181.604606","3184.681529","996.923077",,,"411.29",,"14.55253",,,"6.22",,"25","50","25",
"2701","190",,"51.759","-0.373",,"9.61","674.78","temperate","Temperate Broadleaf & Mixed Forests","amendment","NIL","0","23",,"Chromic Luvisols","cropland",,"Triticum aestivum","2022","bulk soil",,,,,,"3558.776695","2806.454714","752.321981",,,"330.71",,"12.03404",,,"7.59",,"25","50","25",
"2702","190",,"51.759","-0.373",,"9.61","674.78","temperate","Temperate Broadleaf & Mixed Forests","amendment","NIL","0","23",,"Chromic Luvisols","cropland",,"Triticum aestivum","2022","bulk soil",,,,,,"3548.631163","2772.341285","776.289878",,,"324.06",,"10.34483",,,"7.62",,"25","50","25",
"2703","190",,"51.759","-0.373",,"9.61","674.78","temperate","Temperate Broadleaf & Mixed Forests","amendment","NIL","0","23",,"Chromic Luvisols","cropland",,"Triticum aestivum","2022","bulk soil",,,,,,"3547.020411","2778.536033","768.484378",,,"371.43",,"10.93168",,,"7.65",,"25","50","25",
"2704","190",,"51.759","-0.373",,"9.61","674.78","temperate","Temperate Broadleaf & Mixed Forests","amendment","NIL","0","23",,"Chromic Luvisols","cropland",,"Triticum aestivum","2022","bulk soil",,,,,,"3464.953494","2691.650847","773.302647",,,"365.69",,"10.88048",,,"7.6",,"25","50","25",
"2705","191",,"28.25","116.917",,"19.68","1752.22","temperate","Temperate Broadleaf & Mixed Forests","amendment","Control","0","20",,"Cambisols","cropland",,"Peanut","2017_to_2020","bulk soil",,,,,,"3920","2900","1020",,,,,"8.79",,"0.8","4.72",,"36.3","42.5","21.2",
"2706","191",,"28.25","116.917",,"19.68","1752.22","temperate","Temperate Broadleaf & Mixed Forests","amendment","Control","0","20",,"Cambisols","cropland",,"Peanut","2017_to_2020","bulk soil",,,,,,"4380","3400","980",,,,,"8.41",,"0.76","4.74",,"36.3","42.5","21.2",
"2707","191",,"28.25","116.917",,"19.68","1752.22","temperate","Temperate Broadleaf & Mixed Forests","amendment","Control","0","20",,"Cambisols","cropland",,"Peanut","2017_to_2020","bulk soil",,,,,,"3880","2980","900",,,,,"8.34",,"0.74","4.68",,"36.3","42.5","21.2",
"2708","191",,"28.25","116.917",,"19.68","1752.22","temperate","Temperate Broadleaf & Mixed Forests","amendment","NPK: NPK kg/ha: 120,32.8,62.5 ; manure t/ha: 0","0","20",,"Cambisols","cropland",,"Peanut","2017_to_2020","bulk soil",,,,,,"4860","3540","1320",,,,,"10.33",,"0.96","4.95",,"36.3","42.5","21.2",
"2709","191",,"28.25","116.917",,"19.68","1752.22","temperate","Temperate Broadleaf & Mixed Forests","amendment","NPK: NPK kg/ha: 120,32.8,62.5 ; manure t/ha: 0","0","20",,"Cambisols","cropland",,"Peanut","2017_to_2020","bulk soil",,,,,,"5110","3870","1240",,,,,"10.23",,"0.95","4.9",,"36.3","42.5","21.2",
"2710","191",,"28.25","116.917",,"19.68","1752.22","temperate","Temperate Broadleaf & Mixed Forests","amendment","NPK: NPK kg/ha: 120,32.8,62.5 ; manure t/ha: 0","0","20",,"Cambisols","cropland",,"Peanut","2017_to_2020","bulk soil",,,,,,"4700","3530","1170",,,,,"10.15",,"0.95","4.85",,"36.3","42.5","21.2",
"2711","191",,"28.25","116.917",,"19.68","1752.22","temperate","Temperate Broadleaf & Mixed Forests","amendment","NPKM: NPK kg/ha: 84,32.8,62.5 ; manure t/ha: 7.2","0","20",,"Cambisols","cropland",,"Peanut","2017_to_2020","bulk soil",,,,,,"5560","4040","1520",,,,,"10.9",,"1.05","4.96",,"36.3","42.5","21.2",
"2712","191",,"28.25","116.917",,"19.68","1752.22","temperate","Temperate Broadleaf & Mixed Forests","amendment","NPKM: NPK kg/ha: 84,32.8,62.5 ; manure t/ha: 7.2","0","20",,"Cambisols","cropland",,"Peanut","2017_to_2020","bulk soil",,,,,,"6180","4770","1410",,,,,"10.73",,"1.04","4.99",,"36.3","42.5","21.2",
"2713","191",,"28.25","116.917",,"19.68","1752.22","temperate","Temperate Broadleaf & Mixed Forests","amendment","NPKM: NPK kg/ha: 84,32.8,62.5 ; manure t/ha: 7.2","0","20",,"Cambisols","cropland",,"Peanut","2017_to_2020","bulk soil",,,,,,"5480","4210","1270",,,,,"10.71",,"1.03","5.07",,"36.3","42.5","21.2",
"2714","191",,"28.583","116.283",,"17.95","1601.27","temperate","Temperate Broadleaf & Mixed Forests","amendment","Control","0","20",,"Cambisols","cropland",,"Maize","2017_to_2020","bulk soil",,,,,,"4630","3160","1470",,,,,"7.73",,"0.75","4.97",,"34","52.7","13.3",
"2715","191",,"28.583","116.283",,"17.95","1601.27","temperate","Temperate Broadleaf & Mixed Forests","amendment","Control","0","20",,"Cambisols","cropland",,"Maize","2017_to_2020","bulk soil",,,,,,"5190","3840","1350",,,,,"7.69",,"0.71","4.92",,"34","52.7","13.3",
"2716","191",,"28.583","116.283",,"17.95","1601.27","temperate","Temperate Broadleaf & Mixed Forests","amendment","Control","0","20",,"Cambisols","cropland",,"Maize","2017_to_2020","bulk soil",,,,,,"4560","3370","1190",,,,,"7.68",,"0.71","4.86",,"34","52.7","13.3",
"2717","191",,"28.583","116.283",,"17.95","1601.27","temperate","Temperate Broadleaf & Mixed Forests","amendment","NPK: NPK kg/ha: 120,26.2,100 ; manure t/ha: 0","0","20",,"Cambisols","cropland",,"Maize","2017_to_2020","bulk soil",,,,,,"5440","3720","1720",,,,,"9.26",,"0.89","4.67",,"34","52.7","13.3",
"2718","191",,"28.583","116.283",,"17.95","1601.27","temperate","Temperate Broadleaf & Mixed Forests","amendment","NPK: NPK kg/ha: 120,26.2,100 ; manure t/ha: 0","0","20",,"Cambisols","cropland",,"Maize","2017_to_2020","bulk soil",,,,,,"6010","4430","1580",,,,,"9.17",,"0.89","4.72",,"34","52.7","13.3",
"2719","191",,"28.583","116.283",,"17.95","1601.27","temperate","Temperate Broadleaf & Mixed Forests","amendment","NPK: NPK kg/ha: 120,26.2,100 ; manure t/ha: 0","0","20",,"Cambisols","cropland",,"Maize","2017_to_2020","bulk soil",,,,,,"5320","3930","1390",,,,,"8.99",,"0.87","4.73",,"34","52.7","13.3",
"2720","191",,"28.583","116.283",,"17.95","1601.27","temperate","Temperate Broadleaf & Mixed Forests","amendment","NPKM: NPK kg/ha: 120,26.2,100 ; manure t/ha: 15","0","20",,"Cambisols","cropland",,"Maize","2017_to_2020","bulk soil",,,,,,"7670","5380","2290",,,,,"15.65",,"1.64","5.9",,"34","52.7","13.3",
"2721","191",,"28.583","116.283",,"17.95","1601.27","temperate","Temperate Broadleaf & Mixed Forests","amendment","NPKM: NPK kg/ha: 120,26.2,100 ; manure t/ha: 15","0","20",,"Cambisols","cropland",,"Maize","2017_to_2020","bulk soil",,,,,,"8590","6380","2210",,,,,"15.27",,"1.63","5.85",,"34","52.7","13.3",
"2722","191",,"28.583","116.283",,"17.95","1601.27","temperate","Temperate Broadleaf & Mixed Forests","amendment","NPKM: NPK kg/ha: 120,26.2,100 ; manure t/ha: 15","0","20",,"Cambisols","cropland",,"Maize","2017_to_2020","bulk soil",,,,,,"7740","5750","1990",,,,,"14.59",,"1.6","5.94",,"34","52.7","13.3",
"2723","191",,"26.75","111.867",,"17.74","1433.99","temperate","Tropical & Subtropical Moist Broadleaf Forests","amendment","Control","0","20",,"Cambisols","cropland",,"Maize-wheat rotation","2017_to_2020","bulk soil",,,,,,"3490","2240","1250",,,,,"8.37",,"0.82","5.42",,"46.4","33.7","19.9",
"2724","191",,"26.75","111.867",,"17.74","1433.99","temperate","Tropical & Subtropical Moist Broadleaf Forests","amendment","Control","0","20",,"Cambisols","cropland",,"Maize-wheat rotation","2017_to_2020","bulk soil",,,,,,"3690","2530","1160",,,,,"8.34",,"0.82","5.34",,"46.4","33.7","19.9",
"2725","191",,"26.75","111.867",,"17.74","1433.99","temperate","Tropical & Subtropical Moist Broadleaf Forests","amendment","Control","0","20",,"Cambisols","cropland",,"Maize-wheat rotation","2017_to_2020","bulk soil",,,,,,"3870","2860","1010",,,,,"8.07",,"0.8","5.4",,"46.4","33.7","19.9",
"2726","191",,"26.75","111.867",,"17.74","1433.99","temperate","Tropical & Subtropical Moist Broadleaf Forests","amendment","NPK: NPK kg/ha: 300,52.4,100 ; manure t/ha: 0","0","20",,"Cambisols","cropland",,"Maize-wheat rotation","2017_to_2020","bulk soil",,,,,,"5030","3440","1590",,,,,"12.06",,"1.16","4.21",,"46.4","33.7","19.9",
"2727","191",,"26.75","111.867",,"17.74","1433.99","temperate","Tropical & Subtropical Moist Broadleaf Forests","amendment","NPK: NPK kg/ha: 300,52.4,100 ; manure t/ha: 0","0","20",,"Cambisols","cropland",,"Maize-wheat rotation","2017_to_2020","bulk soil",,,,,,"4880","3440","1440",,,,,"11.82",,"1.15","4.23",,"46.4","33.7","19.9",
"2728","191",,"26.75","111.867",,"17.74","1433.99","temperate","Tropical & Subtropical Moist Broadleaf Forests","amendment","NPK: NPK kg/ha: 300,52.4,100 ; manure t/ha: 0","0","20",,"Cambisols","cropland",,"Maize-wheat rotation","2017_to_2020","bulk soil",,,,,,"4700","3420","1280",,,,,"11.64",,"1.14","4.17",,"46.4","33.7","19.9",
"2729","191",,"26.75","111.867",,"17.74","1433.99","temperate","Tropical & Subtropical Moist Broadleaf Forests","amendment","NPKM: NPK kg/ha: 90,52.4,100 ; manure t/ha: 42","0","20",,"Cambisols","cropland",,"Maize-wheat rotation","2017_to_2020","bulk soil",,,,,,"9430","7140","2290",,,,,"18.37",,"1.96","6.08",,"46.4","33.7","19.9",
"2730","191",,"26.75","111.867",,"17.74","1433.99","temperate","Tropical & Subtropical Moist Broadleaf Forests","amendment","NPKM: NPK kg/ha: 90,52.4,100 ; manure t/ha: 42","0","20",,"Cambisols","cropland",,"Maize-wheat rotation","2017_to_2020","bulk soil",,,,,,"9410","7280","2130",,,,,"18.29",,"1.95","6.1",,"46.4","33.7","19.9",
"2731","191",,"26.75","111.867",,"17.74","1433.99","temperate","Tropical & Subtropical Moist Broadleaf Forests","amendment","NPKM: NPK kg/ha: 90,52.4,100 ; manure t/ha: 42","0","20",,"Cambisols","cropland",,"Maize-wheat rotation","2017_to_2020","bulk soil",,,,,,"8970","7120","1850",,,,,"18.04",,"1.95","6.16",,"46.4","33.7","19.9",
"2732","191",,"40.8","123.55",,"6.3","922.42","cold/snow","Temperate Broadleaf & Mixed Forests","amendment","Control","0","20",,"Alisols","cropland",,"Maize-maize-soybean rotation","2017_to_2020","bulk soil",,,,,,"6120","4970","1150",,,,,"9",,"0.89","6.04",,"23","29","48",
"2733","191",,"40.8","123.55",,"6.3","922.42","cold/snow","Temperate Broadleaf & Mixed Forests","amendment","Control","0","20",,"Alisols","cropland",,"Maize-maize-soybean rotation","2017_to_2020","bulk soil",,,,,,"6460","5480","980",,,,,"9",,"0.84","6.01",,"23","29","48",
"2734","191",,"40.8","123.55",,"6.3","922.42","cold/snow","Temperate Broadleaf & Mixed Forests","amendment","Control","0","20",,"Alisols","cropland",,"Maize-maize-soybean rotation","2017_to_2020","bulk soil",,,,,,"6000","5160","840",,,,,"8.97",,"0.72","6.02",,"23","29","48",
"2735","191",,"40.8","123.55",,"6.3","922.42","cold/snow","Temperate Broadleaf & Mixed Forests","amendment","NPK: NPK kg/ha: 120,26.2,50 ; manure t/ha: 0","0","20",,"Alisols","cropland",,"Maize-maize-soybean rotation","2017_to_2020","bulk soil",,,,,,"6180","4970","1210",,,,,"9.67",,"1.03","5.32",,"23","29","48",
"2736","191",,"40.8","123.55",,"6.3","922.42","cold/snow","Temperate Broadleaf & Mixed Forests","amendment","NPK: NPK kg/ha: 120,26.2,50 ; manure t/ha: 0","0","20",,"Alisols","cropland",,"Maize-maize-soybean rotation","2017_to_2020","bulk soil",,,,,,"6570","5490","1080",,,,,"9.54",,"1","5.28",,"23","29","48",
"2737","191",,"40.8","123.55",,"6.3","922.42","cold/snow","Temperate Broadleaf & Mixed Forests","amendment","NPK: NPK kg/ha: 120,26.2,50 ; manure t/ha: 0","0","20",,"Alisols","cropland",,"Maize-maize-soybean rotation","2017_to_2020","bulk soil",,,,,,"6260","5330","930",,,,,"9.47",,"0.96","5.23",,"23","29","48",
"2738","191",,"40.8","123.55",,"6.3","922.42","cold/snow","Temperate Broadleaf & Mixed Forests","amendment","NPKM: NPK kg/ha: 120,26.2,50 ; manure t/ha: 27","0","20",,"Alisols","cropland",,"Maize-maize-soybean rotation","2017_to_2020","bulk soil",,,,,,"7180","5600","1580",,,,,"12.43",,"1.36","5.54",,"23","29","48",
"2739","191",,"40.8","123.55",,"6.3","922.42","cold/snow","Temperate Broadleaf & Mixed Forests","amendment","NPKM: NPK kg/ha: 120,26.2,50 ; manure t/ha: 27","0","20",,"Alisols","cropland",,"Maize-maize-soybean rotation","2017_to_2020","bulk soil",,,,,,"7490","6080","1410",,,,,"12.27",,"1.33","5.58",,"23","29","48",
"2740","191",,"40.8","123.55",,"6.3","922.42","cold/snow","Temperate Broadleaf & Mixed Forests","amendment","NPKM: NPK kg/ha: 120,26.2,50 ; manure t/ha: 27","0","20",,"Alisols","cropland",,"Maize-maize-soybean rotation","2017_to_2020","bulk soil",,,,,,"6900","5710","1190",,,,,"12.04",,"1.31","5.6",,"23","29","48",
"2741","191",,"43.5","124.8",,"5.62","637.32","cold/snow","Temperate Broadleaf & Mixed Forests","amendment","Control","0","20",,"Phaeozem","cropland",,"Maize under monoculture","2017_to_2020","bulk soil",,,,,,"4850","3440","1410",,,,,"15.14",,"1.34","7.58",,"30.3","29.7","40",
"2742","191",,"43.5","124.8",,"5.62","637.32","cold/snow","Temperate Broadleaf & Mixed Forests","amendment","Control","0","20",,"Phaeozem","cropland",,"Maize under monoculture","2017_to_2020","bulk soil",,,,,,"4760","3530","1230",,,,,"14.73",,"1.22","7.6",,"30.3","29.7","40",
"2743","191",,"43.5","124.8",,"5.62","637.32","cold/snow","Temperate Broadleaf & Mixed Forests","amendment","Control","0","20",,"Phaeozem","cropland",,"Maize under monoculture","2017_to_2020","bulk soil",,,,,,"4670","3620","1050",,,,,"14.31",,"1.2","7.63",,"30.3","29.7","40",
"2744","191",,"43.5","124.8",,"5.62","637.32","cold/snow","Temperate Broadleaf & Mixed Forests","amendment","NPK: NPK kg/ha: 165,36,68.8 ; manure t/ha: 0","0","20",,"Phaeozem","cropland",,"Maize under monoculture","2017_to_2020","bulk soil",,,,,,"5270","3570","1700",,,,,"14.12",,"1.21","6.61",,"30.3","29.7","40",
"2745","191",,"43.5","124.8",,"5.62","637.32","cold/snow","Temperate Broadleaf & Mixed Forests","amendment","NPK: NPK kg/ha: 165,36,68.8 ; manure t/ha: 0","0","20",,"Phaeozem","cropland",,"Maize under monoculture","2017_to_2020","bulk soil",,,,,,"5110","3640","1470",,,,,"14.12",,"1.19","6.54",,"30.3","29.7","40",
"2746","191",,"43.5","124.8",,"5.62","637.32","cold/snow","Temperate Broadleaf & Mixed Forests","amendment","NPK: NPK kg/ha: 165,36,68.8 ; manure t/ha: 0","0","20",,"Phaeozem","cropland",,"Maize under monoculture","2017_to_2020","bulk soil",,,,,,"4960","3720","1240",,,,,"14.07",,"1.18","6.48",,"30.3","29.7","40",
"2747","191",,"43.5","124.8",,"5.62","637.32","cold/snow","Temperate Broadleaf & Mixed Forests","amendment","NPKM: NPK kg/ha: 50,36,68.8 ; manure t/ha: 34.5","0","20",,"Phaeozem","cropland",,"Maize under monoculture","2017_to_2020","bulk soil",,,,,,"10400","6400","4000",,,,,"28.71",,"2.87","7.08",,"30.3","29.7","40",
"2748","191",,"43.5","124.8",,"5.62","637.32","cold/snow","Temperate Broadleaf & Mixed Forests","amendment","NPKM: NPK kg/ha: 50,36,68.8 ; manure t/ha: 34.5","0","20",,"Phaeozem","cropland",,"Maize under monoculture","2017_to_2020","bulk soil",,,,,,"10870","7120","3750",,,,,"28.1",,"2.82","7.12",,"30.3","29.7","40",
"2749","191",,"43.5","124.8",,"5.62","637.32","cold/snow","Temperate Broadleaf & Mixed Forests","amendment","NPKM: NPK kg/ha: 50,36,68.8 ; manure t/ha: 34.5","0","20",,"Phaeozem","cropland",,"Maize under monoculture","2017_to_2020","bulk soil",,,,,,"9870","6610","3260",,,,,"28.02",,"2.78","7.13",,"30.3","29.7","40",
"2750","191",,"44.583","87.767",,"6.67","262.86","arid","Deserts & Xeric Shrublands","amendment","Control","0","20",,"Calcisol","cropland",,"Maize-wheat-cotton rotation","2017_to_2020","bulk soil",,,,,,"2610","2000","610",,,,,"7.95",,"0.88","8.37",,"28.3","53.2","18.5",
"2751","191",,"44.583","87.767",,"6.67","262.86","arid","Deserts & Xeric Shrublands","amendment","Control","0","20",,"Calcisol","cropland",,"Maize-wheat-cotton rotation","2017_to_2020","bulk soil",,,,,,"2880","2340","540",,,,,"7.74",,"0.87","8.33",,"28.3","53.2","18.5",
"2752","191",,"44.583","87.767",,"6.67","262.86","arid","Deserts & Xeric Shrublands","amendment","Control","0","20",,"Calcisol","cropland",,"Maize-wheat-cotton rotation","2017_to_2020","bulk soil",,,,,,"2640","2140","500",,,,,"7.72",,"0.87","8.3",,"28.3","53.2","18.5",
"2753","191",,"44.583","87.767",,"6.67","262.86","arid","Deserts & Xeric Shrublands","amendment","NPK: NPK kg/ha: 241.5,60.2,50.4 ; manure t/ha: 0","0","20",,"Calcisol","cropland",,"Maize-wheat-cotton rotation","2017_to_2020","bulk soil",,,,,,"2940","2090","850",,,,,"9.09",,"1.05","7.85",,"28.3","53.2","18.5",
"2754","191",,"44.583","87.767",,"6.67","262.86","arid","Deserts & Xeric Shrublands","amendment","NPK: NPK kg/ha: 241.5,60.2,50.4 ; manure t/ha: 0","0","20",,"Calcisol","cropland",,"Maize-wheat-cotton rotation","2017_to_2020","bulk soil",,,,,,"3140","2380","760",,,,,"9.02",,"1.03","7.8",,"28.3","53.2","18.5",
"2755","191",,"44.583","87.767",,"6.67","262.86","arid","Deserts & Xeric Shrublands","amendment","NPK: NPK kg/ha: 241.5,60.2,50.4 ; manure t/ha: 0","0","20",,"Calcisol","cropland",,"Maize-wheat-cotton rotation","2017_to_2020","bulk soil",,,,,,"2620","1990","630",,,,,"8.99",,"0.99","7.84",,"28.3","53.2","18.5",
"2756","191",,"44.583","87.767",,"6.67","262.86","arid","Deserts & Xeric Shrublands","amendment","NPKM: NPK kg/ha: 84.9,22.4,10.1 ; manure t/ha: 30","0","20",,"Calcisol","cropland",,"Maize-wheat-cotton rotation","2017_to_2020","bulk soil",,,,,,"6540","3400","3140",,,,,"19.52",,"2.15","8.28",,"28.3","53.2","18.5",
"2757","191",,"44.583","87.767",,"6.67","262.86","arid","Deserts & Xeric Shrublands","amendment","NPKM: NPK kg/ha: 84.9,22.4,10.1 ; manure t/ha: 30","0","20",,"Calcisol","cropland",,"Maize-wheat-cotton rotation","2017_to_2020","bulk soil",,,,,,"6950","3980","2970",,,,,"19.39",,"2.07","8.23",,"28.3","53.2","18.5",
"2758","191",,"44.583","87.767",,"6.67","262.86","arid","Deserts & Xeric Shrublands","amendment","NPKM: NPK kg/ha: 84.9,22.4,10.1 ; manure t/ha: 30","0","20",,"Calcisol","cropland",,"Maize-wheat-cotton rotation","2017_to_2020","bulk soil",,,,,,"6420","3810","2610",,,,,"18.04",,"2.04","8.27",,"28.3","53.2","18.5",
"2759","187",,"38.783","110.367",,"7.89","423.94","arid","Montane Grasslands & Shrublands",,"NT","0","20",,"Calcic Cambisol",,,,"2020","bulk soil",,"47.82","3.13","21.18","5.97","531","390.2","140.8",,,,,,,,,,,,,
"2760","187",,"38.783","110.367",,"7.89","423.94","arid","Montane Grasslands & Shrublands",,"NSM","0","20",,"Calcic Cambisol",,,,"2020","bulk soil",,"96.99","5.11","38.55","9.76","1037.3","807.3","230",,,,,,,,,,,,,
"2761","187",,"38.783","110.367",,"7.89","423.94","arid","Montane Grasslands & Shrublands",,"NPM","0","20",,"Calcic Cambisol",,,,"2020","bulk soil",,"70.2","4.31","29.58","7.59","770.4","576.5","193.9",,,,,,,,,,,,,
"2762","187",,"38.783","110.367",,"7.89","423.94","arid","Montane Grasslands & Shrublands",,"NRM","0","20",,"Calcic Cambisol",,,,"2020","bulk soil",,"63.53","4.02","26.82","6.11","701.1","520.2","180.9",,,,,,,,,,,,,
"2763","187",,"38.783","110.367",,"7.89","423.94","arid","Montane Grasslands & Shrublands",,"NT","0","20",,"Calcic Cambisol",,,,"2020","rhizosphere",,"58.55","4.63","22.78","9.62","675.8","467.5","208.3",,,,,,,,,,,,,
"2764","187",,"38.783","110.367",,"7.89","423.94","arid","Montane Grasslands & Shrublands",,"NSM","0","20",,"Calcic Cambisol",,,,"2020","rhizosphere",,"72.27","5.3","31.98","14.53","820.9","582.4","238.5",,,,,,,,,,,,,
"2765","187",,"38.783","110.367",,"7.89","423.94","arid","Montane Grasslands & Shrublands",,"NPM","0","20",,"Calcic Cambisol",,,,"2020","rhizosphere",,"79.69","4.99","31.46","5.38","877.8","653.2","224.6",,,,,,,,,,,,,
"2766","187",,"38.783","110.367",,"7.89","423.94","arid","Montane Grasslands & Shrublands",,"NRM","0","20",,"Calcic Cambisol",,,,"2020","rhizosphere",,"91.91","5.06","30.89","7.59","989.9","762.2","227.7",,,,,,,,,,,,,
"2767","210",,"27.99","120.97",,,,"temperate",,,,"0","4",,,"wetland","coastal wetland",,,"bulk soil",,,,,,"1470","910","560",,,,,,"6.67",,,,"28.37","59.57","12.06",
"2768","210",,"27.99","120.97",,,,"temperate",,,,"4","8",,,"wetland","coastal wetland",,,"bulk soil",,,,,,"1420","1020","400",,,,,,"6.31",,,,"28.3","60.07","11.64",
"2769","210",,"27.99","120.97",,,,"temperate",,,,"8","12",,,"wetland","coastal wetland",,,"bulk soil",,,,,,"1260","1000","260",,,,,,"6.16",,,,"24.1","62.75","13.16",
"2770","210",,"27.99","120.97",,,,"temperate",,,,"12","16",,,"wetland","coastal wetland",,,"bulk soil",,,,,,"1250","1000","250",,,,,,"5.21",,,,"26.33","60.83","12.85",
"2771","210",,"27.99","120.97",,,,"temperate",,,,"16","20",,,"wetland","coastal wetland",,,"bulk soil",,,,,,"1230","950","280",,,,,,"5.54",,,,"30.38","55.96","13.66",
"2772","210",,"27.99","120.97",,,,"temperate",,,,"20","24",,,"wetland","coastal wetland",,,"bulk soil",,,,,,"940","810","130",,,,,,"6.65",,,,"29.18","55.76","15.06",
"2773","210",,"27.99","120.97",,,,"temperate",,,,"24","28",,,"wetland","coastal wetland",,,"bulk soil",,,,,,"1150","990","160",,,,,,"5.04",,,,"26.2","60.1","13.7",
"2774","210",,"27.99","120.97",,,,"temperate",,,,"28","32",,,"wetland","coastal wetland",,,"bulk soil",,,,,,"1220","980","240",,,,,,"6",,,,"24.51","57.42","18.08",
"2775","210",,"27.99","120.97",,,,"temperate",,,,"32","36",,,"wetland","coastal wetland",,,"bulk soil",,,,,,"1030","860","170",,,,,,"4.82",,,,"19.41","55.05","25.54",
"2776","210",,"27.99","120.97",,,,"temperate",,,,"36","40",,,"wetland","coastal wetland",,,"bulk soil",,,,,,"1150","1000","150",,,,,,"4.87",,,,"25.41","57.54","17.05",
"2777","210",,"27.99","120.97",,,,"temperate",,,,"40","44",,,"wetland","coastal wetland",,,"bulk soil",,,,,,"1220","930","290",,,,,,"5.27",,,,"25.37","60","14.63",
"2778","210",,"27.99","120.97",,,,"temperate",,,,"44","48",,,"wetland","coastal wetland",,,"bulk soil",,,,,,"1100","910","190",,,,,,"5.35",,,,"23.75","58.78","17.48",
"2779","210",,"27.99","120.97",,,,"temperate",,,,"48","52",,,"wetland","coastal wetland",,,"bulk soil",,,,,,"1160","960","200",,,,,,"6.31",,,,"31.59","59.88","8.53",
"2780","210",,"27.99","120.97",,,,"temperate",,,,"52","56",,,"wetland","coastal wetland",,,"bulk soil",,,,,,"1060","870","190",,,,,,"3.73",,,,"21.39","58.85","19.76",
"2781","210",,"27.99","120.97",,,,"temperate",,,,"56","60",,,"wetland","coastal wetland",,,"bulk soil",,,,,,"810","630","180",,,,,,"4.61",,,,"17.76","62.12","20.12",
"2782","210",,"27.99","120.97",,,,"temperate",,,,"60","64",,,"wetland","coastal wetland",,,"bulk soil",,,,,,"1090","800","290",,,,,,"4.71",,,,"26.01","59.65","14.35",
"2783","210",,"27.99","120.97",,,,"temperate",,,,"64","68",,,"wetland","coastal wetland",,,"bulk soil",,,,,,"1130","900","230",,,,,,"5.12",,,,"30.65","59.56","9.79",
"2784","210",,"27.99","120.97",,,,"temperate",,,,"68","72",,,"wetland","coastal wetland",,,"bulk soil",,,,,,"1230","1070","160",,,,,,"6.31",,,,"31.21","55.97","12.82",
"2785","210",,"27.99","120.97",,,,"temperate",,,,"72","76",,,"wetland","coastal wetland",,,"bulk soil",,,,,,"1150","1000","150",,,,,,"6.6",,,,"36.47","58.52","5.01",
"2786","210",,"27.99","120.97",,,,"temperate",,,,"76","80",,,"wetland","coastal wetland",,,"bulk soil",,,,,,"1190","1040","150",,,,,,"6.65",,,,"25.95","56.64","17.41",
"2787","210",,"27.99","120.97",,,,"temperate",,,,"80","84",,,"wetland","coastal wetland",,,"bulk soil",,,,,,"1300","990","310",,,,,,"7.01",,,,"32.46","61.28","6.26",
"2788","210",,"27.99","120.97",,,,"temperate",,,,"84","88",,,"wetland","coastal wetland",,,"bulk soil",,,,,,"1470","1140","330",,,,,,"6.96",,,,"31.26","57.91","10.83",
"2789","210",,"27.99","120.97",,,,"temperate",,,,"88","92",,,"wetland","coastal wetland",,,"bulk soil",,,,,,"1390","1160","230",,,,,,"7.11",,,,"32.81","57.98","9.21",
"2790","210",,"27.99","120.97",,,,"temperate",,,,"92","96",,,"wetland","coastal wetland",,,"bulk soil",,,,,,"1330","1220","110",,,,,,"8",,,,"29.99","57.41","12.6",
"2791","210",,"26.6","119.63",,"19.85","1659.72","temperate",,,,"0","4",,,"wetland","coastal wetland",,,"bulk soil",,,,,,"1770","1570","200",,,,,"8.56",,,,,"41.45","54.61","3.95",
"2792","210",,"26.6","119.63",,"19.85","1659.72","temperate",,,,"4","8",,,"wetland","coastal wetland",,,"bulk soil",,,,,,"1890","1620","270",,,,,"8.59",,,,,"34.81","55.45","9.74",
"2793","210",,"26.6","119.63",,"19.85","1659.72","temperate",,,,"8","12",,,"wetland","coastal wetland",,,"bulk soil",,,,,,"2020","1830","190",,,,,"8.82",,,,,"47.06","52.04","0.9",
"2794","210",,"26.6","119.63",,"19.85","1659.72","temperate",,,,"12","16",,,"wetland","coastal wetland",,,"bulk soil",,,,,,"1960","1700","260",,,,,"7.76",,,,,"43.58","50.56","5.87",
"2795","210",,"26.6","119.63",,"19.85","1659.72","temperate",,,,"16","20",,,"wetland","coastal wetland",,,"bulk soil",,,,,,"1860","1590","270",,,,,"8.46",,,,,"40.77","51.69","7.54",
"2796","210",,"26.6","119.63",,"19.85","1659.72","temperate",,,,"20","24",,,"wetland","coastal wetland",,,"bulk soil",,,,,,"1810","1550","260",,,,,"7.76",,,,,"37.15","58.39","4.47",
"2797","210",,"26.6","119.63",,"19.85","1659.72","temperate",,,,"24","28",,,"wetland","coastal wetland",,,"bulk soil",,,,,,"1850","1640","210",,,,,"8.59",,,,,"35.62","60.01","4.37",
"2798","210",,"26.6","119.63",,"19.85","1659.72","temperate",,,,"28","32",,,"wetland","coastal wetland",,,"bulk soil",,,,,,"1770","1500","270",,,,,"8.29",,,,,"36.99","51.13","11.88",
"2799","210",,"26.6","119.63",,"19.85","1659.72","temperate",,,,"32","36",,,"wetland","coastal wetland",,,"bulk soil",,,,,,"1630","1490","140",,,,,"7.68",,,,,"42.69","54.81","2.51",
"2800","210",,"26.6","119.63",,"19.85","1659.72","temperate",,,,"36","40",,,"wetland","coastal wetland",,,"bulk soil",,,,,,"1670","1500","170",,,,,"7.67",,,,,"38.67","54.33","7",
"2801","210",,"26.6","119.63",,"19.85","1659.72","temperate",,,,"40","44",,,"wetland","coastal wetland",,,"bulk soil",,,,,,"1640","1340","300",,,,,"7.85",,,,,"40.08","55.98","3.94",
"2802","210",,"26.6","119.63",,"19.85","1659.72","temperate",,,,"44","48",,,"wetland","coastal wetland",,,"bulk soil",,,,,,"1780","1620","160",,,,,"7.66",,,,,"42.56","55.34","2.1",
"2803","210",,"26.6","119.63",,"19.85","1659.72","temperate",,,,"48","52",,,"wetland","coastal wetland",,,"bulk soil",,,,,,"1710","1560","150",,,,,"7.86",,,,,"40.28","56.07","3.65",
"2804","210",,"26.6","119.63",,"19.85","1659.72","temperate",,,,"52","56",,,"wetland","coastal wetland",,,"bulk soil",,,,,,"1800","1660","140",,,,,"7.47",,,,,"39.87","55.96","4.17",
"2805","210",,"26.6","119.63",,"19.85","1659.72","temperate",,,,"56","60",,,"wetland","coastal wetland",,,"bulk soil",,,,,,"1650","1530","120",,,,,"8.19",,,,,"41.23","56.27","2.49",
"2806","210",,"26.6","119.63",,"19.85","1659.72","temperate",,,,"60","64",,,"wetland","coastal wetland",,,"bulk soil",,,,,,"1930","1780","150",,,,,"7.64",,,,,"39.04","58.68","2.28",
"2807","210",,"26.6","119.63",,"19.85","1659.72","temperate",,,,"64","68",,,"wetland","coastal wetland",,,"bulk soil",,,,,,"2000","1750","250",,,,,"7.37",,,,,"39.85","59.03","1.12",
"2808","210",,"26.6","119.63",,"19.85","1659.72","temperate",,,,"68","72",,,"wetland","coastal wetland",,,"bulk soil",,,,,,"1760","1620","140",,,,,"7.61",,,,,"42.21","51.82","5.98",
"2809","210",,"26.6","119.63",,"19.85","1659.72","temperate",,,,"72","76",,,"wetland","coastal wetland",,,"bulk soil",,,,,,"1930","1770","160",,,,,"7.34",,,,,"41.64","56.35","2.01",
"2810","210",,"26.6","119.63",,"19.85","1659.72","temperate",,,,"76","80",,,"wetland","coastal wetland",,,"bulk soil",,,,,,"1900","1710","190",,,,,"7.42",,,,,"39.91","56.6","3.49",
"2811","210",,"26.6","119.63",,"19.85","1659.72","temperate",,,,"80","84",,,"wetland","coastal wetland",,,"bulk soil",,,,,,"1770","1620","150",,,,,"7.29",,,,,"38.44","57.02","4.54",
"2812","210",,"26.6","119.63",,"19.85","1659.72","temperate",,,,"84","88",,,"wetland","coastal wetland",,,"bulk soil",,,,,,"1760","1600","160",,,,,"7.6",,,,,"39.91","56.82","3.27",
"2813","210",,"26.6","119.63",,"19.85","1659.72","temperate",,,,"88","92",,,"wetland","coastal wetland",,,"bulk soil",,,,,,"1570","1420","150",,,,,"7.87",,,,,"39.74","56.86","3.41",
"2814","210",,"26.6","119.63",,"19.85","1659.72","temperate",,,,"92","96",,,"wetland","coastal wetland",,,"bulk soil",,,,,,"1740","1610","130",,,,,"7.51",,,,,"37.58","52.83","9.59",
"2815","210",,"26.6","119.63",,"19.85","1659.72","temperate",,,,"96","100",,,"wetland","coastal wetland",,,"bulk soil",,,,,,"1810","1650","160",,,,,"7.35",,,,,"40.19","56.89","2.92",
"2816","210",,"26.1","119.64",,,,"temperate",,,,"0","5",,,"wetland","coastal wetland",,,"bulk soil",,,,,,"1598.576","1210.9637","387.6123",,,,,"7.06674",,,,,"17.258","50.521","32.222",
"2817","210",,"26.1","119.64",,,,"temperate",,,,"5","10",,,"wetland","coastal wetland",,,"bulk soil",,,,,,"718.4806","588.6518","129.8288",,,,,"4.6006064",,,,,"7.336","53.191","39.473",
"2818","210",,"26.1","119.64",,,,"temperate",,,,"10","15",,,"wetland","coastal wetland",,,"bulk soil",,,,,,"615.8151","532.7484","83.0667",,,,,"4.1670156",,,,,"7.779","50.332","41.889",
"2819","210",,"26.1","119.64",,,,"temperate",,,,"15","20",,,"wetland","coastal wetland",,,"bulk soil",,,,,,"896.69","804.1147","92.5753",,,,,"4.6673455",,,,,"7.539","50.022","42.439",
"2820","210",,"26.1","119.64",,,,"temperate",,,,"20","25",,,"wetland","coastal wetland",,,"bulk soil",,,,,,"830.3802","750.4513","79.9289",,,,,"3.4894674",,,,,"14.943","52.293","32.764",
"2821","210",,"26.1","119.64",,,,"temperate",,,,"25","30",,,"wetland","coastal wetland",,,"bulk soil",,,,,,"775.9097","696.7546","79.1551",,,,,"4.1791071",,,,,"8.068","47.358","44.573",
"2822","210",,"26.1","119.64",,,,"temperate",,,,"30","35",,,"wetland","coastal wetland",,,"bulk soil",,,,,,"939.4663","839.1912","100.2751",,,,,"3.8708072",,,,,"6.944","39.494","53.562",
"2823","210",,"26.1","119.64",,,,"temperate",,,,"35","40",,,"wetland","coastal wetland",,,"bulk soil",,,,,,"823.4018","725.687","97.7148",,,,,"3.4957479",,,,,"10.134","43.404","46.462",
"2824","210",,"26.1","119.64",,,,"temperate",,,,"40","45",,,"wetland","coastal wetland",,,"bulk soil",,,,,,"1042.1148","905.6243","136.4905",,,,,"4.4218099",,,,,"10.211","43.013","46.776",
"2825","210",,"26.1","119.64",,,,"temperate",,,,"45","50",,,"wetland","coastal wetland",,,"bulk soil",,,,,,"1431.0435","1269.767","161.2765",,,,,"5.6908997",,,,,"14.388","42.221","43.39",
"2826","210",,"26.1","119.64",,,,"temperate",,,,"50","55",,,"wetland","coastal wetland",,,"bulk soil",,,,,,"1271.9578","1027.098","244.8598",,,,,"4.738558",,,,,"14.982","41.821","43.197",
"2827","210",,"26.1","119.64",,,,"temperate",,,,"55","60",,,"wetland","coastal wetland",,,"bulk soil",,,,,,"364.6026","337.8374","26.7652",,,,,"0.8251948",,,,,"6.841","17.569","75.59",
"2828","210",,"26.1","119.64",,,,"temperate",,,,"60","65",,,"wetland","coastal wetland",,,"bulk soil",,,,,,"494.0178","459.7234","34.2944",,,,,"1.4415078",,,,,"8.74","20.538","70.723",
"2829","210",,"26.1","119.64",,,,"temperate",,,,"65","70",,,"wetland","coastal wetland",,,"bulk soil",,,,,,"581.0113","535.0798","45.9315",,,,,"1.8636483",,,,,"10.973","25.276","63.752",
"2830","210",,"26.1","119.64",,,,"temperate",,,,"70","75",,,"wetland","coastal wetland",,,"bulk soil",,,,,,"1268.4732","1193.8364","74.6368",,,,,"5.2375473",,,,,"15.243","37.973","46.784",
"2831","210",,"26.1","119.64",,,,"temperate",,,,"75","80",,,"wetland","coastal wetland",,,"bulk soil",,,,,,"1520.5538","1427.5463","93.0075",,,,,"6.337253",,,,,"15.358","44.891","39.751",
"2832","210",,"26.1","119.64",,,,"temperate",,,,"80","85",,,"wetland","coastal wetland",,,"bulk soil",,,,,,"2169.6249","1994.017","175.6079",,,,,"9.4064251",,,,,"32.01","46.978","21.012",
"2833","210",,"26.1","119.64",,,,"temperate",,,,"85","90",,,"wetland","coastal wetland",,,"bulk soil",,,,,,"2598.3323","2359.6281","238.7042",,,,,"11.494635",,,,,"26.748","59.869","13.384",
"2834","210",,"26.1","119.64",,,,"temperate",,,,"90","95",,,"wetland","coastal wetland",,,"bulk soil",,,,,,"2461.7849","2236.2644","225.5205",,,,,"10.596228",,,,,"31.674","56.814","11.513",
"2835","210",,"26.1","119.64",,,,"temperate",,,,"95","100",,,"wetland","coastal wetland",,,"bulk soil",,,,,,"2268.196","2067.5401","200.6559",,,,,"10.055116",,,,,"28.207","61.119","10.674",
"2836","214",,,,,,,,,"amendment","control",,,,,,,,,,,"101.29","5.35","53.1","2.11","1083.6","842.9","240.7",,,,,"6.54",,"1.01","7.62",,,,,
"2837","214",,,,,,,,,"amendment","black",,,,,,,,,,,"101.37","3.1","48.15","2.12","1012","872.5","139.5",,,,,"5.67",,"0.98","7.58",,,,,
"2838","214",,,,,,,,,"amendment","black+shed",,,,,,,,,,,"96.33","3.28","46.88","3.04","972.5","824.9","147.6",,,,,"6.14",,"0.93","7.76",,,,,
"2839","214",,,,,,,,,"amendment","white",,,,,,,,,,,"120.74","3.6","53.3","3.36","1202.4","1040.4","162",,,,,"6.97",,"0.86","7.58",,,,,
"2840","214",,,,,,,,,"amendment","white+shed",,,,,,,,,,,"105.3","4.11","53.72","2.59","1079.9","894.9","185",,,,,"6.12",,"0.98","7.69",,,,,
"2841","198",,"39.15","-86.517",,"12.18","1142.89","temperate","Temperate Broadleaf & Mixed Forests","vegetation; amendment","AM+N","0","15",,"Dystric Leptic Cambisols","forest",,"Acer saccharum, Liriodendron tulipifera, Sassafras albidum","2022","MAOM",,"191","15",,,"2201.4","1526.4","675",,,,,,,,,,,,,
"2842","198",,"39.15","-86.517",,"12.18","1142.89","temperate","Temperate Broadleaf & Mixed Forests","vegetation; amendment","AM+N","15","30",,"Dystric Leptic Cambisols","forest",,"Acer saccharum, Liriodendron tulipifera, Sassafras albidum","2022","MAOM",,"148","16",,,"1846.6","1126.6","720",,,,,,,,,,,,,
"2843","198",,"39.15","-86.517",,"12.18","1142.89","temperate","Temperate Broadleaf & Mixed Forests","vegetation; amendment","AM+N","0","15",,"Dystric Leptic Cambisols","forest",,"Acer saccharum, Liriodendron tulipifera, Sassafras albidum","2022","MAOM",,"196","21",,,"2439.4","1494.4","945",,,,,,,,,,,,,
"2844","198",,"39.15","-86.517",,"12.18","1142.89","temperate","Temperate Broadleaf & Mixed Forests","vegetation; amendment","AM+N","15","30",,"Dystric Leptic Cambisols","forest",,"Acer saccharum, Liriodendron tulipifera, Sassafras albidum","2022","MAOM",,"83","8",,,"1004.3","644.3","360",,,,,,,,,,,,,
"2845","198",,"39.15","-86.517",,"12.18","1142.89","temperate","Temperate Broadleaf & Mixed Forests","vegetation; amendment","AM+N","0","15",,"Dystric Leptic Cambisols","forest",,"Acer saccharum, Liriodendron tulipifera, Sassafras albidum","2022","MAOM",,"224","17",,,"2562.8","1797.8","765",,,,,,,,,,,,,
"2846","198",,"39.15","-86.517",,"12.18","1142.89","temperate","Temperate Broadleaf & Mixed Forests","vegetation; amendment","AM+N","15","30",,"Dystric Leptic Cambisols","forest",,"Acer saccharum, Liriodendron tulipifera, Sassafras albidum","2022","MAOM",,"262","19",,,"2969.1","2114.1","855",,,,,,,,,,,,,
"2847","198",,"39.15","-86.517",,"12.18","1142.89","temperate","Temperate Broadleaf & Mixed Forests","vegetation; amendment","AM+N","0","15",,"Dystric Leptic Cambisols","forest",,"Acer saccharum, Liriodendron tulipifera, Sassafras albidum","2022","MAOM",,"344","25",,,"3900.1","2775.1","1125",,,,,,,,,,,,,
"2848","198",,"39.15","-86.517",,"12.18","1142.89","temperate","Temperate Broadleaf & Mixed Forests","vegetation; amendment","AM+N","15","30",,"Dystric Leptic Cambisols","forest",,"Acer saccharum, Liriodendron tulipifera, Sassafras albidum","2022","MAOM",,"228","18",,,"2630.9","1820.9","810",,,,,,,,,,,,,
"2849","198",,"39.15","-86.517",,"12.18","1142.89","temperate","Temperate Broadleaf & Mixed Forests","vegetation; amendment","AM+N","0","15",,"Dystric Leptic Cambisols","forest",,"Acer saccharum, Liriodendron tulipifera, Sassafras albidum","2022","MAOM",,"287","23",,,"3322.7","2287.7","1035",,,,,,,,,,,,,
"2850","198",,"39.15","-86.517",,"12.18","1142.89","temperate","Temperate Broadleaf & Mixed Forests","vegetation; amendment","AM+N","15","30",,"Dystric Leptic Cambisols","forest",,"Acer saccharum, Liriodendron tulipifera, Sassafras albidum","2022","MAOM",,"197","15",,,"2255.4","1580.4","675",,,,,,,,,,,,,
"2851","198",,"39.15","-86.517",,"12.18","1142.89","temperate","Temperate Broadleaf & Mixed Forests","vegetation; amendment","AM+N","0","15",,"Dystric Leptic Cambisols","forest",,"Acer saccharum, Liriodendron tulipifera, Sassafras albidum","2022","MAOM",,"322","22",,,"3605.6","2615.6","990",,,,,,,,,,,,,
"2852","198",,"39.15","-86.517",,"12.18","1142.89","temperate","Temperate Broadleaf & Mixed Forests","vegetation; amendment","AM+N","15","30",,"Dystric Leptic Cambisols","forest",,"Acer saccharum, Liriodendron tulipifera, Sassafras albidum","2022","MAOM",,"167","15",,,"1985.4","1310.4","675",,,,,,,,,,,,,
"2853","198",,"39.15","-86.517",,"12.18","1142.89","temperate","Temperate Broadleaf & Mixed Forests","vegetation; amendment","AM-N","0","15",,"Dystric Leptic Cambisols","forest",,"Acer saccharum, Liriodendron tulipifera, Sassafras albidum","2022","MAOM",,"193","15",,,"2219.4","1544.4","675",,,,,,,,,,,,,
"2854","198",,"39.15","-86.517",,"12.18","1142.89","temperate","Temperate Broadleaf & Mixed Forests","vegetation; amendment","AM-N","15","30",,"Dystric Leptic Cambisols","forest",,"Acer saccharum, Liriodendron tulipifera, Sassafras albidum","2022","MAOM",,"124","9",,,"1405.5","1000.5","405",,,,,,,,,,,,,
"2855","198",,"39.15","-86.517",,"12.18","1142.89","temperate","Temperate Broadleaf & Mixed Forests","vegetation; amendment","AM-N","0","15",,"Dystric Leptic Cambisols","forest",,"Acer saccharum, Liriodendron tulipifera, Sassafras albidum","2022","MAOM",,"490","26",,,"5246.2","4076.2","1170",,,,,,,,,,,,,
"2856","198",,"39.15","-86.517",,"12.18","1142.89","temperate","Temperate Broadleaf & Mixed Forests","vegetation; amendment","AM-N","15","30",,"Dystric Leptic Cambisols","forest",,"Acer saccharum, Liriodendron tulipifera, Sassafras albidum","2022","MAOM",,"258","17",,,"2868.8","2103.8","765",,,,,,,,,,,,,
"2857","198",,"39.15","-86.517",,"12.18","1142.89","temperate","Temperate Broadleaf & Mixed Forests","vegetation; amendment","AM-N","0","15",,"Dystric Leptic Cambisols","forest",,"Acer saccharum, Liriodendron tulipifera, Sassafras albidum","2022","MAOM",,"383","23",,,"4186.7","3151.7","1035",,,,,,,,,,,,,
"2858","198",,"39.15","-86.517",,"12.18","1142.89","temperate","Temperate Broadleaf & Mixed Forests","vegetation; amendment","AM-N","15","30",,"Dystric Leptic Cambisols","forest",,"Acer saccharum, Liriodendron tulipifera, Sassafras albidum","2022","MAOM",,"139","11",,,"1604.8","1109.8","495",,,,,,,,,,,,,
"2859","198",,"39.15","-86.517",,"12.18","1142.89","temperate","Temperate Broadleaf & Mixed Forests","vegetation; amendment","AM-N","0","15",,"Dystric Leptic Cambisols","forest",,"Acer saccharum, Liriodendron tulipifera, Sassafras albidum","2022","MAOM",,"309","24",,,"3552.9","2472.9","1080",,,,,,,,,,,,,
"2860","198",,"39.15","-86.517",,"12.18","1142.89","temperate","Temperate Broadleaf & Mixed Forests","vegetation; amendment","AM-N","15","30",,"Dystric Leptic Cambisols","forest",,"Acer saccharum, Liriodendron tulipifera, Sassafras albidum","2022","MAOM",,"168","15",,,"1994.4","1319.4","675",,,,,,,,,,,,,
"2861","198",,"39.15","-86.517",,"12.18","1142.89","temperate","Temperate Broadleaf & Mixed Forests","vegetation; amendment","AM-N","0","15",,"Dystric Leptic Cambisols","forest",,"Acer saccharum, Liriodendron tulipifera, Sassafras albidum","2022","MAOM",,"327","24",,,"3714.9","2634.9","1080",,,,,,,,,,,,,
"2862","198",,"39.15","-86.517",,"12.18","1142.89","temperate","Temperate Broadleaf & Mixed Forests","vegetation; amendment","AM-N","15","30",,"Dystric Leptic Cambisols","forest",,"Acer saccharum, Liriodendron tulipifera, Sassafras albidum","2022","MAOM",,"127","13",,,"1561.1","976.1","585",,,,,,,,,,,,,
"2863","198",,"39.15","-86.517",,"12.18","1142.89","temperate","Temperate Broadleaf & Mixed Forests","vegetation; amendment","AM-N","0","15",,"Dystric Leptic Cambisols","forest",,"Acer saccharum, Liriodendron tulipifera, Sassafras albidum","2022","MAOM",,"413","28",,,"4617.6","3357.6","1260",,,,,,,,,,,,,
"2864","198",,"39.15","-86.517",,"12.18","1142.89","temperate","Temperate Broadleaf & Mixed Forests","vegetation; amendment","AM-N","15","30",,"Dystric Leptic Cambisols","forest",,"Acer saccharum, Liriodendron tulipifera, Sassafras albidum","2022","MAOM",,"241","20",,,"2812.3","1912.3","900",,,,,,,,,,,,,
"2865","198",,"39.15","-86.517",,"12.18","1142.89","temperate","Temperate Broadleaf & Mixed Forests","vegetation; amendment","ECM+N","0","15",,"Dystric Leptic Cambisols","forest",,"Quercus alba, Fagus grandifolia, Quercus rubra, Carya glabra, Quercus velutina","2022","MAOM",,"240","16",,,"2674.6","1954.6","720",,,,,,,,,,,,,
"2866","198",,"39.15","-86.517",,"12.18","1142.89","temperate","Temperate Broadleaf & Mixed Forests","vegetation; amendment","ECM+N","15","30",,"Dystric Leptic Cambisols","forest",,"Quercus alba, Fagus grandifolia, Quercus rubra, Carya glabra, Quercus velutina","2022","MAOM",,"141","11",,,"1622.8","1127.8","495",,,,,,,,,,,,,
"2867","198",,"39.15","-86.517",,"12.18","1142.89","temperate","Temperate Broadleaf & Mixed Forests","vegetation; amendment","ECM+N","0","15",,"Dystric Leptic Cambisols","forest",,"Quercus alba, Fagus grandifolia, Quercus rubra, Carya glabra, Quercus velutina","2022","MAOM",,"150","10",,,"1671.6","1221.6","450",,,,,,,,,,,,,
"2868","198",,"39.15","-86.517",,"12.18","1142.89","temperate","Temperate Broadleaf & Mixed Forests","vegetation; amendment","ECM+N","15","30",,"Dystric Leptic Cambisols","forest",,"Quercus alba, Fagus grandifolia, Quercus rubra, Carya glabra, Quercus velutina","2022","MAOM",,"73","6",,,"850","580","270",,,,,,,,,,,,,
"2869","198",,"39.15","-86.517",,"12.18","1142.89","temperate","Temperate Broadleaf & Mixed Forests","vegetation; amendment","ECM+N","0","15",,"Dystric Leptic Cambisols","forest",,"Quercus alba, Fagus grandifolia, Quercus rubra, Carya glabra, Quercus velutina","2022","MAOM",,"307","19",,,"3374.1","2519.1","855",,,,,,,,,,,,,
"2870","198",,"39.15","-86.517",,"12.18","1142.89","temperate","Temperate Broadleaf & Mixed Forests","vegetation; amendment","ECM+N","15","30",,"Dystric Leptic Cambisols","forest",,"Quercus alba, Fagus grandifolia, Quercus rubra, Carya glabra, Quercus velutina","2022","MAOM",,"143","11",,,"1640.8","1145.8","495",,,,,,,,,,,,,
"2871","198",,"39.15","-86.517",,"12.18","1142.89","temperate","Temperate Broadleaf & Mixed Forests","vegetation; amendment","ECM+N","0","15",,"Dystric Leptic Cambisols","forest",,"Quercus alba, Fagus grandifolia, Quercus rubra, Carya glabra, Quercus velutina","2022","MAOM",,"239","19",,,"2762.1","1907.1","855",,,,,,,,,,,,,
"2872","198",,"39.15","-86.517",,"12.18","1142.89","temperate","Temperate Broadleaf & Mixed Forests","vegetation; amendment","ECM+N","15","30",,"Dystric Leptic Cambisols","forest",,"Quercus alba, Fagus grandifolia, Quercus rubra, Carya glabra, Quercus velutina","2022","MAOM",,"235","18",,,"2693.9","1883.9","810",,,,,,,,,,,,,
"2873","198",,"39.15","-86.517",,"12.18","1142.89","temperate","Temperate Broadleaf & Mixed Forests","vegetation; amendment","ECM+N","0","15",,"Dystric Leptic Cambisols","forest",,"Quercus alba, Fagus grandifolia, Quercus rubra, Carya glabra, Quercus velutina","2022","MAOM",,"227","17",,,"2589.8","1824.8","765",,,,,,,,,,,,,
"2874","198",,"39.15","-86.517",,"12.18","1142.89","temperate","Temperate Broadleaf & Mixed Forests","vegetation; amendment","ECM+N","15","30",,"Dystric Leptic Cambisols","forest",,"Quercus alba, Fagus grandifolia, Quercus rubra, Carya glabra, Quercus velutina","2022","MAOM",,"127","11",,,"1496.8","1001.8","495",,,,,,,,,,,,,
"2875","198",,"39.15","-86.517",,"12.18","1142.89","temperate","Temperate Broadleaf & Mixed Forests","vegetation; amendment","ECM+N","15","30",,"Dystric Leptic Cambisols","forest",,"Quercus alba, Fagus grandifolia, Quercus rubra, Carya glabra, Quercus velutina","2022","MAOM",,"102","9",,,"1207.5","802.5","405",,,,,,,,,,,,,
"2876","198",,"39.15","-86.517",,"12.18","1142.89","temperate","Temperate Broadleaf & Mixed Forests","vegetation; amendment","ECM-N","0","15",,"Dystric Leptic Cambisols","forest",,"Quercus alba, Fagus grandifolia, Quercus rubra, Carya glabra, Quercus velutina","2022","MAOM",,"190","15",,,"2192.4","1517.4","675",,,,,,,,,,,,,
"2877","198",,"39.15","-86.517",,"12.18","1142.89","temperate","Temperate Broadleaf & Mixed Forests","vegetation; amendment","ECM-N","15","30",,"Dystric Leptic Cambisols","forest",,"Quercus alba, Fagus grandifolia, Quercus rubra, Carya glabra, Quercus velutina","2022","MAOM",,"83","6",,,"940","670","270",,,,,,,,,,,,,
"2878","198",,"39.15","-86.517",,"12.18","1142.89","temperate","Temperate Broadleaf & Mixed Forests","vegetation; amendment","ECM-N","0","15",,"Dystric Leptic Cambisols","forest",,"Quercus alba, Fagus grandifolia, Quercus rubra, Carya glabra, Quercus velutina","2022","MAOM",,"171","16",,,"2053.6","1333.6","720",,,,,,,,,,,,,
"2879","198",,"39.15","-86.517",,"12.18","1142.89","temperate","Temperate Broadleaf & Mixed Forests","vegetation; amendment","ECM-N","15","30",,"Dystric Leptic Cambisols","forest",,"Quercus alba, Fagus grandifolia, Quercus rubra, Carya glabra, Quercus velutina","2022","MAOM",,"122","15",,,"1580.4","905.4","675",,,,,,,,,,,,,
"2880","198",,"39.15","-86.517",,"12.18","1142.89","temperate","Temperate Broadleaf & Mixed Forests","vegetation; amendment","ECM-N","0","15",,"Dystric Leptic Cambisols","forest",,"Quercus alba, Fagus grandifolia, Quercus rubra, Carya glabra, Quercus velutina","2022","MAOM",,"242","16",,,"2692.6","1972.6","720",,,,,,,,,,,,,
"2881","198",,"39.15","-86.517",,"12.18","1142.89","temperate","Temperate Broadleaf & Mixed Forests","vegetation; amendment","ECM-N","0","15",,"Dystric Leptic Cambisols","forest",,"Quercus alba, Fagus grandifolia, Quercus rubra, Carya glabra, Quercus velutina","2022","MAOM",,"176","16",,,"2098.6","1378.6","720",,,,,,,,,,,,,
"2882","198",,"39.15","-86.517",,"12.18","1142.89","temperate","Temperate Broadleaf & Mixed Forests","vegetation; amendment","ECM-N","15","30",,"Dystric Leptic Cambisols","forest",,"Quercus alba, Fagus grandifolia, Quercus rubra, Carya glabra, Quercus velutina","2022","MAOM",,"87","10",,,"1104.6","654.6","450",,,,,,,,,,,,,
"2883","198",,"39.15","-86.517",,"12.18","1142.89","temperate","Temperate Broadleaf & Mixed Forests","vegetation; amendment","ECM-N","0","15",,"Dystric Leptic Cambisols","forest",,"Quercus alba, Fagus grandifolia, Quercus rubra, Carya glabra, Quercus velutina","2022","MAOM",,"247","20",,,"2866.3","1966.3","900",,,,,,,,,,,,,
"2884","198",,"39.15","-86.517",,"12.18","1142.89","temperate","Temperate Broadleaf & Mixed Forests","vegetation; amendment","ECM-N","15","30",,"Dystric Leptic Cambisols","forest",,"Quercus alba, Fagus grandifolia, Quercus rubra, Carya glabra, Quercus velutina","2022","MAOM",,"78","6",,,"895","625","270",,,,,,,,,,,,,
"2885","198",,"39.15","-86.517",,"12.18","1142.89","temperate","Temperate Broadleaf & Mixed Forests","vegetation; amendment","ECM-N","0","15",,"Dystric Leptic Cambisols","forest",,"Quercus alba, Fagus grandifolia, Quercus rubra, Carya glabra, Quercus velutina","2022","MAOM",,"169","17",,,"2067.8","1302.8","765",,,,,,,,,,,,,
"2886","198",,"39.15","-86.517",,"12.18","1142.89","temperate","Temperate Broadleaf & Mixed Forests","vegetation; amendment","ECM-N","15","30",,"Dystric Leptic Cambisols","forest",,"Quercus alba, Fagus grandifolia, Quercus rubra, Carya glabra, Quercus velutina","2022","MAOM",,"115","14",,,"1485.3","855.3","630",,,,,,,,,,,,,
"2887","198",,"39.15","-86.517",,"12.18","1142.89","temperate","Temperate Broadleaf & Mixed Forests","vegetation; amendment","AM-N","0","15",,"Dystric Leptic Cambisols","forest",,"Acer saccharum, Liriodendron tulipifera, Sassafras albidum","2022","MAOM",,"340","21",,,"3735.4","2790.4","945",,,,,,,,,,,,,
"2888","198",,"39.15","-86.517",,"12.18","1142.89","temperate","Temperate Broadleaf & Mixed Forests","vegetation; amendment","AM-N","15","30",,"Dystric Leptic Cambisols","forest",,"Acer saccharum, Liriodendron tulipifera, Sassafras albidum","2022","MAOM",,"151","12",,,"1745","1205","540",,,,,,,,,,,,,
"2889","198",,"39.15","-86.517",,"12.18","1142.89","temperate","Temperate Broadleaf & Mixed Forests","vegetation; amendment","ECM-N","0","15",,"Dystric Leptic Cambisols","forest",,"Quercus alba, Fagus grandifolia, Quercus rubra, Carya glabra, Quercus velutina","2022","MAOM",,"248","16",,,"2746.6","2026.6","720",,,,,,,,,,,,,
"2890","198",,"39.15","-86.517",,"12.18","1142.89","temperate","Temperate Broadleaf & Mixed Forests","vegetation; amendment","ECM-N","0","15",,"Dystric Leptic Cambisols","forest",,"Quercus alba, Fagus grandifolia, Quercus rubra, Carya glabra, Quercus velutina","2022","MAOM",,"256","17",,,"2850.8","2085.8","765",,,,,,,,,,,,,
"2891","198",,"39.15","-86.517",,"12.18","1142.89","temperate","Temperate Broadleaf & Mixed Forests","vegetation; amendment","AM+N","0","15",,"Dystric Leptic Cambisols","forest",,"Acer saccharum, Liriodendron tulipifera, Sassafras albidum","2022","POM",,"4381","132",,,"43674.5","37734.5","5940",,,,,,,,,,,,,
"2892","198",,"39.15","-86.517",,"12.18","1142.89","temperate","Temperate Broadleaf & Mixed Forests","vegetation; amendment","AM+N","15","30",,"Dystric Leptic Cambisols","forest",,"Acer saccharum, Liriodendron tulipifera, Sassafras albidum","2022","POM",,"4346","131",,,"43327.3","37432.3","5895",,,,,,,,,,,,,
"2893","198",,"39.15","-86.517",,"12.18","1142.89","temperate","Temperate Broadleaf & Mixed Forests","vegetation; amendment","AM+N","0","15",,"Dystric Leptic Cambisols","forest",,"Acer saccharum, Liriodendron tulipifera, Sassafras albidum","2022","POM",,"4859","145",,,"48394.6","41869.6","6525",,,,,,,,,,,,,
"2894","198",,"39.15","-86.517",,"12.18","1142.89","temperate","Temperate Broadleaf & Mixed Forests","vegetation; amendment","AM+N","15","30",,"Dystric Leptic Cambisols","forest",,"Acer saccharum, Liriodendron tulipifera, Sassafras albidum","2022","POM",,"6215","192",,,"62110.3","53470.3","8640",,,,,,,,,,,,,
"2895","198",,"39.15","-86.517",,"12.18","1142.89","temperate","Temperate Broadleaf & Mixed Forests","vegetation; amendment","AM+N","0","15",,"Dystric Leptic Cambisols","forest",,"Acer saccharum, Liriodendron tulipifera, Sassafras albidum","2022","POM",,"5490","197",,,"55746.1","46881.1","8865",,,,,,,,,,,,,
"2896","198",,"39.15","-86.517",,"12.18","1142.89","temperate","Temperate Broadleaf & Mixed Forests","vegetation; amendment","AM+N","15","30",,"Dystric Leptic Cambisols","forest",,"Acer saccharum, Liriodendron tulipifera, Sassafras albidum","2022","POM",,"4444","153",,,"44916.9","38031.9","6885",,,,,,,,,,,,,
"2897","198",,"39.15","-86.517",,"12.18","1142.89","temperate","Temperate Broadleaf & Mixed Forests","vegetation; amendment","AM+N","0","15",,"Dystric Leptic Cambisols","forest",,"Acer saccharum, Liriodendron tulipifera, Sassafras albidum","2022","POM",,"4721","137",,,"46895.3","40730.3","6165",,,,,,,,,,,,,
"2898","198",,"39.15","-86.517",,"12.18","1142.89","temperate","Temperate Broadleaf & Mixed Forests","vegetation; amendment","AM+N","15","30",,"Dystric Leptic Cambisols","forest",,"Acer saccharum, Liriodendron tulipifera, Sassafras albidum","2022","POM",,"6673","201",,,"66521.7","57476.7","9045",,,,,,,,,,,,,
"2899","198",,"39.15","-86.517",,"12.18","1142.89","temperate","Temperate Broadleaf & Mixed Forests","vegetation; amendment","AM+N","0","15",,"Dystric Leptic Cambisols","forest",,"Acer saccharum, Liriodendron tulipifera, Sassafras albidum","2022","POM",,"5918","247",,,"61206.2","50091.2","11115",,,,,,,,,,,,,
"2900","198",,"39.15","-86.517",,"12.18","1142.89","temperate","Temperate Broadleaf & Mixed Forests","vegetation; amendment","AM+N","15","30",,"Dystric Leptic Cambisols","forest",,"Acer saccharum, Liriodendron tulipifera, Sassafras albidum","2022","POM",,"7894","269",,,"79697.8","67592.8","12105",,,,,,,,,,,,,
"2901","198",,"39.15","-86.517",,"12.18","1142.89","temperate","Temperate Broadleaf & Mixed Forests","vegetation; amendment","AM+N","0","15",,"Dystric Leptic Cambisols","forest",,"Acer saccharum, Liriodendron tulipifera, Sassafras albidum","2022","POM",,"6308.5","240.5",,,"64511.7","53689.2","10822.5",,,,,,,,,,,,,
"2902","198",,"39.15","-86.517",,"12.18","1142.89","temperate","Temperate Broadleaf & Mixed Forests","vegetation; amendment","AM+N","15","30",,"Dystric Leptic Cambisols","forest",,"Acer saccharum, Liriodendron tulipifera, Sassafras albidum","2022","POM",,"3983","136",,,"40221.2","34101.2","6120",,,,,,,,,,,,,
"2903","198",,"39.15","-86.517",,"12.18","1142.89","temperate","Temperate Broadleaf & Mixed Forests","vegetation; amendment","AM-N","0","15",,"Dystric Leptic Cambisols","forest",,"Acer saccharum, Liriodendron tulipifera, Sassafras albidum","2022","POM",,"6195","225.5",,,"63007.7","52860.2","10147.5",,,,,,,,,,,,,
"2904","198",,"39.15","-86.517",,"12.18","1142.89","temperate","Temperate Broadleaf & Mixed Forests","vegetation; amendment","AM-N","15","30",,"Dystric Leptic Cambisols","forest",,"Acer saccharum, Liriodendron tulipifera, Sassafras albidum","2022","POM",,"7339","198",,,"72419.3","63509.3","8910",,,,,,,,,,,,,
"2905","198",,"39.15","-86.517",,"12.18","1142.89","temperate","Temperate Broadleaf & Mixed Forests","vegetation; amendment","AM-N","0","15",,"Dystric Leptic Cambisols","forest",,"Acer saccharum, Liriodendron tulipifera, Sassafras albidum","2022","POM",,"5566.5","212.5",,,"56933.1","47370.6","9562.5",,,,,,,,,,,,,
"2906","198",,"39.15","-86.517",,"12.18","1142.89","temperate","Temperate Broadleaf & Mixed Forests","vegetation; amendment","AM-N","15","30",,"Dystric Leptic Cambisols","forest",,"Acer saccharum, Liriodendron tulipifera, Sassafras albidum","2022","POM",,"4055","117",,,"40258.1","34993.1","5265",,,,,,,,,,,,,
"2907","198",,"39.15","-86.517",,"12.18","1142.89","temperate","Temperate Broadleaf & Mixed Forests","vegetation; amendment","AM-N","0","15",,"Dystric Leptic Cambisols","forest",,"Acer saccharum, Liriodendron tulipifera, Sassafras albidum","2022","POM",,"5900.5","186",,,"59086.8","50716.8","8370",,,,,,,,,,,,,
"2908","198",,"39.15","-86.517",,"12.18","1142.89","temperate","Temperate Broadleaf & Mixed Forests","vegetation; amendment","AM-N","15","30",,"Dystric Leptic Cambisols","forest",,"Acer saccharum, Liriodendron tulipifera, Sassafras albidum","2022","POM",,"580","206.5",,,"11861.6","2569.1","9292.5",,,,,,,,,,,,,
"2909","198",,"39.15","-86.517",,"12.18","1142.89","temperate","Temperate Broadleaf & Mixed Forests","vegetation; amendment","AM-N","0","15",,"Dystric Leptic Cambisols","forest",,"Acer saccharum, Liriodendron tulipifera, Sassafras albidum","2022","POM",,"4363","129",,,"43416","37611","5805",,,,,,,,,,,,,
"2910","198",,"39.15","-86.517",,"12.18","1142.89","temperate","Temperate Broadleaf & Mixed Forests","vegetation; amendment","AM-N","15","30",,"Dystric Leptic Cambisols","forest",,"Acer saccharum, Liriodendron tulipifera, Sassafras albidum","2022","POM",,"4114","146",,,"41721.8","35151.8","6570",,,,,,,,,,,,,
"2911","198",,"39.15","-86.517",,"12.18","1142.89","temperate","Temperate Broadleaf & Mixed Forests","vegetation; amendment","AM-N","0","15",,"Dystric Leptic Cambisols","forest",,"Acer saccharum, Liriodendron tulipifera, Sassafras albidum","2022","POM",,"4752","163",,,"48010.6","40675.6","7335",,,,,,,,,,,,,
"2912","198",,"39.15","-86.517",,"12.18","1142.89","temperate","Temperate Broadleaf & Mixed Forests","vegetation; amendment","AM-N","15","30",,"Dystric Leptic Cambisols","forest",,"Acer saccharum, Liriodendron tulipifera, Sassafras albidum","2022","POM",,"5464","172",,,"54708","46968","7740",,,,,,,,,,,,,
"2913","198",,"39.15","-86.517",,"12.18","1142.89","temperate","Temperate Broadleaf & Mixed Forests","vegetation; amendment","AM-N","0","15",,"Dystric Leptic Cambisols","forest",,"Acer saccharum, Liriodendron tulipifera, Sassafras albidum","2022","POM",,"6907","225.5",,,"69415.7","59268.2","10147.5",,,,,,,,,,,,,
"2914","198",,"39.15","-86.517",,"12.18","1142.89","temperate","Temperate Broadleaf & Mixed Forests","vegetation; amendment","AM-N","15","30",,"Dystric Leptic Cambisols","forest",,"Acer saccharum, Liriodendron tulipifera, Sassafras albidum","2022","POM",,"4748","167",,,"48103.2","40588.2","7515",,,,,,,,,,,,,
"2915","198",,"39.15","-86.517",,"12.18","1142.89","temperate","Temperate Broadleaf & Mixed Forests","vegetation; amendment","ECM+N","0","15",,"Dystric Leptic Cambisols","forest",,"Quercus alba, Fagus grandifolia, Quercus rubra, Carya glabra, Quercus velutina","2022","POM",,"7859","329",,,"81312.6","66507.6","14805",,,,,,,,,,,,,
"2916","198",,"39.15","-86.517",,"12.18","1142.89","temperate","Temperate Broadleaf & Mixed Forests","vegetation; amendment","ECM+N","15","30",,"Dystric Leptic Cambisols","forest",,"Quercus alba, Fagus grandifolia, Quercus rubra, Carya glabra, Quercus velutina","2022","POM",,"421","203",,,"10318.1","1183.1","9135",,,,,,,,,,,,,
"2917","198",,"39.15","-86.517",,"12.18","1142.89","temperate","Temperate Broadleaf & Mixed Forests","vegetation; amendment","ECM+N","0","15",,"Dystric Leptic Cambisols","forest",,"Quercus alba, Fagus grandifolia, Quercus rubra, Carya glabra, Quercus velutina","2022","POM",,"6297.5","250.5",,,"64734.3","53461.8","11272.5",,,,,,,,,,,,,
"2918","198",,"39.15","-86.517",,"12.18","1142.89","temperate","Temperate Broadleaf & Mixed Forests","vegetation; amendment","ECM+N","15","30",,"Dystric Leptic Cambisols","forest",,"Quercus alba, Fagus grandifolia, Quercus rubra, Carya glabra, Quercus velutina","2022","POM",,"5081","184",,,"51647","43367","8280",,,,,,,,,,,,,
"2919","198",,"39.15","-86.517",,"12.18","1142.89","temperate","Temperate Broadleaf & Mixed Forests","vegetation; amendment","ECM+N","0","15",,"Dystric Leptic Cambisols","forest",,"Quercus alba, Fagus grandifolia, Quercus rubra, Carya glabra, Quercus velutina","2022","POM",,"6179","281",,,"64648.8","52003.8","12645",,,,,,,,,,,,,
"2920","198",,"39.15","-86.517",,"12.18","1142.89","temperate","Temperate Broadleaf & Mixed Forests","vegetation; amendment","ECM+N","15","30",,"Dystric Leptic Cambisols","forest",,"Quercus alba, Fagus grandifolia, Quercus rubra, Carya glabra, Quercus velutina","2022","POM",,"4696.5","207",,,"48926.2","39611.2","9315",,,,,,,,,,,,,
"2921","198",,"39.15","-86.517",,"12.18","1142.89","temperate","Temperate Broadleaf & Mixed Forests","vegetation; amendment","ECM+N","0","15",,"Dystric Leptic Cambisols","forest",,"Quercus alba, Fagus grandifolia, Quercus rubra, Carya glabra, Quercus velutina","2022","POM",,"6295","304",,,"66432.5","52752.5","13680",,,,,,,,,,,,,
"2922","198",,"39.15","-86.517",,"12.18","1142.89","temperate","Temperate Broadleaf & Mixed Forests","vegetation; amendment","ECM+N","15","30",,"Dystric Leptic Cambisols","forest",,"Quercus alba, Fagus grandifolia, Quercus rubra, Carya glabra, Quercus velutina","2022","POM",,"6311","332",,,"67477.1","52537.1","14940",,,,,,,,,,,,,
"2923","198",,"39.15","-86.517",,"12.18","1142.89","temperate","Temperate Broadleaf & Mixed Forests","vegetation; amendment","ECM+N","0","15",,"Dystric Leptic Cambisols","forest",,"Quercus alba, Fagus grandifolia, Quercus rubra, Carya glabra, Quercus velutina","2022","POM",,"6180","266",,,"64175.3","52205.3","11970",,,,,,,,,,,,,
"2924","198",,"39.15","-86.517",,"12.18","1142.89","temperate","Temperate Broadleaf & Mixed Forests","vegetation; amendment","ECM+N","15","30",,"Dystric Leptic Cambisols","forest",,"Quercus alba, Fagus grandifolia, Quercus rubra, Carya glabra, Quercus velutina","2022","POM",,"5329","192",,,"54136.3","45496.3","8640",,,,,,,,,,,,,
"2925","198",,"39.15","-86.517",,"12.18","1142.89","temperate","Temperate Broadleaf & Mixed Forests","vegetation; amendment","ECM+N","0","15",,"Dystric Leptic Cambisols","forest",,"Quercus alba, Fagus grandifolia, Quercus rubra, Carya glabra, Quercus velutina","2022","POM",,"6900","211",,,"68886.4","59391.4","9495",,,,,,,,,,,,,
"2926","198",,"39.15","-86.517",,"12.18","1142.89","temperate","Temperate Broadleaf & Mixed Forests","vegetation; amendment","ECM+N","15","30",,"Dystric Leptic Cambisols","forest",,"Quercus alba, Fagus grandifolia, Quercus rubra, Carya glabra, Quercus velutina","2022","POM",,"4771","155",,,"47924.3","40949.3","6975",,,,,,,,,,,,,
"2927","198",,"39.15","-86.517",,"12.18","1142.89","temperate","Temperate Broadleaf & Mixed Forests","vegetation; amendment","ECM-N","0","15",,"Dystric Leptic Cambisols","forest",,"Quercus alba, Fagus grandifolia, Quercus rubra, Carya glabra, Quercus velutina","2022","POM",,"7153.5","300.5",,,"74046.5","60524","13522.5",,,,,,,,,,,,,
"2928","198",,"39.15","-86.517",,"12.18","1142.89","temperate","Temperate Broadleaf & Mixed Forests","vegetation; amendment","ECM-N","15","30",,"Dystric Leptic Cambisols","forest",,"Quercus alba, Fagus grandifolia, Quercus rubra, Carya glabra, Quercus velutina","2022","POM",,"3411.5","176",,,"36364.2","28444.2","7920",,,,,,,,,,,,,
"2929","198",,"39.15","-86.517",,"12.18","1142.89","temperate","Temperate Broadleaf & Mixed Forests","vegetation; amendment","ECM-N","0","15",,"Dystric Leptic Cambisols","forest",,"Quercus alba, Fagus grandifolia, Quercus rubra, Carya glabra, Quercus velutina","2022","POM",,"5489","280",,,"58406.6","45806.6","12600",,,,,,,,,,,,,
"2930","198",,"39.15","-86.517",,"12.18","1142.89","temperate","Temperate Broadleaf & Mixed Forests","vegetation; amendment","ECM-N","15","30",,"Dystric Leptic Cambisols","forest",,"Quercus alba, Fagus grandifolia, Quercus rubra, Carya glabra, Quercus velutina","2022","POM",,"728","267",,,"15139.5","3124.5","12015",,,,,,,,,,,,,
"2931","198",,"39.15","-86.517",,"12.18","1142.89","temperate","Temperate Broadleaf & Mixed Forests","vegetation; amendment","ECM-N","15","30",,"Dystric Leptic Cambisols","forest",,"Quercus alba, Fagus grandifolia, Quercus rubra, Carya glabra, Quercus velutina","2022","POM",,"5973","212.5",,,"60591.6","51029.1","9562.5",,,,,,,,,,,,,
"2932","198",,"39.15","-86.517",,"12.18","1142.89","temperate","Temperate Broadleaf & Mixed Forests","vegetation; amendment","ECM-N","0","15",,"Dystric Leptic Cambisols","forest",,"Quercus alba, Fagus grandifolia, Quercus rubra, Carya glabra, Quercus velutina","2022","POM",,"7096","311.5",,,"73882.7","59865.2","14017.5",,,,,,,,,,,,,
"2933","198",,"39.15","-86.517",,"12.18","1142.89","temperate","Temperate Broadleaf & Mixed Forests","vegetation; amendment","ECM-N","15","30",,"Dystric Leptic Cambisols","forest",,"Quercus alba, Fagus grandifolia, Quercus rubra, Carya glabra, Quercus velutina","2022","POM",,"933","198",,,"14765.3","5855.3","8910",,,,,,,,,,,,,
"2934","198",,"39.15","-86.517",,"12.18","1142.89","temperate","Temperate Broadleaf & Mixed Forests","vegetation; amendment","ECM-N","0","15",,"Dystric Leptic Cambisols","forest",,"Quercus alba, Fagus grandifolia, Quercus rubra, Carya glabra, Quercus velutina","2022","POM",,"676","254",,,"14253.4","2823.4","11430",,,,,,,,,,,,,
"2935","198",,"39.15","-86.517",,"12.18","1142.89","temperate","Temperate Broadleaf & Mixed Forests","vegetation; amendment","ECM-N","15","30",,"Dystric Leptic Cambisols","forest",,"Quercus alba, Fagus grandifolia, Quercus rubra, Carya glabra, Quercus velutina","2022","POM",,"787","196.5",,,"13403","4560.5","8842.5",,,,,,,,,,,,,
"2936","198",,"39.15","-86.517",,"12.18","1142.89","temperate","Temperate Broadleaf & Mixed Forests","vegetation; amendment","ECM-N","0","15",,"Dystric Leptic Cambisols","forest",,"Quercus alba, Fagus grandifolia, Quercus rubra, Carya glabra, Quercus velutina","2022","POM",,"5271","296",,,"56959.2","43639.2","13320",,,,,,,,,,,,,
"2937","198",,"39.15","-86.517",,"12.18","1142.89","temperate","Temperate Broadleaf & Mixed Forests","vegetation; amendment","ECM-N","15","30",,"Dystric Leptic Cambisols","forest",,"Quercus alba, Fagus grandifolia, Quercus rubra, Carya glabra, Quercus velutina","2022","POM",,"717","204",,,"13014.2","3834.2","9180",,,,,,,,,,,,,
"2938","198",,"39.15","-86.517",,"12.18","1142.89","temperate","Temperate Broadleaf & Mixed Forests","vegetation; amendment","AM-N","0","15",,"Dystric Leptic Cambisols","forest",,"Acer saccharum, Liriodendron tulipifera, Sassafras albidum","2022","POM",,"5482","193",,,"55545.4","46860.4","8685",,,,,,,,,,,,,
"2939","198",,"39.15","-86.517",,"12.18","1142.89","temperate","Temperate Broadleaf & Mixed Forests","vegetation; amendment","AM-N","15","30",,"Dystric Leptic Cambisols","forest",,"Acer saccharum, Liriodendron tulipifera, Sassafras albidum","2022","POM",,"651","186.5",,,"11857.4","3464.9","8392.5",,,,,,,,,,,,,
"2940","198",,"39.15","-86.517",,"12.18","1142.89","temperate","Temperate Broadleaf & Mixed Forests","vegetation; amendment","ECM-N","0","15",,"Dystric Leptic Cambisols","forest",,"Quercus alba, Fagus grandifolia, Quercus rubra, Carya glabra, Quercus velutina","2022","POM",,"6225","250",,,"64065.7","52815.7","11250",,,,,,,,,,,,,
"2941","198",,"39.15","-86.517",,"12.18","1142.89","temperate","Temperate Broadleaf & Mixed Forests","vegetation; amendment","ECM-N","0","15",,"Dystric Leptic Cambisols","forest",,"Quercus alba, Fagus grandifolia, Quercus rubra, Carya glabra, Quercus velutina","2022","POM",,"8198","349",,,"85006.9","69301.9","15705",,,,,,,,,,,,,
"2942","198",,"39.15","-86.517",,"12.18","1142.89","temperate","Temperate Broadleaf & Mixed Forests","vegetation; amendment","AM+N","0","15",,"Dystric Leptic Cambisols","forest",,"Acer saccharum, Liriodendron tulipifera, Sassafras albidum","2022","MAOM",,"190","20",,,"2353.3","1453.3","900",,,,,,,,,,,,,
"2943","198",,"39.15","-86.517",,"12.18","1142.89","temperate","Temperate Broadleaf & Mixed Forests","vegetation; amendment","AM+N","15","30",,"Dystric Leptic Cambisols","forest",,"Acer saccharum, Liriodendron tulipifera, Sassafras albidum","2022","MAOM",,"150","20",,,"1993.3","1093.3","900",,,,,,,,,,,,,
"2944","198",,"39.15","-86.517",,"12.18","1142.89","temperate","Temperate Broadleaf & Mixed Forests","vegetation; amendment","AM+N","0","15",,"Dystric Leptic Cambisols","forest",,"Acer saccharum, Liriodendron tulipifera, Sassafras albidum","2022","MAOM",,"200","20",,,"2443.3","1543.3","900",,,,,,,,,,,,,
"2945","198",,"39.15","-86.517",,"12.18","1142.89","temperate","Temperate Broadleaf & Mixed Forests","vegetation; amendment","AM+N","15","30",,"Dystric Leptic Cambisols","forest",,"Acer saccharum, Liriodendron tulipifera, Sassafras albidum","2022","MAOM",,"80","10",,,"1041.6","591.6","450",,,,,,,,,,,,,
"2946","198",,"39.15","-86.517",,"12.18","1142.89","temperate","Temperate Broadleaf & Mixed Forests","vegetation; amendment","AM+N","0","15",,"Dystric Leptic Cambisols","forest",,"Acer saccharum, Liriodendron tulipifera, Sassafras albidum","2022","MAOM",,"220","20",,,"2623.3","1723.3","900",,,,,,,,,,,,,
"2947","198",,"39.15","-86.517",,"12.18","1142.89","temperate","Temperate Broadleaf & Mixed Forests","vegetation; amendment","AM+N","15","30",,"Dystric Leptic Cambisols","forest",,"Acer saccharum, Liriodendron tulipifera, Sassafras albidum","2022","MAOM",,"260","20",,,"2983.3","2083.3","900",,,,,,,,,,,,,
"2948","198",,"39.15","-86.517",,"12.18","1142.89","temperate","Temperate Broadleaf & Mixed Forests","vegetation; amendment","AM+N","0","15",,"Dystric Leptic Cambisols","forest",,"Acer saccharum, Liriodendron tulipifera, Sassafras albidum","2022","MAOM",,"340","20",,,"3703.3","2803.3","900",,,,,,,,,,,,,
"2949","198",,"39.15","-86.517",,"12.18","1142.89","temperate","Temperate Broadleaf & Mixed Forests","vegetation; amendment","AM+N","15","30",,"Dystric Leptic Cambisols","forest",,"Acer saccharum, Liriodendron tulipifera, Sassafras albidum","2022","MAOM",,"230","20",,,"2713.3","1813.3","900",,,,,,,,,,,,,
"2950","198",,"39.15","-86.517",,"12.18","1142.89","temperate","Temperate Broadleaf & Mixed Forests","vegetation; amendment","AM+N","0","15",,"Dystric Leptic Cambisols","forest",,"Acer saccharum, Liriodendron tulipifera, Sassafras albidum","2022","MAOM",,"290","20",,,"3253.3","2353.3","900",,,,,,,,,,,,,
"2951","198",,"39.15","-86.517",,"12.18","1142.89","temperate","Temperate Broadleaf & Mixed Forests","vegetation; amendment","AM+N","15","30",,"Dystric Leptic Cambisols","forest",,"Acer saccharum, Liriodendron tulipifera, Sassafras albidum","2022","MAOM",,"200","10",,,"2121.6","1671.6","450",,,,,,,,,,,,,
"2952","198",,"39.15","-86.517",,"12.18","1142.89","temperate","Temperate Broadleaf & Mixed Forests","vegetation; amendment","AM+N","0","15",,"Dystric Leptic Cambisols","forest",,"Acer saccharum, Liriodendron tulipifera, Sassafras albidum","2022","MAOM",,"320","20",,,"3523.3","2623.3","900",,,,,,,,,,,,,
"2953","198",,"39.15","-86.517",,"12.18","1142.89","temperate","Temperate Broadleaf & Mixed Forests","vegetation; amendment","AM+N","15","30",,"Dystric Leptic Cambisols","forest",,"Acer saccharum, Liriodendron tulipifera, Sassafras albidum","2022","MAOM",,"170","20",,,"2173.3","1273.3","900",,,,,,,,,,,,,
"2954","198",,"39.15","-86.517",,"12.18","1142.89","temperate","Temperate Broadleaf & Mixed Forests","vegetation; amendment","AM-N","0","15",,"Dystric Leptic Cambisols","forest",,"Acer saccharum, Liriodendron tulipifera, Sassafras albidum","2022","MAOM",,"190","20",,,"2353.3","1453.3","900",,,,,,,,,,,,,
"2955","198",,"39.15","-86.517",,"12.18","1142.89","temperate","Temperate Broadleaf & Mixed Forests","vegetation; amendment","AM-N","15","30",,"Dystric Leptic Cambisols","forest",,"Acer saccharum, Liriodendron tulipifera, Sassafras albidum","2022","MAOM",,"120","10",,,"1401.6","951.6","450",,,,,,,,,,,,,
"2956","198",,"39.15","-86.517",,"12.18","1142.89","temperate","Temperate Broadleaf & Mixed Forests","vegetation; amendment","AM-N","0","15",,"Dystric Leptic Cambisols","forest",,"Acer saccharum, Liriodendron tulipifera, Sassafras albidum","2022","MAOM",,"490","30",,,"5374.9","4024.9","1350",,,,,,,,,,,,,
"2957","198",,"39.15","-86.517",,"12.18","1142.89","temperate","Temperate Broadleaf & Mixed Forests","vegetation; amendment","AM-N","15","30",,"Dystric Leptic Cambisols","forest",,"Acer saccharum, Liriodendron tulipifera, Sassafras albidum","2022","MAOM",,"260","20",,,"2983.3","2083.3","900",,,,,,,,,,,,,
"2958","198",,"39.15","-86.517",,"12.18","1142.89","temperate","Temperate Broadleaf & Mixed Forests","vegetation; amendment","AM-N","0","15",,"Dystric Leptic Cambisols","forest",,"Acer saccharum, Liriodendron tulipifera, Sassafras albidum","2022","MAOM",,"380","20",,,"4063.3","3163.3","900",,,,,,,,,,,,,
"2959","198",,"39.15","-86.517",,"12.18","1142.89","temperate","Temperate Broadleaf & Mixed Forests","vegetation; amendment","AM-N","15","30",,"Dystric Leptic Cambisols","forest",,"Acer saccharum, Liriodendron tulipifera, Sassafras albidum","2022","MAOM",,"140","10",,,"1581.6","1131.6","450",,,,,,,,,,,,,
"2960","198",,"39.15","-86.517",,"12.18","1142.89","temperate","Temperate Broadleaf & Mixed Forests","vegetation; amendment","AM-N","0","15",,"Dystric Leptic Cambisols","forest",,"Acer saccharum, Liriodendron tulipifera, Sassafras albidum","2022","MAOM",,"310","20",,,"3433.3","2533.3","900",,,,,,,,,,,,,
"2961","198",,"39.15","-86.517",,"12.18","1142.89","temperate","Temperate Broadleaf & Mixed Forests","vegetation; amendment","AM-N","15","30",,"Dystric Leptic Cambisols","forest",,"Acer saccharum, Liriodendron tulipifera, Sassafras albidum","2022","MAOM",,"170","10",,,"1851.6","1401.6","450",,,,,,,,,,,,,
"2962","198",,"39.15","-86.517",,"12.18","1142.89","temperate","Temperate Broadleaf & Mixed Forests","vegetation; amendment","AM-N","0","15",,"Dystric Leptic Cambisols","forest",,"Acer saccharum, Liriodendron tulipifera, Sassafras albidum","2022","MAOM",,"330","20",,,"3613.3","2713.3","900",,,,,,,,,,,,,
"2963","198",,"39.15","-86.517",,"12.18","1142.89","temperate","Temperate Broadleaf & Mixed Forests","vegetation; amendment","AM-N","15","30",,"Dystric Leptic Cambisols","forest",,"Acer saccharum, Liriodendron tulipifera, Sassafras albidum","2022","MAOM",,"130","10",,,"1491.6","1041.6","450",,,,,,,,,,,,,
"2964","198",,"39.15","-86.517",,"12.18","1142.89","temperate","Temperate Broadleaf & Mixed Forests","vegetation; amendment","AM-N","0","15",,"Dystric Leptic Cambisols","forest",,"Acer saccharum, Liriodendron tulipifera, Sassafras albidum","2022","MAOM",,"410","30",,,"4654.9","3304.9","1350",,,,,,,,,,,,,
"2965","198",,"39.15","-86.517",,"12.18","1142.89","temperate","Temperate Broadleaf & Mixed Forests","vegetation; amendment","AM-N","15","30",,"Dystric Leptic Cambisols","forest",,"Acer saccharum, Liriodendron tulipifera, Sassafras albidum","2022","MAOM",,"240","20",,,"2803.3","1903.3","900",,,,,,,,,,,,,
"2966","198",,"39.15","-86.517",,"12.18","1142.89","temperate","Temperate Broadleaf & Mixed Forests","vegetation; amendment","ECM+N","0","15",,"Dystric Leptic Cambisols","forest",,"Quercus alba, Fagus grandifolia, Quercus rubra, Carya glabra, Quercus velutina","2022","MAOM",,"240","20",,,"2803.3","1903.3","900",,,,,,,,,,,,,
"2967","198",,"39.15","-86.517",,"12.18","1142.89","temperate","Temperate Broadleaf & Mixed Forests","vegetation; amendment","ECM+N","15","30",,"Dystric Leptic Cambisols","forest",,"Quercus alba, Fagus grandifolia, Quercus rubra, Carya glabra, Quercus velutina","2022","MAOM",,"140","10",,,"1581.6","1131.6","450",,,,,,,,,,,,,
"2968","198",,"39.15","-86.517",,"12.18","1142.89","temperate","Temperate Broadleaf & Mixed Forests","vegetation; amendment","ECM+N","0","15",,"Dystric Leptic Cambisols","forest",,"Quercus alba, Fagus grandifolia, Quercus rubra, Carya glabra, Quercus velutina","2022","MAOM",,"150","10",,,"1671.6","1221.6","450",,,,,,,,,,,,,
"2969","198",,"39.15","-86.517",,"12.18","1142.89","temperate","Temperate Broadleaf & Mixed Forests","vegetation; amendment","ECM+N","15","30",,"Dystric Leptic Cambisols","forest",,"Quercus alba, Fagus grandifolia, Quercus rubra, Carya glabra, Quercus velutina","2022","MAOM",,"70","10",,,"951.6","501.6","450",,,,,,,,,,,,,
"2970","198",,"39.15","-86.517",,"12.18","1142.89","temperate","Temperate Broadleaf & Mixed Forests","vegetation; amendment","ECM+N","0","15",,"Dystric Leptic Cambisols","forest",,"Quercus alba, Fagus grandifolia, Quercus rubra, Carya glabra, Quercus velutina","2022","MAOM",,"310","20",,,"3433.3","2533.3","900",,,,,,,,,,,,,
"2971","198",,"39.15","-86.517",,"12.18","1142.89","temperate","Temperate Broadleaf & Mixed Forests","vegetation; amendment","ECM+N","15","30",,"Dystric Leptic Cambisols","forest",,"Quercus alba, Fagus grandifolia, Quercus rubra, Carya glabra, Quercus velutina","2022","MAOM",,"140","10",,,"1581.6","1131.6","450",,,,,,,,,,,,,
"2972","198",,"39.15","-86.517",,"12.18","1142.89","temperate","Temperate Broadleaf & Mixed Forests","vegetation; amendment","ECM+N","0","15",,"Dystric Leptic Cambisols","forest",,"Quercus alba, Fagus grandifolia, Quercus rubra, Carya glabra, Quercus velutina","2022","MAOM",,"240","20",,,"2803.3","1903.3","900",,,,,,,,,,,,,
"2973","198",,"39.15","-86.517",,"12.18","1142.89","temperate","Temperate Broadleaf & Mixed Forests","vegetation; amendment","ECM+N","15","30",,"Dystric Leptic Cambisols","forest",,"Quercus alba, Fagus grandifolia, Quercus rubra, Carya glabra, Quercus velutina","2022","MAOM",,"240","20",,,"2803.3","1903.3","900",,,,,,,,,,,,,
"2974","198",,"39.15","-86.517",,"12.18","1142.89","temperate","Temperate Broadleaf & Mixed Forests","vegetation; amendment","ECM+N","0","15",,"Dystric Leptic Cambisols","forest",,"Quercus alba, Fagus grandifolia, Quercus rubra, Carya glabra, Quercus velutina","2022","MAOM",,"230","20",,,"2713.3","1813.3","900",,,,,,,,,,,,,
"2975","198",,"39.15","-86.517",,"12.18","1142.89","temperate","Temperate Broadleaf & Mixed Forests","vegetation; amendment","ECM+N","15","30",,"Dystric Leptic Cambisols","forest",,"Quercus alba, Fagus grandifolia, Quercus rubra, Carya glabra, Quercus velutina","2022","MAOM",,"130","10",,,"1491.6","1041.6","450",,,,,,,,,,,,,
"2976","198",,"39.15","-86.517",,"12.18","1142.89","temperate","Temperate Broadleaf & Mixed Forests","vegetation; amendment","ECM+N","15","30",,"Dystric Leptic Cambisols","forest",,"Quercus alba, Fagus grandifolia, Quercus rubra, Carya glabra, Quercus velutina","2022","MAOM",,"100","10",,,"1221.6","771.6","450",,,,,,,,,,,,,
"2977","198",,"39.15","-86.517",,"12.18","1142.89","temperate","Temperate Broadleaf & Mixed Forests","vegetation; amendment","ECM-N","0","15",,"Dystric Leptic Cambisols","forest",,"Quercus alba, Fagus grandifolia, Quercus rubra, Carya glabra, Quercus velutina","2022","MAOM",,"190","10",,,"2031.6","1581.6","450",,,,,,,,,,,,,
"2978","198",,"39.15","-86.517",,"12.18","1142.89","temperate","Temperate Broadleaf & Mixed Forests","vegetation; amendment","ECM-N","15","30",,"Dystric Leptic Cambisols","forest",,"Quercus alba, Fagus grandifolia, Quercus rubra, Carya glabra, Quercus velutina","2022","MAOM",,"80","10",,,"1041.6","591.6","450",,,,,,,,,,,,,
"2979","198",,"39.15","-86.517",,"12.18","1142.89","temperate","Temperate Broadleaf & Mixed Forests","vegetation; amendment","ECM-N","0","15",,"Dystric Leptic Cambisols","forest",,"Quercus alba, Fagus grandifolia, Quercus rubra, Carya glabra, Quercus velutina","2022","MAOM",,"170","20",,,"2173.3","1273.3","900",,,,,,,,,,,,,
"2980","198",,"39.15","-86.517",,"12.18","1142.89","temperate","Temperate Broadleaf & Mixed Forests","vegetation; amendment","ECM-N","15","30",,"Dystric Leptic Cambisols","forest",,"Quercus alba, Fagus grandifolia, Quercus rubra, Carya glabra, Quercus velutina","2022","MAOM",,"120","20",,,"1723.3","823.3","900",,,,,,,,,,,,,
"2981","198",,"39.15","-86.517",,"12.18","1142.89","temperate","Temperate Broadleaf & Mixed Forests","vegetation; amendment","ECM-N","0","15",,"Dystric Leptic Cambisols","forest",,"Quercus alba, Fagus grandifolia, Quercus rubra, Carya glabra, Quercus velutina","2022","MAOM",,"240","20",,,"2803.3","1903.3","900",,,,,,,,,,,,,
"2982","198",,"39.15","-86.517",,"12.18","1142.89","temperate","Temperate Broadleaf & Mixed Forests","vegetation; amendment","ECM-N","0","15",,"Dystric Leptic Cambisols","forest",,"Quercus alba, Fagus grandifolia, Quercus rubra, Carya glabra, Quercus velutina","2022","MAOM",,"180","20",,,"2263.3","1363.3","900",,,,,,,,,,,,,
"2983","198",,"39.15","-86.517",,"12.18","1142.89","temperate","Temperate Broadleaf & Mixed Forests","vegetation; amendment","ECM-N","15","30",,"Dystric Leptic Cambisols","forest",,"Quercus alba, Fagus grandifolia, Quercus rubra, Carya glabra, Quercus velutina","2022","MAOM",,"90","10",,,"1131.6","681.6","450",,,,,,,,,,,,,
"2984","198",,"39.15","-86.517",,"12.18","1142.89","temperate","Temperate Broadleaf & Mixed Forests","vegetation; amendment","ECM-N","0","15",,"Dystric Leptic Cambisols","forest",,"Quercus alba, Fagus grandifolia, Quercus rubra, Carya glabra, Quercus velutina","2022","MAOM",,"250","20",,,"2893.3","1993.3","900",,,,,,,,,,,,,
"2985","198",,"39.15","-86.517",,"12.18","1142.89","temperate","Temperate Broadleaf & Mixed Forests","vegetation; amendment","ECM-N","15","30",,"Dystric Leptic Cambisols","forest",,"Quercus alba, Fagus grandifolia, Quercus rubra, Carya glabra, Quercus velutina","2022","MAOM",,"80","10",,,"1041.6","591.6","450",,,,,,,,,,,,,
"2986","198",,"39.15","-86.517",,"12.18","1142.89","temperate","Temperate Broadleaf & Mixed Forests","vegetation; amendment","ECM-N","0","15",,"Dystric Leptic Cambisols","forest",,"Quercus alba, Fagus grandifolia, Quercus rubra, Carya glabra, Quercus velutina","2022","MAOM",,"170","20",,,"2173.3","1273.3","900",,,,,,,,,,,,,
"2987","198",,"39.15","-86.517",,"12.18","1142.89","temperate","Temperate Broadleaf & Mixed Forests","vegetation; amendment","ECM-N","15","30",,"Dystric Leptic Cambisols","forest",,"Quercus alba, Fagus grandifolia, Quercus rubra, Carya glabra, Quercus velutina","2022","MAOM",,"110","10",,,"1311.6","861.6","450",,,,,,,,,,,,,
"2988","198",,"39.15","-86.517",,"12.18","1142.89","temperate","Temperate Broadleaf & Mixed Forests","vegetation; amendment","AM-N","0","15",,"Dystric Leptic Cambisols","forest",,"Acer saccharum, Liriodendron tulipifera, Sassafras albidum","2022","MAOM",,"340","20",,,"3703.3","2803.3","900",,,,,,,,,,,,,
"2989","198",,"39.15","-86.517",,"12.18","1142.89","temperate","Temperate Broadleaf & Mixed Forests","vegetation; amendment","AM-N","15","30",,"Dystric Leptic Cambisols","forest",,"Acer saccharum, Liriodendron tulipifera, Sassafras albidum","2022","MAOM",,"150","10",,,"1671.6","1221.6","450",,,,,,,,,,,,,
"2990","198",,"39.15","-86.517",,"12.18","1142.89","temperate","Temperate Broadleaf & Mixed Forests","vegetation; amendment","ECM-N","0","15",,"Dystric Leptic Cambisols","forest",,"Quercus alba, Fagus grandifolia, Quercus rubra, Carya glabra, Quercus velutina","2022","MAOM",,"250","20",,,"2893.3","1993.3","900",,,,,,,,,,,,,
"2991","198",,"39.15","-86.517",,"12.18","1142.89","temperate","Temperate Broadleaf & Mixed Forests","vegetation; amendment","ECM-N","0","15",,"Dystric Leptic Cambisols","forest",,"Quercus alba, Fagus grandifolia, Quercus rubra, Carya glabra, Quercus velutina","2022","MAOM",,"260","20",,,"2983.3","2083.3","900",,,,,,,,,,,,,
"2992","198",,"39.15","-86.517",,"12.18","1142.89","temperate","Temperate Broadleaf & Mixed Forests","vegetation; amendment","AM+N","0","15",,"Dystric Leptic Cambisols","forest",,"Acer saccharum, Liriodendron tulipifera, Sassafras albidum","2022","POM",,"4380","130",,,"43601.2","37751.2","5850",,,,,,,,,,,,,
"2993","198",,"39.15","-86.517",,"12.18","1142.89","temperate","Temperate Broadleaf & Mixed Forests","vegetation; amendment","AM+N","15","30",,"Dystric Leptic Cambisols","forest",,"Acer saccharum, Liriodendron tulipifera, Sassafras albidum","2022","POM",,"4350","130",,,"43331.2","37481.2","5850",,,,,,,,,,,,,
"2994","198",,"39.15","-86.517",,"12.18","1142.89","temperate","Temperate Broadleaf & Mixed Forests","vegetation; amendment","AM+N","0","15",,"Dystric Leptic Cambisols","forest",,"Acer saccharum, Liriodendron tulipifera, Sassafras albidum","2022","POM",,"4860","140",,,"48242.8","41942.8","6300",,,,,,,,,,,,,
"2995","198",,"39.15","-86.517",,"12.18","1142.89","temperate","Temperate Broadleaf & Mixed Forests","vegetation; amendment","AM+N","15","30",,"Dystric Leptic Cambisols","forest",,"Acer saccharum, Liriodendron tulipifera, Sassafras albidum","2022","POM",,"6220","190",,,"62091","53541","8550",,,,,,,,,,,,,
"2996","198",,"39.15","-86.517",,"12.18","1142.89","temperate","Temperate Broadleaf & Mixed Forests","vegetation; amendment","AM+N","0","15",,"Dystric Leptic Cambisols","forest",,"Acer saccharum, Liriodendron tulipifera, Sassafras albidum","2022","POM",,"5490","200",,,"55842.6","46842.6","9000",,,,,,,,,,,,,
"2997","198",,"39.15","-86.517",,"12.18","1142.89","temperate","Temperate Broadleaf & Mixed Forests","vegetation; amendment","AM+N","15","30",,"Dystric Leptic Cambisols","forest",,"Acer saccharum, Liriodendron tulipifera, Sassafras albidum","2022","POM",,"4440","150",,,"44784.4","38034.4","6750",,,,,,,,,,,,,
"2998","198",,"39.15","-86.517",,"12.18","1142.89","temperate","Temperate Broadleaf & Mixed Forests","vegetation; amendment","AM+N","0","15",,"Dystric Leptic Cambisols","forest",,"Acer saccharum, Liriodendron tulipifera, Sassafras albidum","2022","POM",,"4720","140",,,"46982.8","40682.8","6300",,,,,,,,,,,,,
"2999","198",,"39.15","-86.517",,"12.18","1142.89","temperate","Temperate Broadleaf & Mixed Forests","vegetation; amendment","AM+N","15","30",,"Dystric Leptic Cambisols","forest",,"Acer saccharum, Liriodendron tulipifera, Sassafras albidum","2022","POM",,"6670","200",,,"66462.6","57462.6","9000",,,,,,,,,,,,,
"3000","198",,"39.15","-86.517",,"12.18","1142.89","temperate","Temperate Broadleaf & Mixed Forests","vegetation; amendment","AM+N","0","15",,"Dystric Leptic Cambisols","forest",,"Acer saccharum, Liriodendron tulipifera, Sassafras albidum","2022","POM",,"5920","250",,,"61320.7","50070.7","11250",,,,,,,,,,,,,
"3001","198",,"39.15","-86.517",,"12.18","1142.89","temperate","Temperate Broadleaf & Mixed Forests","vegetation; amendment","AM+N","15","30",,"Dystric Leptic Cambisols","forest",,"Acer saccharum, Liriodendron tulipifera, Sassafras albidum","2022","POM",,"7890","270",,,"79694","67544","12150",,,,,,,,,,,,,
"3002","198",,"39.15","-86.517",,"12.18","1142.89","temperate","Temperate Broadleaf & Mixed Forests","vegetation; amendment","AM+N","0","15",,"Dystric Leptic Cambisols","forest",,"Acer saccharum, Liriodendron tulipifera, Sassafras albidum","2022","POM",,"6310","240",,,"64509.1","53709.1","10800",,,,,,,,,,,,,
"3003","198",,"39.15","-86.517",,"12.18","1142.89","temperate","Temperate Broadleaf & Mixed Forests","vegetation; amendment","AM+N","15","30",,"Dystric Leptic Cambisols","forest",,"Acer saccharum, Liriodendron tulipifera, Sassafras albidum","2022","POM",,"3980","140",,,"40322.8","34022.8","6300",,,,,,,,,,,,,
"3004","198",,"39.15","-86.517",,"12.18","1142.89","temperate","Temperate Broadleaf & Mixed Forests","vegetation; amendment","AM-N","0","15",,"Dystric Leptic Cambisols","forest",,"Acer saccharum, Liriodendron tulipifera, Sassafras albidum","2022","POM",,"6200","230",,,"63197.5","52847.5","10350",,,,,,,,,,,,,
"3005","198",,"39.15","-86.517",,"12.18","1142.89","temperate","Temperate Broadleaf & Mixed Forests","vegetation; amendment","AM-N","15","30",,"Dystric Leptic Cambisols","forest",,"Acer saccharum, Liriodendron tulipifera, Sassafras albidum","2022","POM",,"7340","200",,,"72492.6","63492.6","9000",,,,,,,,,,,,,
"3006","198",,"39.15","-86.517",,"12.18","1142.89","temperate","Temperate Broadleaf & Mixed Forests","vegetation; amendment","AM-N","0","15",,"Dystric Leptic Cambisols","forest",,"Acer saccharum, Liriodendron tulipifera, Sassafras albidum","2022","POM",,"5570","210",,,"56884.2","47434.2","9450",,,,,,,,,,,,,
"3007","198",,"39.15","-86.517",,"12.18","1142.89","temperate","Temperate Broadleaf & Mixed Forests","vegetation; amendment","AM-N","15","30",,"Dystric Leptic Cambisols","forest",,"Acer saccharum, Liriodendron tulipifera, Sassafras albidum","2022","POM",,"4060","120",,,"40399.6","34999.6","5400",,,,,,,,,,,,,
"3008","198",,"39.15","-86.517",,"12.18","1142.89","temperate","Temperate Broadleaf & Mixed Forests","vegetation; amendment","AM-N","0","15",,"Dystric Leptic Cambisols","forest",,"Acer saccharum, Liriodendron tulipifera, Sassafras albidum","2022","POM",,"5900","190",,,"59211","50661","8550",,,,,,,,,,,,,
"3009","198",,"39.15","-86.517",,"12.18","1142.89","temperate","Temperate Broadleaf & Mixed Forests","vegetation; amendment","AM-N","15","30",,"Dystric Leptic Cambisols","forest",,"Acer saccharum, Liriodendron tulipifera, Sassafras albidum","2022","POM",,"580","210",,,"11974.2","2524.2","9450",,,,,,,,,,,,,
"3010","198",,"39.15","-86.517",,"12.18","1142.89","temperate","Temperate Broadleaf & Mixed Forests","vegetation; amendment","AM-N","0","15",,"Dystric Leptic Cambisols","forest",,"Acer saccharum, Liriodendron tulipifera, Sassafras albidum","2022","POM",,"4360","130",,,"43421.2","37571.2","5850",,,,,,,,,,,,,
"3011","198",,"39.15","-86.517",,"12.18","1142.89","temperate","Temperate Broadleaf & Mixed Forests","vegetation; amendment","AM-N","15","30",,"Dystric Leptic Cambisols","forest",,"Acer saccharum, Liriodendron tulipifera, Sassafras albidum","2022","POM",,"4110","150",,,"41814.4","35064.4","6750",,,,,,,,,,,,,
"3012","198",,"39.15","-86.517",,"12.18","1142.89","temperate","Temperate Broadleaf & Mixed Forests","vegetation; amendment","AM-N","0","15",,"Dystric Leptic Cambisols","forest",,"Acer saccharum, Liriodendron tulipifera, Sassafras albidum","2022","POM",,"4750","160",,,"47896.1","40696.1","7200",,,,,,,,,,,,,
"3013","198",,"39.15","-86.517",,"12.18","1142.89","temperate","Temperate Broadleaf & Mixed Forests","vegetation; amendment","AM-N","15","30",,"Dystric Leptic Cambisols","forest",,"Acer saccharum, Liriodendron tulipifera, Sassafras albidum","2022","POM",,"5460","170",,,"54607.7","46957.7","7650",,,,,,,,,,,,,
"3014","198",,"39.15","-86.517",,"12.18","1142.89","temperate","Temperate Broadleaf & Mixed Forests","vegetation; amendment","AM-N","0","15",,"Dystric Leptic Cambisols","forest",,"Acer saccharum, Liriodendron tulipifera, Sassafras albidum","2022","POM",,"6910","230",,,"69587.5","59237.5","10350",,,,,,,,,,,,,
"3015","198",,"39.15","-86.517",,"12.18","1142.89","temperate","Temperate Broadleaf & Mixed Forests","vegetation; amendment","AM-N","15","30",,"Dystric Leptic Cambisols","forest",,"Acer saccharum, Liriodendron tulipifera, Sassafras albidum","2022","POM",,"4750","170",,,"48217.7","40567.7","7650",,,,,,,,,,,,,
"3016","198",,"39.15","-86.517",,"12.18","1142.89","temperate","Temperate Broadleaf & Mixed Forests","vegetation; amendment","ECM+N","0","15",,"Dystric Leptic Cambisols","forest",,"Quercus alba, Fagus grandifolia, Quercus rubra, Carya glabra, Quercus velutina","2022","POM",,"7860","330",,,"81353.8","66503.8","14850",,,,,,,,,,,,,
"3017","198",,"39.15","-86.517",,"12.18","1142.89","temperate","Temperate Broadleaf & Mixed Forests","vegetation; amendment","ECM+N","15","30",,"Dystric Leptic Cambisols","forest",,"Quercus alba, Fagus grandifolia, Quercus rubra, Carya glabra, Quercus velutina","2022","POM",,"420","200",,,"10212.6","1212.6","9000",,,,,,,,,,,,,
"3018","198",,"39.15","-86.517",,"12.18","1142.89","temperate","Temperate Broadleaf & Mixed Forests","vegetation; amendment","ECM+N","0","15",,"Dystric Leptic Cambisols","forest",,"Quercus alba, Fagus grandifolia, Quercus rubra, Carya glabra, Quercus velutina","2022","POM",,"6300","250",,,"64740.7","53490.7","11250",,,,,,,,,,,,,
"3019","198",,"39.15","-86.517",,"12.18","1142.89","temperate","Temperate Broadleaf & Mixed Forests","vegetation; amendment","ECM+N","15","30",,"Dystric Leptic Cambisols","forest",,"Quercus alba, Fagus grandifolia, Quercus rubra, Carya glabra, Quercus velutina","2022","POM",,"5080","180",,,"51509.3","43409.3","8100",,,,,,,,,,,,,
"3020","198",,"39.15","-86.517",,"12.18","1142.89","temperate","Temperate Broadleaf & Mixed Forests","vegetation; amendment","ECM+N","0","15",,"Dystric Leptic Cambisols","forest",,"Quercus alba, Fagus grandifolia, Quercus rubra, Carya glabra, Quercus velutina","2022","POM",,"6180","280",,,"64625.6","52025.6","12600",,,,,,,,,,,,,
"3021","198",,"39.15","-86.517",,"12.18","1142.89","temperate","Temperate Broadleaf & Mixed Forests","vegetation; amendment","ECM+N","15","30",,"Dystric Leptic Cambisols","forest",,"Quercus alba, Fagus grandifolia, Quercus rubra, Carya glabra, Quercus velutina","2022","POM",,"4700","210",,,"49054.2","39604.2","9450",,,,,,,,,,,,,
"3022","198",,"39.15","-86.517",,"12.18","1142.89","temperate","Temperate Broadleaf & Mixed Forests","vegetation; amendment","ECM+N","0","15",,"Dystric Leptic Cambisols","forest",,"Quercus alba, Fagus grandifolia, Quercus rubra, Carya glabra, Quercus velutina","2022","POM",,"6300","300",,,"66348.9","52848.9","13500",,,,,,,,,,,,,
"3023","198",,"39.15","-86.517",,"12.18","1142.89","temperate","Temperate Broadleaf & Mixed Forests","vegetation; amendment","ECM+N","15","30",,"Dystric Leptic Cambisols","forest",,"Quercus alba, Fagus grandifolia, Quercus rubra, Carya glabra, Quercus velutina","2022","POM",,"6310","330",,,"67403.8","52553.8","14850",,,,,,,,,,,,,
"3024","198",,"39.15","-86.517",,"12.18","1142.89","temperate","Temperate Broadleaf & Mixed Forests","vegetation; amendment","ECM+N","0","15",,"Dystric Leptic Cambisols","forest",,"Quercus alba, Fagus grandifolia, Quercus rubra, Carya glabra, Quercus velutina","2022","POM",,"6180","270",,,"64304","52154","12150",,,,,,,,,,,,,
"3025","198",,"39.15","-86.517",,"12.18","1142.89","temperate","Temperate Broadleaf & Mixed Forests","vegetation; amendment","ECM+N","15","30",,"Dystric Leptic Cambisols","forest",,"Quercus alba, Fagus grandifolia, Quercus rubra, Carya glabra, Quercus velutina","2022","POM",,"5330","190",,,"54081","45531","8550",,,,,,,,,,,,,
"3026","198",,"39.15","-86.517",,"12.18","1142.89","temperate","Temperate Broadleaf & Mixed Forests","vegetation; amendment","ECM+N","0","15",,"Dystric Leptic Cambisols","forest",,"Quercus alba, Fagus grandifolia, Quercus rubra, Carya glabra, Quercus velutina","2022","POM",,"6900","210",,,"68854.2","59404.2","9450",,,,,,,,,,,,,
"3027","198",,"39.15","-86.517",,"12.18","1142.89","temperate","Temperate Broadleaf & Mixed Forests","vegetation; amendment","ECM+N","15","30",,"Dystric Leptic Cambisols","forest",,"Quercus alba, Fagus grandifolia, Quercus rubra, Carya glabra, Quercus velutina","2022","POM",,"4770","160",,,"48076.1","40876.1","7200",,,,,,,,,,,,,
"3028","198",,"39.15","-86.517",,"12.18","1142.89","temperate","Temperate Broadleaf & Mixed Forests","vegetation; amendment","ECM-N","0","15",,"Dystric Leptic Cambisols","forest",,"Quercus alba, Fagus grandifolia, Quercus rubra, Carya glabra, Quercus velutina","2022","POM",,"7150","300",,,"73998.9","60498.9","13500",,,,,,,,,,,,,
"3029","198",,"39.15","-86.517",,"12.18","1142.89","temperate","Temperate Broadleaf & Mixed Forests","vegetation; amendment","ECM-N","15","30",,"Dystric Leptic Cambisols","forest",,"Quercus alba, Fagus grandifolia, Quercus rubra, Carya glabra, Quercus velutina","2022","POM",,"3410","180",,,"36479.3","28379.3","8100",,,,,,,,,,,,,
"3030","198",,"39.15","-86.517",,"12.18","1142.89","temperate","Temperate Broadleaf & Mixed Forests","vegetation; amendment","ECM-N","0","15",,"Dystric Leptic Cambisols","forest",,"Quercus alba, Fagus grandifolia, Quercus rubra, Carya glabra, Quercus velutina","2022","POM",,"5490","280",,,"58415.6","45815.6","12600",,,,,,,,,,,,,
"3031","198",,"39.15","-86.517",,"12.18","1142.89","temperate","Temperate Broadleaf & Mixed Forests","vegetation; amendment","ECM-N","15","30",,"Dystric Leptic Cambisols","forest",,"Quercus alba, Fagus grandifolia, Quercus rubra, Carya glabra, Quercus velutina","2022","POM",,"730","270",,,"15254","3104","12150",,,,,,,,,,,,,
"3032","198",,"39.15","-86.517",,"12.18","1142.89","temperate","Temperate Broadleaf & Mixed Forests","vegetation; amendment","ECM-N","15","30",,"Dystric Leptic Cambisols","forest",,"Quercus alba, Fagus grandifolia, Quercus rubra, Carya glabra, Quercus velutina","2022","POM",,"5970","210",,,"60484.2","51034.2","9450",,,,,,,,,,,,,
"3033","198",,"39.15","-86.517",,"12.18","1142.89","temperate","Temperate Broadleaf & Mixed Forests","vegetation; amendment","ECM-N","0","15",,"Dystric Leptic Cambisols","forest",,"Quercus alba, Fagus grandifolia, Quercus rubra, Carya glabra, Quercus velutina","2022","POM",,"7100","310",,,"73870.5","59920.5","13950",,,,,,,,,,,,,
"3034","198",,"39.15","-86.517",,"12.18","1142.89","temperate","Temperate Broadleaf & Mixed Forests","vegetation; amendment","ECM-N","15","30",,"Dystric Leptic Cambisols","forest",,"Quercus alba, Fagus grandifolia, Quercus rubra, Carya glabra, Quercus velutina","2022","POM",,"930","200",,,"14802.6","5802.6","9000",,,,,,,,,,,,,
"3035","198",,"39.15","-86.517",,"12.18","1142.89","temperate","Temperate Broadleaf & Mixed Forests","vegetation; amendment","ECM-N","0","15",,"Dystric Leptic Cambisols","forest",,"Quercus alba, Fagus grandifolia, Quercus rubra, Carya glabra, Quercus velutina","2022","POM",,"680","250",,,"14160.7","2910.7","11250",,,,,,,,,,,,,
"3036","198",,"39.15","-86.517",,"12.18","1142.89","temperate","Temperate Broadleaf & Mixed Forests","vegetation; amendment","ECM-N","15","30",,"Dystric Leptic Cambisols","forest",,"Quercus alba, Fagus grandifolia, Quercus rubra, Carya glabra, Quercus velutina","2022","POM",,"790","200",,,"13542.6","4542.6","9000",,,,,,,,,,,,,
"3037","198",,"39.15","-86.517",,"12.18","1142.89","temperate","Temperate Broadleaf & Mixed Forests","vegetation; amendment","ECM-N","0","15",,"Dystric Leptic Cambisols","forest",,"Quercus alba, Fagus grandifolia, Quercus rubra, Carya glabra, Quercus velutina","2022","POM",,"5270","300",,,"57078.9","43578.9","13500",,,,,,,,,,,,,
"3038","198",,"39.15","-86.517",,"12.18","1142.89","temperate","Temperate Broadleaf & Mixed Forests","vegetation; amendment","ECM-N","15","30",,"Dystric Leptic Cambisols","forest",,"Quercus alba, Fagus grandifolia, Quercus rubra, Carya glabra, Quercus velutina","2022","POM",,"720","200",,,"12912.6","3912.6","9000",,,,,,,,,,,,,
"3039","198",,"39.15","-86.517",,"12.18","1142.89","temperate","Temperate Broadleaf & Mixed Forests","vegetation; amendment","AM-N","0","15",,"Dystric Leptic Cambisols","forest",,"Acer saccharum, Liriodendron tulipifera, Sassafras albidum","2022","POM",,"5480","190",,,"55431","46881","8550",,,,,,,,,,,,,
"3040","198",,"39.15","-86.517",,"12.18","1142.89","temperate","Temperate Broadleaf & Mixed Forests","vegetation; amendment","AM-N","15","30",,"Dystric Leptic Cambisols","forest",,"Acer saccharum, Liriodendron tulipifera, Sassafras albidum","2022","POM",,"650","190",,,"11961","3411","8550",,,,,,,,,,,,,
"3041","198",,"39.15","-86.517",,"12.18","1142.89","temperate","Temperate Broadleaf & Mixed Forests","vegetation; amendment","ECM-N","0","15",,"Dystric Leptic Cambisols","forest",,"Quercus alba, Fagus grandifolia, Quercus rubra, Carya glabra, Quercus velutina","2022","POM",,"6220","250",,,"64020.7","52770.7","11250",,,,,,,,,,,,,
"3042","198",,"39.15","-86.517",,"12.18","1142.89","temperate","Temperate Broadleaf & Mixed Forests","vegetation; amendment","ECM-N","0","15",,"Dystric Leptic Cambisols","forest",,"Quercus alba, Fagus grandifolia, Quercus rubra, Carya glabra, Quercus velutina","2022","POM",,"8200","350",,,"85057","69307","15750",,,,,,,,,,,,,
"3043","192",,"34.093","108.474",,"14.74","608.63","temperate","Temperate Broadleaf & Mixed Forests",,,"0","10",,,"shrubland",,,"2021","bulk soil",,,,,,"9100","5300","3800",,,"300","114","21.06591716",,"0.73","7.1",,"40.61","5.5","53.89",
"3044","192",,"34.095","109.274",,"13.01","616.94","temperate","Temperate Broadleaf & Mixed Forests",,,"0","10",,,"forest",,,"2021","bulk soil",,,,,,"5900","3400","2500",,,"373","112","11.83294664",,"0.65","8.3",,"30.61","4.6","64.79",
"3045","192",,"34.891","104.477",,"3.78","585.53","cold/snow","Temperate Broadleaf & Mixed Forests",,,"0","10",,,"grassland",,,"2021","bulk soil",,,,,,"1300","800","500",,,"291","105","3.886310905",,"0.52","7.4",,"39.88","4.2","55.92",
"3046","192",,"34.533","105.161",,"9.49","600.31","cold/snow","Temperate Broadleaf & Mixed Forests",,,"0","10",,,"shrubland",,,"2021","bulk soil",,,,,,"2100","1200","900",,,"312","104","5.684454756",,"0.82","6.3",,"39.77","5.3","54.93",
"3047","192",,"34.534","106.429",,"9.05","571.22","cold/snow","Temperate Broadleaf & Mixed Forests",,,"0","10",,,"forest",,,"2021","bulk soil",,,,,,"3300","1900","1400",,,"342","126","7.83062645",,"0.55","8.6",,"32.2","4.6","63.2",
"3048","192",,"35.718","109.427",,"11.15","607.49","cold/snow","Temperate Broadleaf & Mixed Forests",,,"0","10",,,"forest",,,"2021","bulk soil",,,,,,"5000","3200","1800",,,"371","121","10.20881671",,"0.78","8",,"34.53","5.2","60.27",
"3049","192",,"34.895","107.674",,"10.08","659.32","cold/snow","Temperate Broadleaf & Mixed Forests",,,"0","10",,,"forest",,,"2021","bulk soil",,,,,,"4000","2500","1500",,,"328","138","8.410672854",,"0.77","8.6",,"36.96","5.7","57.34",
"3050","192",,"34.885","108.473",,"10.78","588.51","temperate","Temperate Broadleaf & Mixed Forests",,,"0","10",,,"shrubland",,,"2021","bulk soil",,,,,,"4200","2300","1900",,,"317","93","12.55452436",,"0.63","7.1",,"30.3","5.9","63.8",
"3051","192",,"34.894","109.274",,"14.82","586.87","temperate","Temperate Broadleaf & Mixed Forests",,,"0","10",,,"shrubland",,,"2021","bulk soil",,,,,,"7500","3900","3600",,,"309","109","17.53364269",,"0.53","6.1",,"44.41","3","52.59",
"3052","192",,"34.893","110.074",,"14.32","713.84","temperate","Temperate Broadleaf & Mixed Forests",,,"0","10",,,"shrubland",,,"2021","bulk soil",,,,,,"4300","2500","1800",,,"290","102","13.62645012",,"0.89","6.2",,"45.01","4","50.99",
"3053","192",,"34.892","110.873",,"12.5","564.32","temperate","Temperate Broadleaf & Mixed Forests",,,"0","10",,,"shrubland",,,"2021","bulk soil",,,,,,"5900","3200","2700",,,"290","104","15.25058005",,"0.64","6",,"38.24","5.2","56.56",
"3054","192",,"34.894","111.672",,"12.94","581.04","temperate","Temperate Broadleaf & Mixed Forests",,,"0","10",,,"forest",,,"2021","bulk soil",,,,,,"2500","1600","900",,,"375","136","4.872389791",,"0.79","7.3",,"35.2","4.6","60.2",
"3055","192",,"34.893","112.473",,"14.18","628.22","temperate","Temperate Broadleaf & Mixed Forests",,,"0","10",,,"forest",,,"2021","bulk soil",,,,,,"3700","2300","1400",,,"323","101","9.07424594",,"0.76","7.6",,"36.89","3.5","59.61",
"3056","192",,"34.892","113.272",,"14.25","638.27","temperate","Temperate Broadleaf & Mixed Forests",,,"0","10",,,"shrubland",,,"2021","bulk soil",,,,,,"8400","4900","3500",,,"257","100","20.92088143",,"0.6","6.7",,"29.71","4.6","65.69",
"3057","192",,"35.695","102.068",,"1.99","447.73","cold/snow","Montane Grasslands & Shrublands",,,"0","10",,,"grassland",,,"2021","bulk soil",,,,,,"1500","900","600",,,"251","114","2.668213457",,"0.72","7.2",,"39.45","5.6","54.95",
"3058","192",,"35.694","102.875",,"3","480.93","cold/snow","Montane Grasslands & Shrublands",,,"0","10",,,"grassland",,,"2021","bulk soil",,,,,,"2700","1600","1100",,,"250","94","5.046403712",,"0.6","8",,"34.93","3.1","61.97",
"3059","192",,"35.693","103.676",,"6.83","403.16","cold/snow","Montane Grasslands & Shrublands",,,"0","10",,,"shrubland",,,"2021","bulk soil",,,,,,"3900","2100","1800",,,"301","120","8.990719258",,"0.68","7.5",,"38.39","4.8","56.81",
"3060","192",,"35.695","104.472",,"6.74","397.01","arid","Montane Grasslands & Shrublands",,,"0","10",,,"grassland",,,"2021","bulk soil",,,,,,"2600","1500","1100",,,"250","110","4.466357309",,"0.67","7.4",,"38.65","4.7","56.65",
"3061","192",,"35.695","105.277",,"5.98","456.2","cold/snow","Montane Grasslands & Shrublands",,,"0","10",,,"shrubland",,,"2021","bulk soil",,,,,,"2700","1500","1200",,,"280","92","9.974950077",,"0.54","7.7",,"31.44","4.2","64.36",
"3062","192",,"35.696","106.069",,"5.82","497.73","cold/snow","Montane Grasslands & Shrublands",,,"0","10",,,"forest",,,"2021","bulk soil",,,,,,"2500","1400","1100",,,"290","126","7.424593968",,"0.58","7.8",,"29.77","5.5","64.73",
"3063","192",,"35.691","106.88",,"9.14","515.29","cold/snow","Montane Grasslands & Shrublands",,,"0","10",,,"forest",,,"2021","bulk soil",,,,,,"1300","800","500",,,"336","121","3.538283063",,"0.75","7.4",,"38.77","4.4","56.83",
"3064","192",,"35.692","107.677",,"9.76","563.95","cold/snow","Temperate Broadleaf & Mixed Forests",,,"0","10",,,"forest",,,"2021","bulk soil",,,,,,"1300","800","500",,,"303","100","2.42855763",,"0.67","8",,"35.02","5.5","59.48",
"3065","192",,"35.704","108.474",,"9.14","575.21","cold/snow","Temperate Broadleaf & Mixed Forests",,,"0","10",,,"forest",,,"2021","bulk soil",,,,,,"1500","900","600",,,"361","142","3.248259861",,"0.77","8.4",,"36.75","3.9","59.35",
"3066","192",,"35.691","109.281",,"11.15","607.49","cold/snow","Temperate Broadleaf & Mixed Forests",,,"0","10",,,"forest",,,"2021","bulk soil",,,,,,"1600","1100","500",,,"343","131","2.726218097",,"0.69","7.3",,"34.55","5.6","59.85",
"3067","192",,"35.696","110.075",,"8.96","570.75","cold/snow","Temperate Broadleaf & Mixed Forests",,,"0","10",,,"forest",,,"2021","bulk soil",,,,,,"2000","1200","800",,,"322","111","4.176334107",,"0.79","7.1",,"29.11","3.2","67.69",
"3068","192",,"35.686","110.868",,"10.84","543.32","cold/snow","Temperate Broadleaf & Mixed Forests",,,"0","10",,,"grassland",,,"2021","bulk soil",,,,,,"2300","1400","900",,,"298","112","4.872389791",,"0.8","7",,"38.56","4.5","56.94",
"3069","192",,"35.694","111.674",,"12.64","548.71","cold/snow","Temperate Broadleaf & Mixed Forests",,,"0","10",,,"forest",,,"2021","bulk soil",,,,,,"4900","2800","2100",,,"384","117","9.39675174",,"0.72","8",,"30.58","4.3","65.12",
"3070","192",,"35.695","112.476",,"9.76","583.26","cold/snow","Temperate Broadleaf & Mixed Forests",,,"0","10",,,"forest",,,"2021","bulk soil",,,,,,"3600","2100","1500",,,"299","141","6.26450116",,"0.79","8.3",,"29.2","5.1","65.7",
"3071","192",,"35.685","113.272",,"9.18","543.48","cold/snow","Temperate Broadleaf & Mixed Forests",,,"0","10",,,"forest",,,"2021","bulk soil",,,,,,"4600","2800","1800",,,"307","141","8.584686775",,"0.71","8.3",,"33.43","5.5","61.07",
"3072","192",,"36.499","101.28",,"-0.74","373.18","cold/snow","Montane Grasslands & Shrublands",,,"0","10",,,"shrubland",,,"2021","bulk soil",,,,,,"4900","2800","2100",,,"327","97","15.4361949",,"0.66","8",,"45.52","5.9","48.58",
"3073","192",,"36.493","102.074",,"-1.16","403.06","cold/snow","Montane Grasslands & Shrublands",,,"0","10",,,"shrubland",,,"2021","bulk soil",,,,,,"3800","2100","1700",,,"324","113","13.91415313",,"0.85","7.7",,"36.43","5.4","58.17",
"3074","192",,"36.494","102.878",,"6.36","405.03","cold/snow","Montane Grasslands & Shrublands",,,"0","10",,,"cropland",,,"2021","bulk soil",,,,,,"3100","2400","700",,,"229","68","7.192575406",,"0.43","9",,"30.21","5.8","63.99",
"3075","192",,"36.486","103.609",,"7.42","331.47","arid","Deserts & Xeric Shrublands",,,"0","10",,,"forest",,,"2021","bulk soil",,,,,,"2400","1300","1100",,,"307","108","7.83062645",,"0.62","8.8",,"32.11","3.7","64.19",
"3076","192",,"36.485","104.486",,"5.63","309.1","arid","Deserts & Xeric Shrublands",,,"0","10",,,"shrubland",,,"2021","bulk soil",,,,,,"3200","1800","1400",,,"326","101","7.819519179",,"0.89","6.2",,"43.18","4","52.82",
"3077","192",,"36.496","105.274",,"6.08","333.26","arid","Montane Grasslands & Shrublands",,,"0","10",,,"cropland",,,"2021","bulk soil",,,,,,"3500","2300","1200",,,"217","65","6.206580151",,"0.4","7.7",,"29.87","4.3","65.83",
"3078","192",,"36.478","106.088",,"7.7","441.29","cold/snow","Montane Grasslands & Shrublands",,,"0","10",,,"shrubland",,,"2021","bulk soil",,,,,,"3500","1900","1600",,,"294","108","10.9380179",,"0.87","7.6",,"31.8","4.5","63.7",
"3079","192",,"36.495","106.899",,"7.53","479.92","cold/snow","Montane Grasslands & Shrublands",,,"0","10",,,"grassland",,,"2021","bulk soil",,,,,,"4700","2600","2100",,,"266","102","13.82488479",,"0.69","7.8",,"36.46","5.2","58.34",
"3080","192",,"36.502","107.675",,"8.28","469.85","cold/snow","Montane Grasslands & Shrublands",,,"0","10",,,"shrubland",,,"2021","bulk soil",,,,,,"4400","2300","2100",,,"270","115","11.45842036",,"0.81","7.5",,"41.63","3.1","55.27",
"3081","192",,"36.489","108.479",,"8.64","545.47","cold/snow","Temperate Broadleaf & Mixed Forests",,,"0","10",,,"forest",,,"2021","bulk soil",,,,,,"1600","900","700",,,"365","118","3.944315545",,"0.6","9",,"31.45","5","63.55",
"3082","192",,"36.485","109.277",,"9.51","559.34","cold/snow","Temperate Broadleaf & Mixed Forests",,,"0","10",,,"cropland",,,"2021","bulk soil",,,,,,"2600","1700","900",,,"231","64","4.872389791",,"0.63","7.6",,"29.16","3.8","67.04",
"3083","192",,"36.494","110.074",,"11.44","543.21","cold/snow","Temperate Broadleaf & Mixed Forests",,,"0","10",,,"forest",,,"2021","bulk soil",,,,,,"2000","1200","800",,,"369","146","5.916473318",,"0.57","7.9",,"31.42","6","62.58",
"3084","192",,"36.491","110.874",,"9.37","525.04","cold/snow","Temperate Broadleaf & Mixed Forests",,,"0","10",,,"shrubland",,,"2021","bulk soil",,,,,,"4300","2400","1900",,,"326","99","8.674234311",,"0.59","6.2",,"41.26","3.8","54.94",
"3085","192",,"36.501","111.687",,"10.64","507.51","arid","Temperate Broadleaf & Mixed Forests",,,"0","10",,,"shrubland",,,"2021","bulk soil",,,,,,"2400","1300","1100",,,"284","101","5.493561448",,"0.79","7",,"42.72","3.4","53.88",
"3086","192",,"36.49","112.494",,"10.83","536.35","cold/snow","Temperate Broadleaf & Mixed Forests",,,"0","10",,,"forest",,,"2021","bulk soil",,,,,,"5600","3100","2500",,,"390","109","14.34674041",,"0.76","8.1",,"37.72","4.8","57.48",
"3087","192",,"36.493","113.272",,"11.8","555.27","cold/snow","Temperate Broadleaf & Mixed Forests",,,"0","10",,,"cropland",,,"2021","bulk soil",,,,,,"4800","2700","2100",,,"223","68","9.955444166",,"0.61","7.9",,"34.13","5.1","60.77",
"3088","192",,"37.261","101.415",,"-2.09","505.18","polar","Montane Grasslands & Shrublands",,,"0","10",,,"grassland",,,"2021","bulk soil",,,,,,"5800","3100","2700",,,"278","103","12.9350348",,"0.6","6.9",,"39.43","4.3","56.27",
"3089","192",,"37.296","102.089",,"-3.6","428.73","cold/snow","Montane Grasslands & Shrublands",,,"0","10",,,"grassland",,,"2021","bulk soil",,,,,,"1600","900","700",,,"270","106","4.234338747",,"0.77","6.2",,"38.7","3.6","57.7",
"3090","192",,"37.216","104.489",,"8.4","252.06","arid","Montane Grasslands & Shrublands",,,"0","10",,,"shrubland",,,"2021","bulk soil",,,,,,"2200","1300","900",,,"293","115","6.561926898",,"0.58","7.2",,"44.06","5.4","50.54",
"3091","192",,"37.359","105.283",,"6.32","209.89","arid","Montane Grasslands & Shrublands",,,"0","10",,,"shrubland",,,"2021","bulk soil",,,,,,"2300","1500","800",,,"321","103","6.67809663",,"0.83","7.7",,"37.35","5.8","56.85",
"3092","192",,"37.292","106.074",,"6.76","249.26","arid","Montane Grasslands & Shrublands",,,"0","10",,,"grassland",,,"2021","bulk soil",,,,,,"6600","3900","2700",,,"292","117","14.00520598",,"0.66","7.3",,"40.4","4.3","55.3",
"3093","192",,"37.292","106.875",,"7.89","313.72","arid","Montane Grasslands & Shrublands",,,"0","10",,,"forest",,,"2021","bulk soil",,,,,,"4300","2400","1900",,,"353","126","8.692788936",,"0.66","8",,"37.83","3.9","58.27",
"3094","192",,"37.295","107.669",,"7.6","393.37","arid","Montane Grasslands & Shrublands",,,"0","10",,,"cropland",,,"2021","bulk soil",,,,,,"2400","1600","800",,,"250","70","5.104408353",,"0.58","9.9",,"30.45","3.1","66.45",
"3095","192",,"37.297","108.479",,"7.67","461.91","arid","Montane Grasslands & Shrublands",,,"0","10",,,"shrubland",,,"2021","bulk soil",,,,,,"1900","900","1000",,,"279","91","4.69837587",,"0.63","7.2",,"32.67","3.6","63.73",
"3096","192",,"37.294","109.273",,"8.32","512.02","cold/snow","Montane Grasslands & Shrublands",,,"0","10",,,"cropland",,,"2021","bulk soil",,,,,,"5400","2800","2600",,,"242","69","8.990719258",,"0.79","8.6",,"31.03","4","64.97",
"3097","192",,"37.294","110.085",,"9.96","507.74","arid","Montane Grasslands & Shrublands",,,"0","10",,,"shrubland",,,"2021","bulk soil",,,,,,"1700","900","800",,,"281","95","5.162412993",,"0.9","6",,"43.53","5","51.47",
"3098","192",,"37.297","110.872",,"10.21","505.23","cold/snow","Temperate Broadleaf & Mixed Forests",,,"0","10",,,"shrubland",,,"2021","bulk soil",,,,,,"1500","900","600",,,"322","95","6.13493841",,"0.68","6.2",,"32.23","5.1","62.67",
"3099","192",,"37.297","111.671",,"10.96","504.36","arid","Temperate Broadleaf & Mixed Forests",,,"0","10",,,"cropland",,,"2021","bulk soil",,,,,,"3700","2100","1600",,,"228","60","7.853216249",,"0.71","7.5",,"32.19","3.3","64.51",
"3100","192",,"37.289","112.474",,"11.62","524.78","arid","Temperate Broadleaf & Mixed Forests",,,"0","10",,,"forest",,,"2021","bulk soil",,,,,,"4600","2500","2100",,,"385","145","10.67037697",,"0.59","9",,"36.81","5.2","57.99",
"3101","192",,"37.278","113.288",,"7.44","468.14","cold/snow","Temperate Broadleaf & Mixed Forests",,,"0","10",,,"cropland",,,"2021","bulk soil",,,,,,"5600","3200","2400",,,"212","70","11.24183831",,"0.79","9.5",,"30.92","4.8","64.28",
"3102","192",,"38.091","106.078",,"9.54","220.62","arid","Temperate Conifer Forests",,,"0","10",,,"cropland",,,"2021","bulk soil",,,,,,"3700","2300","1400",,,"216","70","6.771661622",,"0.44","8.1",,"34.3","5.7","60",
"3103","192",,"38.094","106.876",,"8.37","241.39","arid","Montane Grasslands & Shrublands",,,"0","10",,,"cropland",,,"2021","bulk soil",,,,,,"1600","900","700",,,"233","58","2.236089123",,"0.74","8.6",,"28.91","3.3","67.79",
"3104","192",,"38.074","107.064",,"7.61","286.94","arid","Montane Grasslands & Shrublands",,,"0","10",,,"shrubland",,,"2021","bulk soil",,,,,,"4300","2500","1800",,,"257","100","13.0974478",,"0.78","6.7",,"42.99","6","51.01",
"3105","192",,"38.093","108.473",,"8.14","344.77","arid","Montane Grasslands & Shrublands",,,"0","10",,,"forest",,,"2021","bulk soil",,,,,,"5200","2900","2300",,,"370","145","11.54292343",,"0.66","7",,"37.44","5","57.56",
"3106","192",,"38.096","109.266",,"8.79","423.39","arid","Montane Grasslands & Shrublands",,,"0","10",,,"shrubland",,,"2021","bulk soil",,,,,,"3500","1900","1600",,,"330","96","8.758700696",,"0.55","7.9",,"38.7","3.7","57.6",
"3107","192",,"38.095","110.075",,"8.7","421.49","cold/snow","Montane Grasslands & Shrublands",,,"0","10",,,"cropland",,,"2021","bulk soil",,,,,,"2100","1500","600",,,"242","60","5.452436195",,"0.77","8.2",,"31.83","5.8","62.37",
"3108","192",,"38.115","110.882",,"8.9","467.7","cold/snow","Montane Grasslands & Shrublands",,,"0","10",,,"forest",,,"2021","bulk soil",,,,,,"4400","2600","1800",,,"312","118","7.359828142",,"0.57","8.4",,"37.29","3","59.71",
"3109","192",,"38.097","111.698",,"7.37","460.91","cold/snow","Temperate Broadleaf & Mixed Forests",,,"0","10",,,"grassland",,,"2021","bulk soil",,,,,,"3500","2100","1400",,,"270","118","9.355465151",,"0.76","7.6",,"34.58","5.1","60.32",
"3110","192",,"38.096","112.476",,"5.51","443.41","cold/snow","Temperate Broadleaf & Mixed Forests",,,"0","10",,,"forest",,,"2021","bulk soil",,,,,,"3700","2300","1400",,,"324","127","7.914983118",,"0.71","8.3",,"35.87","3.6","60.53",
"3111","192",,"38.1","113.274",,"5.99","450.09","cold/snow","Temperate Broadleaf & Mixed Forests",,,"0","10",,,"forest",,,"2021","bulk soil",,,,,,"5000","2900","2100",,,"298","112","10.38792404",,"0.5","8",,"32.27","5.8","61.93",
"3112","192",,"38.875","106.179",,"9.38","186.72","arid","Temperate Conifer Forests",,,"0","10",,,"grassland",,,"2021","bulk soil",,,,,,"4100","2300","1800",,,"302","103","10.50863209",,"0.85","7.8",,"36.36","3","60.64",
"3113","192",,"38.889","106.85",,"9.06","209.97","arid","Montane Grasslands & Shrublands",,,"0","10",,,"grassland",,,"2021","bulk soil",,,,,,"2900","1600","1300",,,"270","103","10.81874244",,"0.81","8",,"32.67","3.6","63.73",
"3114","192",,"38.902","107.67",,"7.86","277.72","arid","Montane Grasslands & Shrublands",,,"0","10",,,"grassland",,,"2021","bulk soil",,,,,,"2400","1300","1100",,,"291","116","7.192575406",,"0.85","6.6",,"33.1","5.9","61",
"3115","192",,"38.867","108.376",,"7.78","307.77","arid","Montane Grasslands & Shrublands",,,"0","10",,,"forest",,,"2021","bulk soil",,,,,,"4200","2300","1900",,,"368","147","9.686774942",,"0.61","9",,"34.25","5.5","60.25",
"3116","192",,"38.882","109.314",,"8","398.02","arid","Montane Grasslands & Shrublands",,,"0","10",,,"forest",,,"2021","bulk soil",,,,,,"1900","1300","600",,,"300","112","4.002320186",,"0.56","7.4",,"38.3","4.8","56.9",
"3117","192",,"38.888","110.069",,"7.89","423.94","arid","Montane Grasslands & Shrublands",,,"0","10",,,"shrubland",,,"2021","bulk soil",,,,,,"2600","1500","1100",,,"296","103","5.275676616",,"0.81","7.9",,"32.08","5.7","62.22",
"3118","192",,"38.893","110.874",,"8.24","460.39","cold/snow","Montane Grasslands & Shrublands",,,"0","10",,,"grassland",,,"2021","bulk soil",,,,,,"1200","700","500",,,"275","98","3.889514223",,"0.62","7.5",,"40.57","4","55.43",
"3119","192",,"38.885","111.664",,"4","457.11","cold/snow","Temperate Grasslands, Savannas & Shrublands",,,"0","10",,,"grassland",,,"2021","bulk soil",,,,,,"3200","1700","1500",,,"274","112","10.35192628",,"0.78","7",,"37.27","3.9","58.83",
"3120","192",,"38.888","112.485",,"3.74","452.21","cold/snow","Temperate Broadleaf & Mixed Forests",,,"0","10",,,"grassland",,,"2021","bulk soil",,,,,,"2800","1500","1300",,,"309","95","8.004640371",,"0.88","7.2",,"37.35","5.3","57.35",
"3121","192",,"38.87","113.281",,"6.29","578.27","cold/snow","Temperate Broadleaf & Mixed Forests",,,"0","10",,,"cropland",,,"2021","bulk soil",,,,,,"1500","900","600",,,"220","70","2.68726275",,"0.68","7.2",,"34.83","3.6","61.57",
"3122","192",,"39.694","106.873",,"9.21","163.1","arid","Montane Grasslands & Shrublands",,,"0","10",,,"cropland",,,"2021","bulk soil",,,,,,"3000","1900","1100",,,"219","55","4.814385151",,"0.75","8.2",,"28.68","5","66.32",
"3123","192",,"39.705","107.683",,"7.01","227.43","arid","Montane Grasslands & Shrublands",,,"0","10",,,"shrubland",,,"2021","bulk soil",,,,,,"1200","700","500",,,"283","119","3.828306265",,"0.76","7.1",,"41.74","3.9","54.36",
"3124","192",,"39.694","108.475",,"7.01","264.19","arid","Montane Grasslands & Shrublands",,,"0","10",,,"cropland",,,"2021","bulk soil",,,,,,"3800","2300","1500",,,"221","60","7.366589327",,"0.45","9.4",,"29.37","4.9","65.73",
"3125","192",,"39.698","109.268",,"5.62","378","arid","Montane Grasslands & Shrublands",,,"0","10",,,"shrubland",,,"2021","bulk soil",,,,,,"1200","700","500",,,"253","103","2.54444",,"0.66","7.3",,"29.35","5.1","65.55",
"3126","192",,"39.687","110.07",,"6.41","397.36","arid","Montane Grasslands & Shrublands",,,"0","10",,,"grassland",,,"2021","bulk soil",,,,,,"2300","1400","900",,,"283","116","7.274783626",,"0.53","6.3",,"40.1","3.5","56.4",
"3127","192",,"39.694","110.874",,"7.12","396.88","arid","Montane Grasslands & Shrublands",,,"0","10",,,"shrubland",,,"2021","bulk soil",,,,,,"1000","600","400",,,"317","103","3.16275615",,"0.89","6.2",,"43.04","4.5","52.46",
"3128","192",,"39.694","111.674",,"5.71","400.16","cold/snow","Montane Grasslands & Shrublands",,,"0","10",,,"forest",,,"2021","bulk soil",,,,,,"2000","1500","500",,,"358","121","5.147032358",,"0.72","8.1",,"29.24","3.6","67.16",
"3129","192",,"39.692","112.476",,"5.01","418.89","cold/snow","Temperate Grasslands, Savannas & Shrublands",,,"0","10",,,"grassland",,,"2021","bulk soil",,,,,,"3500","1900","1600",,,"302","97","12.0369488",,"0.81","7.8",,"38.15","3","58.85",
"3130","192",,"39.693","113.274",,"8.07","450.82","cold/snow","Temperate Broadleaf & Mixed Forests",,,"0","10",,,"grassland",,,"2021","bulk soil",,,,,,"1200","700","500",,,"308","115","3.862849339",,"0.62","6",,"39.82","4.9","55.28",
"3131","192",,"39.689","114.075",,"9.66","398.04","cold/snow","Temperate Broadleaf & Mixed Forests",,,"0","10",,,"grassland",,,"2021","bulk soil",,,,,,"3600","1900","1700",,,"259","106","9.324755814",,"0.74","7.5",,"36.22","4","59.78",
"3132","192",,"40.501","106.863",,"8.39","136.77","arid","Deserts & Xeric Shrublands",,,"0","10",,,"cropland",,,"2021","bulk soil",,,,,,"3900","2800","1100",,,"222","63","9.512761021",,"0.51","8.4",,"29.72","5.5","64.78",
"3133","192",,"40.511","107.356",,"8.44","143.43","arid","Deserts & Xeric Shrublands",,,"0","10",,,"cropland",,,"2021","bulk soil",,,,,,"2300","1400","900",,,"212","56","5.336426914",,"0.5","9.1",,"34.78","4.5","60.72",
"3134","192",,"40.402","108.503",,"5.82","306.1","arid","Montane Grasslands & Shrublands",,,"0","10",,,"cropland",,,"2021","bulk soil",,,,,,"1900","1100","800",,,"239","60","4.350348028",,"0.49","7.6",,"34.16","5.3","60.54",
"3135","192",,"40.49","109.277",,"5.82","361.64","arid","Montane Grasslands & Shrublands",,,"0","10",,,"grassland",,,"2021","bulk soil",,,,,,"2900","1800","1100",,,"274","100","6.612529002",,"0.73","6.5",,"37.23","4.2","58.57",
"3136","192",,"40.496","110.071",,"6.11","377.94","arid","Temperate Grasslands, Savannas & Shrublands",,,"0","10",,,"cropland",,,"2021","bulk soil",,,,,,"3500","2100","1400",,,"221","66","6.856338595",,"0.75","8.5",,"29.96","3.8","66.24",
"3137","192",,"40.489","111.871",,"5.87","359.03","cold/snow","Temperate Grasslands, Savannas & Shrublands",,,"0","10",,,"cropland",,,"2021","bulk soil",,,,,,"3900","2300","1600",,,"229","55","7.12853433",,"0.72","7.4",,"31.01","5.4","63.59",
"3138","192",,"40.495","111.672",,"5.87","359.03","cold/snow","Temperate Grasslands, Savannas & Shrublands",,,"0","10",,,"shrubland",,,"2021","bulk soil",,,,,,"4400","2300","2100",,,"255","106","11.73316779",,"0.87","7.8",,"29.46","4","66.54",
"3139","192",,"40.494","114.073",,"3.17","384.52","cold/snow","Temperate Grasslands, Savannas & Shrublands",,,"0","10",,,"grassland",,,"2021","bulk soil",,,,,,"2100","1300","800",,,"262","107","6.025346291",,"0.65","7",,"38.75","3.3","57.95",
"3140","192",,"34.093","108.474",,"14.74","608.63","temperate","Temperate Broadleaf & Mixed Forests",,,"10","20",,,,,,"2021","bulk soil",,,,,,"7800","4700","3100",,,,,"16.88617342",,,,,,,,
"3141","192",,"34.095","109.274",,"13.01","616.94","temperate","Temperate Broadleaf & Mixed Forests",,,"10","20",,,,,,"2021","bulk soil",,,,,,"5200","2900","2300",,,,,"8.468677494",,,,,,,,
"3142","192",,"34.891","104.477",,"3.78","585.53","cold/snow","Temperate Broadleaf & Mixed Forests",,,"10","20",,,,,,"2021","bulk soil",,,,,,"800","600","200",,,,,"2.610208817",,,,,,,,
"3143","192",,"34.533","105.161",,"9.49","600.31","cold/snow","Temperate Broadleaf & Mixed Forests",,,"10","20",,,,,,"2021","bulk soil",,,,,,"1500","800","700",,,,,"4.176334107",,,,,,,,
"3144","192",,"34.534","106.429",,"9.05","571.22","cold/snow","Temperate Broadleaf & Mixed Forests",,,"10","20",,,,,,"2021","bulk soil",,,,,,"2700","1600","1100",,,,,"6.960556845",,,,,,,,
"3145","192",,"35.718","109.427",,"11.15","607.49","cold/snow","Temperate Broadleaf & Mixed Forests",,,"10","20",,,,,,"2021","bulk soil",,,,,,"4300","2800","1500",,,,,"7.598607889",,,,,,,,
"3146","192",,"34.895","107.674",,"10.08","659.32","cold/snow","Temperate Broadleaf & Mixed Forests",,,"10","20",,,,,,"2021","bulk soil",,,,,,"3500","2100","1400",,,,,"6.438515081",,,,,,,,
"3147","192",,"34.885","108.473",,"10.78","588.51","temperate","Temperate Broadleaf & Mixed Forests",,,"10","20",,,,,,"2021","bulk soil",,,,,,"3700","2100","1600",,,,,"9.032482599",,,,,,,,
"3148","192",,"34.894","109.274",,"14.82","586.87","temperate","Temperate Broadleaf & Mixed Forests",,,"10","20",,,,,,"2021","bulk soil",,,,,,"6000","3100","2900",,,,,"12.60324826",,,,,,,,
"3149","192",,"34.893","110.074",,"14.32","713.84","temperate","Temperate Broadleaf & Mixed Forests",,,"10","20",,,,,,"2021","bulk soil",,,,,,"3700","2100","1600",,,,,"11.23433875",,,,,,,,
"3150","192",,"34.892","110.873",,"12.5","564.32","temperate","Temperate Broadleaf & Mixed Forests",,,"10","20",,,,,,"2021","bulk soil",,,,,,"4900","2600","2300",,,,,"11.43851508",,,,,,,,
"3151","192",,"34.894","111.672",,"12.94","581.04","temperate","Temperate Broadleaf & Mixed Forests",,,"10","20",,,,,,"2021","bulk soil",,,,,,"2000","1300","700",,,,,"3.596287703",,,,,,,,
"3152","192",,"34.893","112.473",,"14.18","628.22","temperate","Temperate Broadleaf & Mixed Forests",,,"10","20",,,,,,"2021","bulk soil",,,,,,"3300","2100","1200",,,,,"7.378190255",,,,,,,,
"3153","192",,"34.892","113.272",,"14.25","638.27","temperate","Temperate Broadleaf & Mixed Forests",,,"10","20",,,,,,"2021","bulk soil",,,,,,"7300","4200","3100",,,,,"14.65561172",,,,,,,,
"3154","192",,"35.695","102.068",,"1.99","447.73","cold/snow","Montane Grasslands & Shrublands",,,"10","20",,,,,,"2021","bulk soil",,,,,,"1100","700","400",,,,,"1.914153132",,,,,,,,
"3155","192",,"35.694","102.875",,"3","480.93","cold/snow","Montane Grasslands & Shrublands",,,"10","20",,,,,,"2021","bulk soil",,,,,,"2200","1300","900",,,,,"3.596287703",,,,,,,,
"3156","192",,"35.693","103.676",,"6.83","403.16","cold/snow","Montane Grasslands & Shrublands",,,"10","20",,,,,,"2021","bulk soil",,,,,,"3100","1700","1400",,,,,"8.236658933",,,,,,,,
"3157","192",,"35.695","104.472",,"6.74","397.01","arid","Montane Grasslands & Shrublands",,,"10","20",,,,,,"2021","bulk soil",,,,,,"2000","1200","800",,,,,"2.262180974",,,,,,,,
"3158","192",,"35.695","105.277",,"5.98","456.2","cold/snow","Montane Grasslands & Shrublands",,,"10","20",,,,,,"2021","bulk soil",,,,,,"2000","1200","800",,,,,"6.50556094",,,,,,,,
"3159","192",,"35.696","106.069",,"5.82","497.73","cold/snow","Montane Grasslands & Shrublands",,,"10","20",,,,,,"2021","bulk soil",,,,,,"2100","1200","900",,,,,"4.872389791",,,,,,,,
"3160","192",,"35.691","106.88",,"9.14","515.29","cold/snow","Montane Grasslands & Shrublands",,,"10","20",,,,,,"2021","bulk soil",,,,,,"900","600","300",,,,,"2.552204176",,,,,,,,
"3161","192",,"35.692","107.677",,"9.76","563.95","cold/snow","Temperate Broadleaf & Mixed Forests",,,"10","20",,,,,,"2021","bulk soil",,,,,,"800","500","300",,,,,"1.932059172",,,,,,,,
"3162","192",,"35.704","108.474",,"9.14","575.21","cold/snow","Temperate Broadleaf & Mixed Forests",,,"10","20",,,,,,"2021","bulk soil",,,,,,"1000","600","400",,,,,"2.494199536",,,,,,,,
"3163","192",,"35.691","109.281",,"11.15","607.49","cold/snow","Temperate Broadleaf & Mixed Forests",,,"10","20",,,,,,"2021","bulk soil",,,,,,"1200","900","300",,,,,"2.030162413",,,,,,,,
"3164","192",,"35.696","110.075",,"8.96","570.75","cold/snow","Temperate Broadleaf & Mixed Forests",,,"10","20",,,,,,"2021","bulk soil",,,,,,"1300","800","500",,,,,"2.610208817",,,,,,,,
"3165","192",,"35.686","110.868",,"10.84","543.32","cold/snow","Temperate Broadleaf & Mixed Forests",,,"10","20",,,,,,"2021","bulk soil",,,,,,"1700","1100","600",,,,,"2.436194896",,,,,,,,
"3166","192",,"35.694","111.674",,"12.64","548.71","cold/snow","Temperate Broadleaf & Mixed Forests",,,"10","20",,,,,,"2021","bulk soil",,,,,,"3800","2300","1500",,,,,"8.410672854",,,,,,,,
"3167","192",,"35.695","112.476",,"9.76","583.26","cold/snow","Temperate Broadleaf & Mixed Forests",,,"10","20",,,,,,"2021","bulk soil",,,,,,"3000","1900","1100",,,,,"6.20649652",,,,,,,,
"3168","192",,"35.685","113.272",,"9.18","543.48","cold/snow","Temperate Broadleaf & Mixed Forests",,,"10","20",,,,,,"2021","bulk soil",,,,,,"3900","2400","1500",,,,,"6.148491879",,,,,,,,
"3169","192",,"36.499","101.28",,"-0.74","373.18","cold/snow","Montane Grasslands & Shrublands",,,"10","20",,,,,,"2021","bulk soil",,,,,,"4100","2300","1800",,,,,"13.56612529",,,,,,,,
"3170","192",,"36.493","102.074",,"-1.16","403.06","cold/snow","Montane Grasslands & Shrublands",,,"10","20",,,,,,"2021","bulk soil",,,,,,"2900","1600","1300",,,,,"11.79814385",,,,,,,,
"3171","192",,"36.494","102.878",,"6.36","405.03","cold/snow","Montane Grasslands & Shrublands",,,"10","20",,,,,,"2021","bulk soil",,,,,,"2600","2100","500",,,,,"6.090487239",,,,,,,,
"3172","192",,"36.486","103.609",,"7.42","331.47","arid","Deserts & Xeric Shrublands",,,"10","20",,,,,,"2021","bulk soil",,,,,,"1900","900","1000",,,,,"6.032482599",,,,,,,,
"3173","192",,"36.485","104.486",,"5.63","309.1","arid","Deserts & Xeric Shrublands",,,"10","20",,,,,,"2021","bulk soil",,,,,,"2400","1200","1200",,,,,"8.068851981",,,,,,,,
"3174","192",,"36.496","105.274",,"6.08","333.26","arid","Montane Grasslands & Shrublands",,,"10","20",,,,,,"2021","bulk soil",,,,,,"3000","1900","1100",,,,,"5.971122639",,,,,,,,
"3175","192",,"36.478","106.088",,"7.7","441.29","cold/snow","Montane Grasslands & Shrublands",,,"10","20",,,,,,"2021","bulk soil",,,,,,"2400","1300","1100",,,,,"9.027593627",,,,,,,,
"3176","192",,"36.495","106.899",,"7.53","479.92","cold/snow","Montane Grasslands & Shrublands",,,"10","20",,,,,,"2021","bulk soil",,,,,,"4000","2300","1700",,,,,"16.01182343",,,,,,,,
"3177","192",,"36.502","107.675",,"8.28","469.85","cold/snow","Montane Grasslands & Shrublands",,,"10","20",,,,,,"2021","bulk soil",,,,,,"3600","1800","1800",,,,,"7.484493739",,,,,,,,
"3178","192",,"36.489","108.479",,"8.64","545.47","cold/snow","Temperate Broadleaf & Mixed Forests",,,"10","20",,,,,,"2021","bulk soil",,,,,,"1400","800","600",,,,,"3.538283063",,,,,,,,
"3179","192",,"36.485","109.277",,"9.51","559.34","cold/snow","Temperate Broadleaf & Mixed Forests",,,"10","20",,,,,,"2021","bulk soil",,,,,,"2000","1300","700",,,,,"3.07424594",,,,,,,,
"3180","192",,"36.494","110.074",,"11.44","543.21","cold/snow","Temperate Broadleaf & Mixed Forests",,,"10","20",,,,,,"2021","bulk soil",,,,,,"1600","1100","500",,,,,"5.626450116",,,,,,,,
"3181","192",,"36.491","110.874",,"9.37","525.04","cold/snow","Temperate Broadleaf & Mixed Forests",,,"10","20",,,,,,"2021","bulk soil",,,,,,"2900","1700","1200",,,,,"9.380081178",,,,,,,,
"3182","192",,"36.501","111.687",,"10.64","507.51","arid","Temperate Broadleaf & Mixed Forests",,,"10","20",,,,,,"2021","bulk soil",,,,,,"1700","900","800",,,,,"4.924461741",,,,,,,,
"3183","192",,"36.49","112.494",,"10.83","536.35","cold/snow","Temperate Broadleaf & Mixed Forests",,,"10","20",,,,,,"2021","bulk soil",,,,,,"4600","2500","2100",,,,,"4.522328999",,,,,,,,
"3184","192",,"36.493","113.272",,"11.8","555.27","cold/snow","Temperate Broadleaf & Mixed Forests",,,"10","20",,,,,,"2021","bulk soil",,,,,,"3800","2100","1700",,,,,"8.998676429",,,,,,,,
"3185","192",,"37.261","101.415",,"-2.09","505.18","polar","Montane Grasslands & Shrublands",,,"10","20",,,,,,"2021","bulk soil",,,,,,"5000","2700","2300",,,,,"8.932714617",,,,,,,,
"3186","192",,"37.296","102.089",,"-3.6","428.73","cold/snow","Montane Grasslands & Shrublands",,,"10","20",,,,,,"2021","bulk soil",,,,,,"1100","700","400",,,,,"2.436194896",,,,,,,,
"3187","192",,"37.216","104.489",,"8.4","252.06","arid","Montane Grasslands & Shrublands",,,"10","20",,,,,,"2021","bulk soil",,,,,,"1400","800","600",,,,,"6.870133655",,,,,,,,
"3188","192",,"37.359","105.283",,"6.32","209.89","arid","Montane Grasslands & Shrublands",,,"10","20",,,,,,"2021","bulk soil",,,,,,"1800","1100","700",,,,,"3.672367237",,,,,,,,
"3189","192",,"37.292","106.074",,"6.76","249.26","arid","Montane Grasslands & Shrublands",,,"10","20",,,,,,"2021","bulk soil",,,,,,"5900","3500","2400",,,,,"9.849626027",,,,,,,,
"3190","192",,"37.292","106.875",,"7.89","313.72","arid","Montane Grasslands & Shrublands",,,"10","20",,,,,,"2021","bulk soil",,,,,,"3200","2100","1100",,,,,"13.76271139",,,,,,,,
"3191","192",,"37.295","107.669",,"7.6","393.37","arid","Montane Grasslands & Shrublands",,,"10","20",,,,,,"2021","bulk soil",,,,,,"1800","1300","500",,,,,"4.872389791",,,,,,,,
"3192","192",,"37.297","108.479",,"7.67","461.91","arid","Montane Grasslands & Shrublands",,,"10","20",,,,,,"2021","bulk soil",,,,,,"1200","500","700",,,,,"3.596287703",,,,,,,,
"3193","192",,"37.294","109.273",,"8.32","512.02","cold/snow","Montane Grasslands & Shrublands",,,"10","20",,,,,,"2021","bulk soil",,,,,,"4200","2100","2100",,,,,"7.134570766",,,,,,,,
"3194","192",,"37.294","110.085",,"9.96","507.74","arid","Montane Grasslands & Shrublands",,,"10","20",,,,,,"2021","bulk soil",,,,,,"1200","600","600",,,,,"4.060324826",,,,,,,,
"3195","192",,"37.297","110.872",,"10.21","505.23","cold/snow","Temperate Broadleaf & Mixed Forests",,,"10","20",,,,,,"2021","bulk soil",,,,,,"800","400","400",,,,,"5.946030099",,,,,,,,
"3196","192",,"37.297","111.671",,"10.96","504.36","arid","Temperate Broadleaf & Mixed Forests",,,"10","20",,,,,,"2021","bulk soil",,,,,,"3000","1900","1100",,,,,"5.001894657",,,,,,,,
"3197","192",,"37.289","112.474",,"11.62","524.78","arid","Temperate Broadleaf & Mixed Forests",,,"10","20",,,,,,"2021","bulk soil",,,,,,"3800","2100","1700",,,,,"7.28907582",,,,,,,,
"3198","192",,"37.278","113.288",,"7.44","468.14","cold/snow","Temperate Broadleaf & Mixed Forests",,,"10","20",,,,,,"2021","bulk soil",,,,,,"4400","2700","1700",,,,,"11.26472094",,,,,,,,
"3199","192",,"38.091","106.078",,"9.54","220.62","arid","Temperate Conifer Forests",,,"10","20",,,,,,"2021","bulk soil",,,,,,"3200","2100","1100",,,,,"4.371887439",,,,,,,,
"3200","192",,"38.094","106.876",,"8.37","241.39","arid","Montane Grasslands & Shrublands",,,"10","20",,,,,,"2021","bulk soil",,,,,,"1200","700","500",,,,,"3.494240039",,,,,,,,
"3201","192",,"38.074","107.064",,"7.61","286.94","arid","Montane Grasslands & Shrublands",,,"10","20",,,,,,"2021","bulk soil",,,,,,"3100","1800","1300",,,,,"11.84478951",,,,,,,,
"3202","192",,"38.093","108.473",,"8.14","344.77","arid","Montane Grasslands & Shrublands",,,"10","20",,,,,,"2021","bulk soil",,,,,,"4500","2600","1900",,,,,"9.454756381",,,,,,,,
"3203","192",,"38.096","109.266",,"8.79","423.39","arid","Montane Grasslands & Shrublands",,,"10","20",,,,,,"2021","bulk soil",,,,,,"2500","1200","1300",,,,,"7.076566125",,,,,,,,
"3204","192",,"38.095","110.075",,"8.7","421.49","cold/snow","Montane Grasslands & Shrublands",,,"10","20",,,,,,"2021","bulk soil",,,,,,"1500","1200","300",,,,,"4.466357309",,,,,,,,
"3205","192",,"38.115","110.882",,"8.9","467.7","cold/snow","Montane Grasslands & Shrublands",,,"10","20",,,,,,"2021","bulk soil",,,,,,"3000","1900","1100",,,,,"5.270629991",,,,,,,,
"3206","192",,"38.097","111.698",,"7.37","460.91","cold/snow","Temperate Broadleaf & Mixed Forests",,,"10","20",,,,,,"2021","bulk soil",,,,,,"3000","1900","1100",,,,,"10.76357078",,,,,,,,
"3207","192",,"38.096","112.476",,"5.51","443.41","cold/snow","Temperate Broadleaf & Mixed Forests",,,"10","20",,,,,,"2021","bulk soil",,,,,,"2900","1800","1100",,,,,"9.262767883",,,,,,,,
"3208","192",,"38.1","113.274",,"5.99","450.09","cold/snow","Temperate Broadleaf & Mixed Forests",,,"10","20",,,,,,"2021","bulk soil",,,,,,"4400","2600","1800",,,,,"13.07340585",,,,,,,,
"3209","192",,"38.875","106.179",,"9.38","186.72","arid","Temperate Conifer Forests",,,"10","20",,,,,,"2021","bulk soil",,,,,,"3700","2100","1600",,,,,"7.525469938",,,,,,,,
"3210","192",,"38.889","106.85",,"9.06","209.97","arid","Montane Grasslands & Shrublands",,,"10","20",,,,,,"2021","bulk soil",,,,,,"2400","1300","1100",,,,,"8.724934946",,,,,,,,
"3211","192",,"38.902","107.67",,"7.86","277.72","arid","Montane Grasslands & Shrublands",,,"10","20",,,,,,"2021","bulk soil",,,,,,"2000","1100","900",,,,,"6.380510441",,,,,,,,
"3212","192",,"38.867","108.376",,"7.78","307.77","arid","Montane Grasslands & Shrublands",,,"10","20",,,,,,"2021","bulk soil",,,,,,"3700","2100","1600",,,,,"7.714617169",,,,,,,,
"3213","192",,"38.882","109.314",,"8","398.02","arid","Montane Grasslands & Shrublands",,,"10","20",,,,,,"2021","bulk soil",,,,,,"1400","1100","300",,,,,"3.364269142",,,,,,,,
"3214","192",,"38.888","110.069",,"7.89","423.94","arid","Montane Grasslands & Shrublands",,,"10","20",,,,,,"2021","bulk soil",,,,,,"1900","1100","800",,,,,"5.025848268",,,,,,,,
"3215","192",,"38.893","110.874",,"8.24","460.39","cold/snow","Montane Grasslands & Shrublands",,,"10","20",,,,,,"2021","bulk soil",,,,,,"600","400","200",,,,,"3.123455433",,,,,,,,
"3216","192",,"38.885","111.664",,"4","457.11","cold/snow","Temperate Grasslands, Savannas & Shrublands",,,"10","20",,,,,,"2021","bulk soil",,,,,,"2600","1300","1300",,,,,"9.51438625",,,,,,,,
"3217","192",,"38.888","112.485",,"3.74","452.21","cold/snow","Temperate Broadleaf & Mixed Forests",,,"10","20",,,,,,"2021","bulk soil",,,,,,"2200","1100","1100",,,,,"6.496519722",,,,,,,,
"3218","192",,"38.87","113.281",,"6.29","578.27","cold/snow","Temperate Broadleaf & Mixed Forests",,,"10","20",,,,,,"2021","bulk soil",,,,,,"1000","700","300",,,,,"2.911479267",,,,,,,,
"3219","192",,"39.694","106.873",,"9.21","163.1","arid","Montane Grasslands & Shrublands",,,"10","20",,,,,,"2021","bulk soil",,,,,,"2500","1600","900",,,,,"4.002320186",,,,,,,,
"3220","192",,"39.705","107.683",,"7.01","227.43","arid","Montane Grasslands & Shrublands",,,"10","20",,,,,,"2021","bulk soil",,,,,,"700","300","400",,,,,"2.784222738",,,,,,,,
"3221","192",,"39.694","108.475",,"7.01","264.19","arid","Montane Grasslands & Shrublands",,,"10","20",,,,,,"2021","bulk soil",,,,,,"3200","1900","1300",,,,,"5.162412993",,,,,,,,
"3222","192",,"39.698","109.268",,"5.62","378","arid","Montane Grasslands & Shrublands",,,"10","20",,,,,,"2021","bulk soil",,,,,,"700","400","300",,,,,"12.94670693",,,,,,,,
"3223","192",,"39.687","110.07",,"6.41","397.36","arid","Montane Grasslands & Shrublands",,,"10","20",,,,,,"2021","bulk soil",,,,,,"1900","1200","700",,,,,"5.301768437",,,,,,,,
"3224","192",,"39.694","110.874",,"7.12","396.88","arid","Montane Grasslands & Shrublands",,,"10","20",,,,,,"2021","bulk soil",,,,,,"500","200","300",,,,,"3.464362341",,,,,,,,
"3225","192",,"39.694","111.674",,"5.71","400.16","cold/snow","Montane Grasslands & Shrublands",,,"10","20",,,,,,"2021","bulk soil",,,,,,"1500","1200","300",,,,,"8.233114492",,,,,,,,
"3226","192",,"39.692","112.476",,"5.01","418.89","cold/snow","Temperate Grasslands, Savannas & Shrublands",,,"10","20",,,,,,"2021","bulk soil",,,,,,"2400","1300","1100",,,,,"8.359172847",,,,,,,,
"3227","192",,"39.693","113.274",,"8.07","450.82","cold/snow","Temperate Broadleaf & Mixed Forests",,,"10","20",,,,,,"2021","bulk soil",,,,,,"800","500","300",,,,,"3.699836731",,,,,,,,
"3228","192",,"39.689","114.075",,"9.66","398.04","cold/snow","Temperate Broadleaf & Mixed Forests",,,"10","20",,,,,,"2021","bulk soil",,,,,,"2800","1400","1400",,,,,"11.83659489",,,,,,,,
"3229","192",,"40.501","106.863",,"8.39","136.77","arid","Deserts & Xeric Shrublands",,,"10","20",,,,,,"2021","bulk soil",,,,,,"3100","2300","800",,,,,"7.192575406",,,,,,,,
"3230","192",,"40.511","107.356",,"8.44","143.43","arid","Deserts & Xeric Shrublands",,,"10","20",,,,,,"2021","bulk soil",,,,,,"1900","1100","800",,,,,"3.944315545",,,,,,,,
"3231","192",,"40.402","108.503",,"5.82","306.1","arid","Montane Grasslands & Shrublands",,,"10","20",,,,,,"2021","bulk soil",,,,,,"1500","900","600",,,,,"4.060324826",,,,,,,,
"3232","192",,"40.49","109.277",,"5.82","361.64","arid","Montane Grasslands & Shrublands",,,"10","20",,,,,,"2021","bulk soil",,,,,,"2300","1500","800",,,,,"5.916473318",,,,,,,,
"3233","192",,"40.496","110.071",,"6.11","377.94","arid","Temperate Grasslands, Savannas & Shrublands",,,"10","20",,,,,,"2021","bulk soil",,,,,,"3000","1800","1200",,,,,"6.149499564",,,,,,,,
"3234","192",,"40.489","111.871",,"5.87","359.03","cold/snow","Temperate Grasslands, Savannas & Shrublands",,,"10","20",,,,,,"2021","bulk soil",,,,,,"3200","2100","1100",,,,,"6.945005249",,,,,,,,
"3235","192",,"40.495","111.672",,"5.87","359.03","cold/snow","Temperate Grasslands, Savannas & Shrublands",,,"10","20",,,,,,"2021","bulk soil",,,,,,"3600","1800","1800",,,,,"2.669384586",,,,,,,,
"3236","192",,"40.494","114.073",,"3.17","384.52","cold/snow","Temperate Grasslands, Savannas & Shrublands",,,"10","20",,,,,,"2021","bulk soil",,,,,,"1600","1100","500",,,,,"6.227590111",,,,,,,,
"3237","195",,"30.12","101.71",,"-0.29","876.5","cold/snow","Montane Grasslands & Shrublands",,,"0","20",,,"forest",,"Picea_likiangensis_var_balfouriana","2018","rhizosphere",,"770","60",,,"8859.8","6159.8","2700",,,"135.64",,"31.66",,"2.45","6.71",,,,,"3831"
"3238","195",,"30.2","101.34",,"0.85","810.37","cold/snow","Temperate Conifer Forests",,,"0","20",,,"forest",,"Abies_squamata","2018","rhizosphere",,"1270","110",,,"14967.9","10017.9","4950",,,"263.36",,"63.96",,"4.57","5.55",,,,,"3992"
"3239","195",,"30.12","101.4",,"0.85","810.37","cold/snow","Montane Grasslands & Shrublands",,,"0","20",,,"forest",,"Picea_likiangensis","2018","rhizosphere",,"1400","80",,,"15173","11573","3600",,,"323.89",,"71.83",,"4.71","6.28",,,,,"3732"
"3240","195",,"30.15","101.27",,"0.85","810.37","cold/snow","Temperate Conifer Forests",,,"0","20",,,"forest",,"Pinus_densata","2018","rhizosphere",,"450","30",,,"5014.9","3664.9","1350",,,"124.82",,"23.33",,"2.03","5.69",,,,,"3038"
"3241","195",,"30.1","100.95",,"9.11","756.4","polar","Temperate Conifer Forests",,,"0","20",,,"forest",,"Abies_ernestii","2018","rhizosphere",,"1360","110",,,"15777.9","10827.9","4950",,,"416.07",,"93.14",,"5.86","6.67",,,,,"3241"
"3242","195",,"29.98","100.48",,"3.99","737.93","polar","Montane Grasslands & Shrublands",,,"0","20",,,"forest",,"Picea_likiangensis_var_balfouriana","2018","rhizosphere",,"940","80",,,"11033","7433","3600",,,"618.17",,"48.59",,"4.08","6.14",,,,,"3990"
"3243","195",,"29.95","100.45",,"3.99","737.93","polar","Montane Grasslands & Shrublands",,,"0","20",,,"forest",,"Abies_squamata","2018","rhizosphere",,"1180","150",,,"15444.4","8694.4","6750",,,"968.88",,"73.27",,"5.63","6.71",,,,,"3905"
"3244","195",,"28.83","100.29",,"3.4","690.18","polar","Montane Grasslands & Shrublands",,,"0","20",,,"forest",,"Picea_likiangensis_var_linzhiensis","2018","rhizosphere",,"650","50",,,"7458.1","5208.1","2250",,,"161.78",,"64.75",,"3.26","5.38",,,,,"3876"
"3245","195",,"30.34","99.57",,"2.78","632.27","polar","Temperate Conifer Forests",,,"0","20",,,"forest",,"Abies_squamata","2018","rhizosphere",,"640","90",,,"8654.7","4604.7","4050",,,"176.2",,"59.13",,"3.7","5.69",,,,,"3876"
"3246","195",,"30.42","99.46",,"9.74","561.31","cold/snow","Montane Grasslands & Shrublands",,,"0","20",,,"forest",,"Abies_ernestii","2018","rhizosphere",,"2110","130",,,"23171.2","17321.2","5850",,,"1006.77",,"106.78",,"8.25","7.71",,,,,"3324"
"3247","195",,"30.31","100.31",,"2.4","735.43","polar","Temperate Conifer Forests",,,"0","20",,,"forest",,"Abies_squamata","2018","rhizosphere",,"2140","140",,,"23762.8","17462.8","6300",,,"917.05",,"82.55",,"6.13","5.52",,,,,"4106"
"3248","195",,"30.3","100.39",,"2.4","735.43","polar","Temperate Conifer Forests",,,"0","20",,,"forest",,"Picea_likiangensis_var_balfouriana","2018","rhizosphere",,"1390","80",,,"15083","11483","3600",,,"340.89",,"91.27",,"6.14","5.91",,,,,"3753"
"3249","195",,"31.65","100.73",,"0.77","673.21","polar","Montane Grasslands & Shrublands",,,"0","20",,,"forest",,"Picea_likiangensis_var_balfouriana","2018","rhizosphere",,"1740","100",,,"18876.3","14376.3","4500",,,"492.78",,"70.5",,"5.37","7.02",,,,,"3361"
"3250","195",,"32.1","100.71",,"-0.61","687.66","polar","Montane Grasslands & Shrublands",,,"0","20",,,"forest",,"Picea_likiangensis_var_balfouriana","2018","rhizosphere",,"1190","80",,,"13283","9683","3600",,,"266.86",,"58.26",,"5","7.81",,,,,"3476"
"3251","195",,"27.8","101.29",,"5.62","1020.62","temperate","Temperate Conifer Forests",,,"0","20",,,"forest",,"Picea_likiangensis_var_balfouriana","2018","rhizosphere",,"840","190",,,"13671","5121","8550",,,"290.25",,"69.14",,"5.7","6.59",,,,,"3252"
"3252","195",,"28.12","101.23",,"2.31","975.97","temperate","Montane Grasslands & Shrublands",,,"0","20",,,"forest",,"Abies_forrestii","2018","rhizosphere",,"1740","90",,,"18554.7","14504.7","4050",,,"764.55",,"73.94",,"4.45","5.19",,,,,"3639"
"3253","195",,"28.13","101.17",,"2.31","975.97","temperate","Montane Grasslands & Shrublands",,,"0","20",,,"forest",,"Abies_forrestii","2018","rhizosphere",,"1750","110",,,"19287.9","14337.9","4950",,,"301.82",,"102.16",,"5.8","5.07",,,,,"3562"
"3254","195",,"28.13","101.16",,"2.31","975.97","temperate","Montane Grasslands & Shrublands",,,"0","20",,,"forest",,"Picea_likiangensis_var_linzhiensis","2018","rhizosphere",,"1620","120",,,"18439.6","13039.6","5400",,,"284.33",,"92.19",,"6.98","5.54",,,,,"3578"
"3255","195",,"26.11","102.87",,"14.38","879.61","temperate","Tropical & Subtropical Moist Broadleaf Forests",,,"0","20",,,"forest",,"Pinus_armandii","2018","rhizosphere",,"450","70",,,"6301.4","3151.4","3150",,,"237.62",,"46.11",,"3.61","5.11",,,,,"2691"
"3256","195",,"25.09","101.52",,"14.57","876.97","temperate","Tropical & Subtropical Moist Broadleaf Forests",,,"0","20",,,"forest",,"Pinus_armandii","2018","rhizosphere",,"780","100",,,"10236.3","5736.3","4500",,,"301.7",,"68.59",,"4.93","5.08",,,,,"2463"
"3257","195",,"25.13","101.45",,"16.49","925.15","temperate","Tropical & Subtropical Moist Broadleaf Forests",,,"0","20",,,"forest",,"Pinus_yunnanensis","2018","rhizosphere",,"820","80",,,"9953","6353","3600",,,"136.61",,"61.33",,"3.8","5.18",,,,,"2426"
"3258","195",,"26.14","99.95",,"8.76","1142.44","temperate","Tropical & Subtropical Moist Broadleaf Forests",,,"0","20",,,"forest",,"Pinus_armandii","2018","rhizosphere",,"1330","140",,,"16472.8","10172.8","6300",,,"868.71",,"105.44",,"7.3","4.75",,,,,"3052"
"3259","195",,"27.9","99.71",,"6.89","869.37","temperate","Temperate Conifer Forests",,,"0","20",,,"forest",,"Picea_likiangensis","2018","rhizosphere",,"1220","70",,,"13231.4","10081.4","3150",,,"328.51",,"138.12",,"7.2","5.6",,,,,"3499"
"3260","195",,"27.4","100.12",,"13.54","943.97","temperate","Temperate Conifer Forests",,,"0","20",,,"forest",,"Pinus_armandii","2018","rhizosphere",,"600","50",,,"7008.1","4758.1","2250",,,"193.39",,"56.39",,"3.73","5.4",,,,,"3136"
"3261","195",,"28.39","99.17",,"10.59","687.56","temperate","Temperate Conifer Forests",,,"0","20",,,"forest",,"Picea_likiangensis","2018","rhizosphere",,"640","100",,,"8976.3","4476.3","4500",,,"249.83",,"105.44",,"5.66","4.93",,,,,"4006"
"3262","195",,"29.31","98.73",,"6.77","602.28","cold/snow","Montane Grasslands & Shrublands",,,"0","20",,,"forest",,"Abies_squamata","2018","rhizosphere",,"640","50",,,"7368.1","5118.1","2250",,,"290.24",,"63.05",,"4.32","5.17",,,,,"4163"
"3263","195",,"29.8","97.92",,"5.58","584.22","cold/snow","Montane Grasslands & Shrublands",,,"0","20",,,"forest",,"Picea_likiangensis_var_balfouriana","2018","rhizosphere",,"530","40",,,"6056.5","4256.5","1800",,,"242.84",,"29.75",,"2.07","6.15",,,,,"3854"
"3264","195",,"29.81","94.81",,"5.13","755.37","cold/snow","Temperate Conifer Forests",,,"0","20",,,"forest",,"Abies_squamata","2018","rhizosphere",,"820","100",,,"10596.3","6096.3","4500",,,"186.71",,"55.87",,"3.48","4.94",,,,,"3543"
"3265","195",,"29.58","94.57",,"5.13","755.37","cold/snow","Temperate Conifer Forests",,,"0","20",,,"forest",,"Picea_likiangensis_var_linzhiensis","2018","rhizosphere",,"870","60",,,"9759.8","7059.8","2700",,,"583.36",,"37.77",,"2.38","5.05",,,,,"3307"
"3266","195",,"29.66","94.57",,"5.13","755.37","cold/snow","Temperate Conifer Forests",,,"0","20",,,"forest",,"Abies_squamata","2018","rhizosphere",,"830","80",,,"10043","6443","3600",,,"140.61",,"48.59",,"3.23","5.38",,,,,"3648"
"3267","195",,"29.93","95.73",,"-1.8","912.06","cold/snow","Temperate Conifer Forests",,,"0","20",,,"forest",,"Abies_squamata","2018","rhizosphere",,"640","30",,,"6724.9","5374.9","1350",,,"302.61",,"36.49",,"2.56","5.34",,,,,"3301"
"3268","195",,"29.93","95.79",,"-1.8","912.06","cold/snow","Temperate Conifer Forests",,,"0","20",,,"forest",,"Picea_likiangensis_var_linzhiensis","2018","rhizosphere",,"960","200",,,"15072.6","6072.6","9000",,,"194.27",,"45.4",,"3.21","4.89",,,,,"3048"
"3269","195",,"29.61","96.8",,"3.06","778.65","polar","Montane Grasslands & Shrublands",,,"0","20",,,"forest",,"Picea_likiangensis_var_balfouriana","2018","rhizosphere",,"450","40",,,"5336.5","3536.5","1800",,,"279.8",,"43.43",,"4.04","6.57",,,,,"4084"
"3270","195",,"30.92","96.64",,"3.51","547.42","polar","Montane Grasslands & Shrublands",,,"0","20",,,"forest",,"Picea_likiangensis_var_balfouriana","2018","rhizosphere",,"790","80",,,"9683","6083","3600",,,"224.83",,"58.32",,"4.03","5.43",,,,,"4323"
"3271","195",,"31.2","97.3",,"4.14","502.08","polar","Montane Grasslands & Shrublands",,,"0","20",,,"forest",,"Picea_likiangensis_var_balfouriana","2018","rhizosphere",,"810","100",,,"10506.3","6006.3","4500",,,"233.04",,"40.73",,"3.51","5.88",,,,,"3372"
"3272","195",,"31.61","96.44",,"4.19","561.86","polar","Temperate Conifer Forests",,,"0","20",,,"forest",,"Picea_likiangensis_var_balfouriana","2018","rhizosphere",,"640","60",,,"7689.8","4989.8","2700",,,"199.13",,"43.04",,"3.64","5.35",,,,,"3965"
"3273","195",,"31.57","97.34",,"3.7","524.56","polar","Montane Grasslands & Shrublands",,,"0","20",,,"forest",,"Picea_likiangensis_var_balfouriana","2018","rhizosphere",,"1150","80",,,"12923","9323","3600",,,"210.98",,"53.94",,"4.15","5.51",,,,,"3470"
"3274","195",,"31.98","98.97",,"2","645.71","polar","Montane Grasslands & Shrublands",,,"0","20",,,"forest",,"Picea_likiangensis_var_balfouriana","2018","rhizosphere",,"630","90",,,"8564.7","4514.7","4050",,,"153.77",,"56.75",,"4.43","5.25",,,,,"4225"
"3275","195",,"32.32","103.47",,"7.35","787.97","temperate","Temperate Conifer Forests",,,"0","20",,,"forest",,"Abies_faxoniana","2018","rhizosphere",,"920","80",,,"10853","7253","3600",,,"170.51",,"68.64",,"4.86","4.75",,,,,"3719"
"3276","195",,"30.12","101.71",,"-0.29","876.5","cold/snow","Montane Grasslands & Shrublands",,,"0","20",,,"forest",,"Picea_likiangensis_var_balfouriana","2018","bulk soil",,"460","50",,,"5748.1","3498.1","2250",,,"72.28",,"20.69",,,,,,,,"3831"
"3277","195",,"30.2","101.34",,"0.85","810.37","cold/snow","Temperate Conifer Forests",,,"0","20",,,"forest",,"Abies_squamata","2018","bulk soil",,"780","70",,,"9271.4","6121.4","3150",,,"159.25",,"50.71",,,,,,,,"3992"
"3278","195",,"30.12","101.4",,"0.85","810.37","cold/snow","Montane Grasslands & Shrublands",,,"0","20",,,"forest",,"Picea_likiangensis","2018","bulk soil",,"790","50",,,"8718.1","6468.1","2250",,,"155.76",,"54.5",,,,,,,,"3732"
"3279","195",,"30.15","101.27",,"0.85","810.37","cold/snow","Temperate Conifer Forests",,,"0","20",,,"forest",,"Pinus_densata","2018","bulk soil",,"360","20",,,"3883.3","2983.3","900",,,"45.09",,"16.95",,,,,,,,"3038"
"3280","195",,"30.1","100.95",,"9.11","756.4","polar","Temperate Conifer Forests",,,"0","20",,,"forest",,"Abies_ernestii","2018","bulk soil",,"860","70",,,"9991.4","6841.4","3150",,,"121.27",,"35.04",,,,,,,,"3241"
"3281","195",,"29.98","100.48",,"3.99","737.93","polar","Montane Grasslands & Shrublands",,,"0","20",,,"forest",,"Picea_likiangensis_var_balfouriana","2018","bulk soil",,"530","60",,,"6699.8","3999.8","2700",,,"117.12",,"33.09",,,,,,,,"3990"
"3282","195",,"29.95","100.45",,"3.99","737.93","polar","Montane Grasslands & Shrublands",,,"0","20",,,"forest",,"Abies_squamata","2018","bulk soil",,"740","60",,,"8589.8","5889.8","2700",,,"65.22",,"48.25",,,,,,,,"3905"
"3283","195",,"28.83","100.29",,"3.4","690.18","polar","Montane Grasslands & Shrublands",,,"0","20",,,"forest",,"Picea_likiangensis_var_linzhiensis","2018","bulk soil",,"470","50",,,"5838.1","3588.1","2250",,,"65.36",,"53.82",,,,,,,,"3876"
"3284","195",,"30.34","99.57",,"2.78","632.27","polar","Temperate Conifer Forests",,,"0","20",,,"forest",,"Abies_squamata","2018","bulk soil",,"530","50",,,"6378.1","4128.1","2250",,,"141.35",,"57.21",,,,,,,,"3876"
"3285","195",,"30.42","99.46",,"9.74","561.31","cold/snow","Montane Grasslands & Shrublands",,,"0","20",,,"forest",,"Abies_ernestii","2018","bulk soil",,"950","110",,,"12087.9","7137.9","4950",,,"201.76",,"85.54",,,,,,,,"3324"
"3286","195",,"30.31","100.31",,"2.4","735.43","polar","Temperate Conifer Forests",,,"0","20",,,"forest",,"Abies_squamata","2018","bulk soil",,"1240","130",,,"15341.2","9491.2","5850",,,"211.38",,"70.25",,,,,,,,"4106"
"3287","195",,"30.3","100.39",,"2.4","735.43","polar","Temperate Conifer Forests",,,"0","20",,,"forest",,"Picea_likiangensis_var_balfouriana","2018","bulk soil",,"880","70",,,"10171.4","7021.4","3150",,,"154.4",,"69.39",,,,,,,,"3753"
"3288","195",,"31.65","100.73",,"0.77","673.21","polar","Montane Grasslands & Shrublands",,,"0","20",,,"forest",,"Picea_likiangensis_var_balfouriana","2018","bulk soil",,"1170","90",,,"13424.7","9374.7","4050",,,"196.72",,"48.18",,,,,,,,"3361"
"3289","195",,"32.1","100.71",,"-0.61","687.66","polar","Montane Grasslands & Shrublands",,,"0","20",,,"forest",,"Picea_likiangensis_var_balfouriana","2018","bulk soil",,"860","150",,,"12564.4","5814.4","6750",,,"141.58",,"41.02",,,,,,,,"3476"
"3290","195",,"27.8","101.29",,"5.62","1020.62","temperate","Temperate Conifer Forests",,,"0","20",,,"forest",,"Picea_likiangensis_var_balfouriana","2018","bulk soil",,"660","150",,,"10764.4","4014.4","6750",,,"231.63",,"52.13",,,,,,,,"3252"
"3291","195",,"28.12","101.23",,"2.31","975.97","temperate","Montane Grasslands & Shrublands",,,"0","20",,,"forest",,"Abies_forrestii","2018","bulk soil",,"990","80",,,"11483","7883","3600",,,"162.14",,"44.29",,,,,,,,"3639"
"3292","195",,"28.13","101.17",,"2.31","975.97","temperate","Montane Grasslands & Shrublands",,,"0","20",,,"forest",,"Abies_forrestii","2018","bulk soil",,"960","110",,,"12177.9","7227.9","4950",,,"116.44",,"81.71",,,,,,,,"3562"
"3293","195",,"28.13","101.16",,"2.31","975.97","temperate","Montane Grasslands & Shrublands",,,"0","20",,,"forest",,"Picea_likiangensis_var_linzhiensis","2018","bulk soil",,"1210","120",,,"14749.6","9349.6","5400",,,"73.62",,"73.11",,,,,,,,"3578"
"3294","195",,"26.11","102.87",,"14.38","879.61","temperate","Tropical & Subtropical Moist Broadleaf Forests",,,"0","20",,,"forest",,"Pinus_armandii","2018","bulk soil",,"350","60",,,"5079.8","2379.8","2700",,,"106.62",,"35.83",,,,,,,,"2691"
"3295","195",,"25.09","101.52",,"14.57","876.97","temperate","Tropical & Subtropical Moist Broadleaf Forests",,,"0","20",,,"forest",,"Pinus_armandii","2018","bulk soil",,"520","70",,,"6931.4","3781.4","3150",,,"70.06",,"46.49",,,,,,,,"2463"
"3296","195",,"25.13","101.45",,"16.49","925.15","temperate","Tropical & Subtropical Moist Broadleaf Forests",,,"0","20",,,"forest",,"Pinus_yunnanensis","2018","bulk soil",,"680","100",,,"9336.3","4836.3","4500",,,"82.02",,"51.05",,,,,,,,"2426"
"3297","195",,"26.14","99.95",,"8.76","1142.44","temperate","Tropical & Subtropical Moist Broadleaf Forests",,,"0","20",,,"forest",,"Pinus_armandii","2018","bulk soil",,"840","100",,,"10776.3","6276.3","4500",,,"156.36",,"64.37",,,,,,,,"3052"
"3298","195",,"27.9","99.71",,"6.89","869.37","temperate","Temperate Conifer Forests",,,"0","20",,,"forest",,"Picea_likiangensis","2018","bulk soil",,"630","30",,,"6634.9","5284.9","1350",,,"105.05",,"25.57",,,,,,,,"3499"
"3299","195",,"27.4","100.12",,"13.54","943.97","temperate","Temperate Conifer Forests",,,"0","20",,,"forest",,"Pinus_armandii","2018","bulk soil",,"450","30",,,"5014.9","3664.9","1350",,,"82.38",,"39.44",,,,,,,,"3136"
"3300","195",,"28.39","99.17",,"10.59","687.56","temperate","Temperate Conifer Forests",,,"0","20",,,"forest",,"Picea_likiangensis","2018","bulk soil",,"480","60",,,"6249.8","3549.8","2700",,,"74.42",,"73.29",,,,,,,,"4006"
"3301","195",,"29.31","98.73",,"6.77","602.28","cold/snow","Montane Grasslands & Shrublands",,,"0","20",,,"forest",,"Abies_squamata","2018","bulk soil",,"410","20",,,"4333.3","3433.3","900",,,"60.4",,"31.08",,,,,,,,"4163"
"3302","195",,"29.8","97.92",,"5.58","584.22","cold/snow","Montane Grasslands & Shrublands",,,"0","20",,,"forest",,"Picea_likiangensis_var_balfouriana","2018","bulk soil",,"280","50",,,"4128.1","1878.1","2250",,,"64.84",,"25.67",,,,,,,,"3854"
"3303","195",,"29.81","94.81",,"5.13","755.37","cold/snow","Temperate Conifer Forests",,,"0","20",,,"forest",,"Abies_squamata","2018","bulk soil",,"520","60",,,"6609.8","3909.8","2700",,,"124.14",,"37.35",,,,,,,,"3543"
"3304","195",,"29.58","94.57",,"5.13","755.37","cold/snow","Temperate Conifer Forests",,,"0","20",,,"forest",,"Picea_likiangensis_var_linzhiensis","2018","bulk soil",,"420","50",,,"5388.1","3138.1","2250",,,"145.74",,"18.93",,,,,,,,"3307"
"3305","195",,"29.66","94.57",,"5.13","755.37","cold/snow","Temperate Conifer Forests",,,"0","20",,,"forest",,"Abies_squamata","2018","bulk soil",,"560","60",,,"6969.8","4269.8","2700",,,"66.47",,"34.66",,,,,,,,"3648"
"3306","195",,"29.93","95.73",,"-1.8","912.06","cold/snow","Temperate Conifer Forests",,,"0","20",,,"forest",,"Abies_squamata","2018","bulk soil",,"380","20",,,"4063.3","3163.3","900",,,"66.66",,"17.24",,,,,,,,"3301"
"3307","195",,"29.93","95.79",,"-1.8","912.06","cold/snow","Temperate Conifer Forests",,,"0","20",,,"forest",,"Picea_likiangensis_var_linzhiensis","2018","bulk soil",,"540","90",,,"7754.7","3704.7","4050",,,"84.21",,"34.81",,,,,,,,"3048"
"3308","195",,"29.61","96.8",,"3.06","778.65","polar","Montane Grasslands & Shrublands",,,"0","20",,,"forest",,"Picea_likiangensis_var_balfouriana","2018","bulk soil",,"230","30",,,"3034.9","1684.9","1350",,,"84.11",,"22.74",,,,,,,,"4084"
"3309","195",,"30.92","96.64",,"3.51","547.42","polar","Montane Grasslands & Shrublands",,,"0","20",,,"forest",,"Picea_likiangensis_var_balfouriana","2018","bulk soil",,"470","40",,,"5516.5","3716.5","1800",,,"43.41",,"23.82",,,,,,,,"4323"
"3310","195",,"31.2","97.3",,"4.14","502.08","polar","Montane Grasslands & Shrublands",,,"0","20",,,"forest",,"Picea_likiangensis_var_balfouriana","2018","bulk soil",,"550","60",,,"6879.8","4179.8","2700",,,"56.6",,"34.45",,,,,,,,"3372"
"3311","195",,"31.61","96.44",,"4.19","561.86","polar","Temperate Conifer Forests",,,"0","20",,,"forest",,"Picea_likiangensis_var_balfouriana","2018","bulk soil",,"370","20",,,"3973.3","3073.3","900",,,"40.11",,"19.25",,,,,,,,"3965"
"3312","195",,"31.57","97.34",,"3.7","524.56","polar","Montane Grasslands & Shrublands",,,"0","20",,,"forest",,"Picea_likiangensis_var_balfouriana","2018","bulk soil",,"770","40",,,"8216.5","6416.5","1800",,,"63.24",,"24.18",,,,,,,,"3470"
"3313","195",,"31.98","98.97",,"2","645.71","polar","Montane Grasslands & Shrublands",,,"0","20",,,"forest",,"Picea_likiangensis_var_balfouriana","2018","bulk soil",,"470","50",,,"5838.1","3588.1","2250",,,"78.33",,"33.29",,,,,,,,"4225"
"3314","195",,"32.32","103.47",,"7.35","787.97","temperate","Temperate Conifer Forests",,,"0","20",,,"forest",,"Abies_faxoniana","2018","bulk soil",,"560","50",,,"6648.1","4398.1","2250",,,"111.67",,"28.28",,,,,,,,"3719"
"3315","196",,"36","108.733",,"8.83","602.29","cold/snow","Temperate Broadleaf & Mixed Forests","stand age","0 years","0","20",,,"cropland",,"Zea mays","2017","bulk soil",,"294.4942554","11.46378507","114.9112064","17.73952778","3019.2","2503.3","515.9",,,"73.146","14.733","10.81",,"1.18","7.5",,,,,"1280"
"3316","196",,"36","108.733",,"8.83","602.29","cold/snow","Temperate Broadleaf & Mixed Forests","stand age","0 years","0","20",,,"cropland",,"Zea mays","2017","bulk soil",,"274.9549457","10.37943254","128.6711235","12.59104913","2808.5","2341.4","467.1",,,"55.083","27.2","10.97",,"1.16","7.9",,,,,"1280"
"3317","196",,"36","108.733",,"8.83","602.29","cold/snow","Temperate Broadleaf & Mixed Forests","stand age","0 years","0","20",,,"cropland",,"Zea mays","2017","bulk soil",,"264.9437885","11.05564662","143.9569867","14.06979416","2740.1","2242.6","497.5",,,"51.397","19.867","10.27",,"1.12","7.7",,,,,"1280"
"3318","196",,"36","108.733",,"8.83","602.29","cold/snow","Temperate Broadleaf & Mixed Forests","stand age","0 years","0","20",,,"grassland",,"Zea mays","2017","bulk soil",,"267.4513054","9.322295316","142.8438729","14.59659002","2706.9","2287.4","419.5",,,"69.198","16.067","10.53",,"1.08","7.6",,,,,"1280"
"3319","196",,"36","108.733",,"8.83","602.29","cold/snow","Temperate Broadleaf & Mixed Forests","stand age","30 years","0","20",,,"grassland",,"Bothriochloa ischaemum, Lespedeza dahurica","2017","bulk soil",,"451.0816","12.07593804","187.4123371","14.78547661","4448.1","3904.7","543.4",,,"205.755","51.956","12.66",,"1.42","7.7",,,,,"1416"
"3320","196",,"36","108.733",,"8.83","602.29","cold/snow","Temperate Broadleaf & Mixed Forests","stand age","30 years","0","20",,,"grassland",,"Bothriochloa ischaemum, Lespedeza dahurica","2017","bulk soil",,"340.2841175","13.61960974","130.0910737","14.0779497","3500.6","2887.7","612.9",,,"115.993","64.356","12.88",,"1.29","7.4",,,,,"1416"
"3321","196",,"36","108.733",,"8.83","602.29","cold/snow","Temperate Broadleaf & Mixed Forests","stand age","30 years","0","20",,,"grassland",,"Bothriochloa ischaemum, Lespedeza dahurica","2017","bulk soil",,"397.571214","12.43223281","170.2895813","12.91105333","3978","3418.5","559.5",,,"166.797","75.178","12.16",,"1.11","7.5",,,,,"1416"
"3322","196",,"36","108.733",,"8.83","602.29","cold/snow","Temperate Broadleaf & Mixed Forests","stand age","30 years","0","20",,,"shrubland",,"Bothriochloa ischaemum, Lespedeza dahurica","2017","bulk soil",,"504.2344435","13.41009455","252.6216478","27.45033007","4969.5","4366","603.5",,,"85.439","56.156","13.55",,"1.35","7.3",,,,,"1416"
"3323","196",,"36","108.733",,"8.83","602.29","cold/snow","Temperate Broadleaf & Mixed Forests","stand age","60 years","0","20",,,"shrubland",,"Sophora davidii, Carex lanceolata, Hippophae rhamnoides","2017","bulk soil",,"534.9058437","18.50294722","197.1839788","24.06212665","5409.2","4576.6","832.6",,,"262.948","72.667","16.38",,"1.59","7.4",,,,,"1346"
"3324","196",,"36","108.733",,"8.83","602.29","cold/snow","Temperate Broadleaf & Mixed Forests","stand age","60 years","0","20",,,"shrubland",,"Sophora davidii, Carex lanceolata, Hippophae rhamnoides","2017","bulk soil",,"775.0189842","23.8543821","303.1977946","35.50579385","7742.4","6669","1073.4",,,"339.426","90.4","17.36",,"1.74","7.2",,,,,"1346"
"3325","196",,"36","108.733",,"8.83","602.29","cold/snow","Temperate Broadleaf & Mixed Forests","stand age","60 years","0","20",,,"shrubland",,"Sophora davidii, Carex lanceolata, Hippophae rhamnoides","2017","bulk soil",,"597.1715704","18.64577018","242.6605503","24.42962288","5974.3","5135.2","839.1",,,"229.457","77.244","16.62",,"1.57","7.5",,,,,"1346"
"3326","196",,"36","108.733",,"8.83","602.29","cold/snow","Temperate Broadleaf & Mixed Forests","stand age","60 years","0","20",,,"forest",,"Sophora davidii, Carex lanceolata, Hippophae rhamnoides","2017","bulk soil",,"506.1423064","17.640999","176.5159653","25.63101779","5122.6","4328.8","793.8",,,"177.9","84.133","15.28",,"1.42","7.2",,,,,"1346"
"3327","196",,"36","108.733",,"8.83","602.29","cold/snow","Temperate Broadleaf & Mixed Forests","stand age","100 years","0","20",,,"forest",,"Populus davidiana, Spiraea schneideriana, Carex lanceolata","2017","bulk soil",,"947.9283998","22.52369234","331.9316979","42.17692252","9255.8","8242.2","1013.6",,,"382.499","141","18.31",,"1.64","7",,,,,"1445"
"3328","196",,"36","108.733",,"8.83","602.29","cold/snow","Temperate Broadleaf & Mixed Forests","stand age","100 years","0","20",,,"forest",,"Populus davidiana, Spiraea schneideriana, Carex lanceolata","2017","bulk soil",,"1192.352848","38.24129808","509.8598923","63.13639213","11961.2","10240.3","1720.9",,,"411.354","152.178","18.56",,"1.63","7.1",,,,,"1445"
"3329","196",,"36","108.733",,"8.83","602.29","cold/snow","Temperate Broadleaf & Mixed Forests","stand age","100 years","0","20",,,"forest",,"Populus davidiana, Spiraea schneideriana, Carex lanceolata","2017","bulk soil",,"870.6620777","24.35548199","322.8831441","33.53758779","8619.3","7523.3","1096",,,"432.472","140.133","19.34",,"1.72","7",,,,,"1445"
"3330","196",,"36","108.733",,"8.83","602.29","cold/snow","Temperate Broadleaf & Mixed Forests","stand age","100 years","0","20",,,"forest",,"Populus davidiana, Spiraea schneideriana, Carex lanceolata","2017","bulk soil",,"645.4406629","31.80157844","244.2652145","37.99827422","6831.8","5400.7","1431.1",,,"411.401","129.067","18.57",,"1.66","7.4",,,,,"1445"
"3331","196",,"36","108.733",,"8.83","602.29","cold/snow","Temperate Broadleaf & Mixed Forests","stand age","130 years","0","20",,,"forest",,"Populus davidiana, Quercus liaotungensis, Betula platyphylla","2017","bulk soil",,"1453.312643","45.97112353","693.5026205","56.47818017","14558.4","12489.7","2068.7",,,"540.01","145.667","35.94",,"3.03","7.2",,,,,"1440"
"3332","196",,"36","108.733",,"8.83","602.29","cold/snow","Temperate Broadleaf & Mixed Forests","stand age","130 years","0","20",,,"forest",,"Populus davidiana, Quercus liaotungensis, Betula platyphylla","2017","bulk soil",,"1600.261911","45.47950985","657.8355294","59.86385548","15865.1","13818.5","2046.6",,,"428.641","123.778","39.11",,"3.24","7.4",,,,,"1440"
"3333","196",,"36","108.733",,"8.83","602.29","cold/snow","Temperate Broadleaf & Mixed Forests","stand age","130 years","0","20",,,"forest",,"Populus davidiana, Quercus liaotungensis, Betula platyphylla","2017","bulk soil",,"633.5259353","19.31538141","266.6811563","30.53548325","6323","5453.8","869.2",,,"230.453","73.2","18.28",,"1.7","7.3",,,,,"1440"
"3334","196",,"36","108.733",,"8.83","602.29","cold/snow","Temperate Broadleaf & Mixed Forests","stand age","130 years","0","20",,,"forest",,"Populus davidiana, Quercus liaotungensis, Betula platyphylla","2017","bulk soil",,"782.7907585","24.27431757","355.7731598","40.70640019","7825.8","6733.5","1092.3",,,"400.982","118.756","16.53",,"1.6","7.1",,,,,"1440"
"3335","196",,"36","108.733",,"8.83","602.29","cold/snow","Temperate Broadleaf & Mixed Forests","stand age","160 years","0","20",,,"forest",,"Quercus liaotungensis, Rosa hugonis, Carex lanceolata","2017","bulk soil",,"1119.71331","34.86404211","329.549874","37.13727981","11198.8","9629.9","1568.9",,,"214.278","100.222","22.31",,"1.88","7.2",,,,,"1427"
"3336","196",,"36","108.733",,"8.83","602.29","cold/snow","Temperate Broadleaf & Mixed Forests","stand age","160 years","0","20",,,"forest",,"Quercus liaotungensis, Rosa hugonis, Carex lanceolata","2017","bulk soil",,"1544.577223","41.61852369","385.9652939","42.893804","15239.7","13366.9","1872.8",,,"381.515","142.067","32.12",,"2.39","7.1",,,,,"1427"
"3337","196",,"36","108.733",,"8.83","602.29","cold/snow","Temperate Broadleaf & Mixed Forests","stand age","160 years","0","20",,,"forest",,"Quercus liaotungensis, Rosa hugonis, Carex lanceolata","2017","bulk soil",,"805.7171894","22.90490248","286.7181024","30.63291192","7988.1","6957.4","1030.7",,,"358.768","107.4","17.95",,"1.58","7.1",,,,,"1427"
"3338","196",,"36","108.733",,"8.83","602.29","cold/snow","Temperate Broadleaf & Mixed Forests","stand age","160 years","0","20",,,"forest",,"Quercus liaotungensis, Rosa hugonis, Carex lanceolata","2017","bulk soil",,"986.1844037","22.90717702","298.1551184","31.68034743","9612.4","8581.6","1030.8",,,"392.523","123.422","22.58",,"1.86","7.2",,,,,"1427"
"3339","199",,"62.912","24.571",,"2.31","631.06","cold/snow","Boreal Forests/Taigas","amendment","N fertilization","0","0","Organic layer",,"forest",,"Pinus sylvestris","2021","bulk soil",,,,,,,"60301",,,"41838.798",,,"33.516",,"0.882","4.471",,,,,
"3340","199",,"62.912","24.571",,"2.31","631.06","cold/snow","Boreal Forests/Taigas","amendment","N fertilization","0","0","Organic layer",,"forest",,"Pinus sylvestris","2021","bulk soil",,,,,,,"31659",,,"22937.37634",,,"25.39278",,"0.66823105","4.324",,,,,
"3341","199",,"62.912","24.571",,"2.31","631.06","cold/snow","Boreal Forests/Taigas","amendment","N fertilization","0","0","Organic layer",,"forest",,"Pinus sylvestris","2021","bulk soil",,,,,,,"48251",,,"35682.49443",,,"31.76838",,"0.83601","4.299",,,,,
"3342","199",,"62.912","24.571",,"2.31","631.06","cold/snow","Boreal Forests/Taigas","amendment","N fertilization","0","0","Organic layer",,"forest",,"Pinus sylvestris","2021","bulk soil",,,,,,,"38123",,,"26126.21313",,,"33.86262",,"0.8642","4.321",,,,,
"3343","199",,"62.912","24.571",,"2.31","631.06","cold/snow","Boreal Forests/Taigas","amendment","N fertilization","0","0","Organic layer",,"forest",,"Pinus sylvestris","2021","bulk soil",,,,,,,"35128",,,"25256.39806",,,"28.32346",,"0.74535421","4.455",,,,,
"3344","199",,"62.912","24.571",,"2.31","631.06","cold/snow","Boreal Forests/Taigas","amendment","N fertilization","0","0","Organic layer",,"forest",,"Pinus sylvestris","2021","bulk soil",,,,,,,"34931",,,"23901.85695",,,"31.44328",,"0.82745474","4.612",,,,,
"3345","199",,"62.912","24.571",,"2.31","631.06","cold/snow","Boreal Forests/Taigas","amendment","Control","0","0","Organic layer",,"forest",,"Pinus sylvestris","2021","bulk soil",,,,,,,"31477",,,"26210.63302",,,"28.3293",,"0.65","4.453",,,,,
"3346","199",,"62.912","24.571",,"2.31","631.06","cold/snow","Boreal Forests/Taigas","amendment","Control","0","0","Organic layer",,"forest",,"Pinus sylvestris","2021","bulk soil",,,,,,,"32666",,,"20611.22288",,,"29.3994",,"0.635","4.409",,,,,
"3347","199",,"62.912","24.571",,"2.31","631.06","cold/snow","Boreal Forests/Taigas","amendment","Control","0","0","Organic layer",,"forest",,"Pinus sylvestris","2021","bulk soil",,,,,,,"23823",,,"15054.43733",,,"27.432",,"0.712","4.39",,,,,
"3348","199",,"62.912","24.571",,"2.31","631.06","cold/snow","Boreal Forests/Taigas","amendment","Control","0","0","Organic layer",,"forest",,"Pinus sylvestris","2021","bulk soil",,,,,,,"28605",,,"22336.77198",,,"25.7445",,"0.5","4.882",,,,,
"3349","199",,"62.912","24.571",,"2.31","631.06","cold/snow","Boreal Forests/Taigas","amendment","Control","0","0","Organic layer",,"forest",,"Pinus sylvestris","2021","bulk soil",,,,,,,"28556",,,"16052.54906",,,"25.7004",,"0.592","4.762",,,,,
"3350","199",,"62.912","24.571",,"2.31","631.06","cold/snow","Boreal Forests/Taigas","amendment","Control","0","0","Organic layer",,"forest",,"Pinus sylvestris","2021","bulk soil",,,,,,,"36157",,,"24208.63367",,,"24.321",,"0.621","4.321",,,,,
"3351","199",,"62.912","24.571",,"2.31","631.06","cold/snow","Boreal Forests/Taigas","amendment","N fertilization","0","20","Mineral layer",,"forest",,"Pinus sylvestris","2021","bulk soil",,,,,,,"2816",,,"736.766674",,,"2.543",,"0.09","3.854",,,,,
"3352","199",,"62.912","24.571",,"2.31","631.06","cold/snow","Boreal Forests/Taigas","amendment","N fertilization","0","20","Mineral layer",,"forest",,"Pinus sylvestris","2021","bulk soil",,,,,,,"5606",,,"1466.733317",,,"2.657",,"0.09","3.954",,,,,
"3353","199",,"62.912","24.571",,"2.31","631.06","cold/snow","Boreal Forests/Taigas","amendment","N fertilization","0","20","Mineral layer",,"forest",,"Pinus sylvestris","2021","bulk soil",,,,,,,"6765",,,"1770.081001",,,"2.984",,"0.1","3.901",,,,,
"3354","199",,"62.912","24.571",,"2.31","631.06","cold/snow","Boreal Forests/Taigas","amendment","N fertilization","0","20","Mineral layer",,"forest",,"Pinus sylvestris","2021","bulk soil",,,,,,,"9754",,,"578.814829",,,"2.44468375",,"0.1","3.525",,,,,
"3355","199",,"62.912","24.571",,"2.31","631.06","cold/snow","Boreal Forests/Taigas","amendment","N fertilization","0","20","Mineral layer",,"forest",,"Pinus sylvestris","2021","bulk soil",,,,,,,"8234",,,"700.610416",,,"2.4643",,"0.1","3.456",,,,,
"3356","199",,"62.912","24.571",,"2.31","631.06","cold/snow","Boreal Forests/Taigas","amendment","N fertilization","0","20","Mineral layer",,"forest",,"Pinus sylvestris","2021","bulk soil",,,,,,,"11132",,,"1001.387357",,,"2.74",,"0.09","3.566",,,,,
"3357","199",,"62.912","24.571",,"2.31","631.06","cold/snow","Boreal Forests/Taigas","amendment","Control","0","20","Mineral layer",,"forest",,"Pinus sylvestris","2021","bulk soil",,,,,,,"234",,,"795.479129",,,"2.34",,"0.08","3.606",,,,,
"3358","199",,"62.912","24.571",,"2.31","631.06","cold/snow","Boreal Forests/Taigas","amendment","Control","0","20","Mineral layer",,"forest",,"Pinus sylvestris","2021","bulk soil",,,,,,,"132",,,"1125.322051",,,"2.023",,"0.09","3.69",,,,,
"3359","199",,"62.912","24.571",,"2.31","631.06","cold/snow","Boreal Forests/Taigas","amendment","Control","0","20","Mineral layer",,"forest",,"Pinus sylvestris","2021","bulk soil",,,,,,,"111",,,"451.994682",,,"2.543",,"0.08","3.521",,,,,
"3360","199",,"62.912","24.571",,"2.31","631.06","cold/snow","Boreal Forests/Taigas","amendment","Control","0","20","Mineral layer",,"forest",,"Pinus sylvestris","2021","bulk soil",,,,,,,"341",,,"1232.409671",,,"3.06",,"0.09","3.845",,,,,
"3361","199",,"62.912","24.571",,"2.31","631.06","cold/snow","Boreal Forests/Taigas","amendment","Control","0","20","Mineral layer",,"forest",,"Pinus sylvestris","2021","bulk soil",,,,,,,"256",,,"1224.793223",,,"2.846",,"0.08","3.799",,,,,
"3362","199",,"62.912","24.571",,"2.31","631.06","cold/snow","Boreal Forests/Taigas","amendment","Control","0","20","Mineral layer",,"forest",,"Pinus sylvestris","2021","bulk soil",,,,,,,"123",,,"822.098759",,,"2.85",,"0.09","3.771",,,,,
"3363","193",,,,,,,,,"warming","Control","0","10",,"Rendzic Leptosols","forest",,"Picea abies, Fagus sylvatica, Albies alba","2019","bulk soil",,,,,,"45.439","27.626","17.813",,,"4160.395",,,,,"7.125",,,,,"910"
"3364","193",,,,,,,,,"warming","Control","10","20",,"Rendzic Leptosols","forest",,"Picea abies, Fagus sylvatica, Albies alba","2019","bulk soil",,,,,,"31.807","20.529","11.278",,,"3169.448",,,,,"6.88875",,,,,"910"
"3365","193",,,,,,,,,"warming","Warming","0","10",,"Rendzic Leptosols","forest",,"Picea abies, Fagus sylvatica, Albies alba","2019","bulk soil",,,,,,"31.967","20.178","11.789",,,"2638.789",,,,,"6.605",,,,,"910"
"3366","193",,,,,,,,,"warming","Warming","10","20",,"Rendzic Leptosols","forest",,"Picea abies, Fagus sylvatica, Albies alba","2019","bulk soil",,,,,,"30.803","21.123","9.68",,,"1391.961",,,,,"6.52",,,,,"910"
"3367","193",,,,,,,,,"warming","Control","0","10",,"Rendzic Leptosols","forest",,"Picea abies, Fagus sylvatica, Albies alba","2019","bulk soil",,,,,,"42.289","28.601","13.688",,,"2942.714",,,,,"6.595",,,,,"910"
"3368","193",,,,,,,,,"warming","Control","10","20",,"Rendzic Leptosols","forest",,"Picea abies, Fagus sylvatica, Albies alba","2019","bulk soil",,,,,,"43.47","30.06","13.41",,,"763.036",,,,,"6.88875",,,,,"910"
"3369","193",,,,,,,,,"warming","Warming","0","10",,"Rendzic Leptosols","forest",,"Picea abies, Fagus sylvatica, Albies alba","2019","bulk soil",,,,,,"30.714","20.818","9.896",,,"1405.173",,,,,"5.575",,,,,"910"
"3370","193",,,,,,,,,"warming","Warming","10","20",,"Rendzic Leptosols","forest",,"Picea abies, Fagus sylvatica, Albies alba","2019","bulk soil",,,,,,"21.319","15.611","5.708",,,"553.041",,,,,"6.725",,,,,"910"
"3371","193",,,,,,,,,"warming","Control","0","10",,"Rendzic Leptosols","forest",,"Picea abies, Fagus sylvatica, Albies alba","2019","bulk soil",,,,,,"56.882","32.79","24.092",,,"2213.776",,,,,"6.885",,,,,"910"
"3372","193",,,,,,,,,"warming","Control","10","20",,"Rendzic Leptosols","forest",,"Picea abies, Fagus sylvatica, Albies alba","2019","bulk soil",,,,,,"46.651","29.625","17.026",,,"1492.305",,,,,"6.935",,,,,"910"
"3373","193",,,,,,,,,"warming","Warming","0","10",,"Rendzic Leptosols","forest",,"Picea abies, Fagus sylvatica, Albies alba","2019","bulk soil",,,,,,"65.506","51.804","13.702",,,"1051.539",,,,,"6.655",,,,,"910"
"3374","193",,,,,,,,,"warming","Warming","10","20",,"Rendzic Leptosols","forest",,"Picea abies, Fagus sylvatica, Albies alba","2019","bulk soil",,,,,,"27.564","16.827","10.737",,,"1000.015",,,,,"6.535",,,,,"910"
"3375","193",,,,,,,,,"warming","Control","0","10",,"Rendzic Leptosols","forest",,"Picea abies, Fagus sylvatica, Albies alba","2019","bulk soil",,,,,,"55.046","39.854","15.192",,,"3150.754",,,,,"6.935",,,,,"910"
"3376","193",,,,,,,,,"warming","Control","10","20",,"Rendzic Leptosols","forest",,"Picea abies, Fagus sylvatica, Albies alba","2019","bulk soil",,,,,,"40.833","26.767","14.066",,,"1614.822",,,,,"6.785",,,,,"910"
"3377","193",,,,,,,,,"warming","Warming","0","10",,"Rendzic Leptosols","forest",,"Picea abies, Fagus sylvatica, Albies alba","2019","bulk soil",,,,,,"42.653","31.403","11.25",,,"2395.496",,,,,"6.43",,,,,"910"
"3378","193",,,,,,,,,"warming","Warming","10","20",,"Rendzic Leptosols","forest",,"Picea abies, Fagus sylvatica, Albies alba","2019","bulk soil",,,,,,"23.909","16.247","7.662",,,"821.826",,,,,"6.385",,,,,"910"
"3379","193",,,,,,,,,"warming","Control","0","10",,"Rendzic Leptosols","forest",,"Picea abies, Fagus sylvatica, Albies alba","2019","bulk soil",,,,,,"53.951","32.779","21.172",,,"2278.02",,,,,"6.64",,,,,"910"
"3380","193",,,,,,,,,"warming","Control","10","20",,"Rendzic Leptosols","forest",,"Picea abies, Fagus sylvatica, Albies alba","2019","bulk soil",,,,,,"45.319","27.924","17.395",,,"3006.598",,,,,"6.925",,,,,"910"
"3381","193",,,,,,,,,"warming","Warming","0","10",,"Rendzic Leptosols","forest",,"Picea abies, Fagus sylvatica, Albies alba","2019","bulk soil",,,,,,"77.63","64.4","13.23",,,"2415.609",,,,,"6.215",,,,,"910"
"3382","193",,,,,,,,,"warming","Warming","10","20",,"Rendzic Leptosols","forest",,"Picea abies, Fagus sylvatica, Albies alba","2019","bulk soil",,,,,,"35.733","19.149","16.584",,,"2065.009",,,,,"6.445",,,,,"910"
"3383","193",,,,,,,,,"warming","Control","0","10",,"Rendzic Leptosols","forest",,"Picea abies, Fagus sylvatica, Albies alba","2019","bulk soil",,,,,,"60.675","45.862","14.813",,,"2700.857",,,,,"6.765",,,,,"910"
"3384","193",,,,,,,,,"warming","Control","10","20",,"Rendzic Leptosols","forest",,"Picea abies, Fagus sylvatica, Albies alba","2019","bulk soil",,,,,,"40.012","29.369","10.643",,,"1313.003",,,,,"6.91",,,,,"910"
"3385","193",,,,,,,,,"warming","Warming","0","10",,"Rendzic Leptosols","forest",,"Picea abies, Fagus sylvatica, Albies alba","2019","bulk soil",,,,,,"59.452","47.382","12.07",,,"2353.053",,,,,"6.665",,,,,"910"
"3386","193",,,,,,,,,"warming","Warming","10","20",,"Rendzic Leptosols","forest",,"Picea abies, Fagus sylvatica, Albies alba","2019","bulk soil",,,,,,"24.774","12.686","12.088",,,"1805.508",,,,,"6.51",,,,,"910"
"3387","193",,,,,,,,,"warming","Control","0","10",,"Rendzic Leptosols","forest",,"Picea abies, Fagus sylvatica, Albies alba","2019","bulk soil",,,,,,"39.179","17.731","21.448",,,"3430.047",,,,,"7.205",,,,,"910"
"3388","193",,,,,,,,,"warming","Control","10","20",,"Rendzic Leptosols","forest",,"Picea abies, Fagus sylvatica, Albies alba","2019","bulk soil",,,,,,"46.134","35.138","10.996",,,"1145.182",,,,,"7.095",,,,,"910"
"3389","193",,,,,,,,,"warming","Warming","0","10",,"Rendzic Leptosols","forest",,"Picea abies, Fagus sylvatica, Albies alba","2019","bulk soil",,,,,,"31.608","20.633","10.975",,,"2165.72",,,,,"6.815",,,,,"910"
"3390","193",,,,,,,,,"warming","Warming","10","20",,"Rendzic Leptosols","forest",,"Picea abies, Fagus sylvatica, Albies alba","2019","bulk soil",,,,,,"21.295","14.395","6.9",,,"669.234",,,,,"6.625",,,,,"910"
"3391","193",,,,,,,,,"warming","Control","0","10",,"Rendzic Leptosols","forest",,"Picea abies, Fagus sylvatica, Albies alba","2019","bulk soil",,,,,,"23.248","12.908","10.34",,,"1228.372",,,,,"6.885",,,,,"910"
"3392","193",,,,,,,,,"warming","Control","10","20",,"Rendzic Leptosols","forest",,"Picea abies, Fagus sylvatica, Albies alba","2019","bulk soil",,,,,,"28.453","22.004","6.449",,,"771.731",,,,,"7.22",,,,,"910"
"3393","193",,,,,,,,,"warming","Warming","0","10",,"Rendzic Leptosols","forest",,"Picea abies, Fagus sylvatica, Albies alba","2019","bulk soil",,,,,,"21.696","14.336","7.36",,,"1433.718",,,,,"6.348",,,,,"910"
"3394","193",,,,,,,,,"warming","Warming","10","20",,"Rendzic Leptosols","forest",,"Picea abies, Fagus sylvatica, Albies alba","2019","bulk soil",,,,,,"18.692","13.091","5.601",,,"951.163",,,,,"7.015",,,,,"910"
"3395","193",,,,,,,,,"warming","Control","0","10",,"Rendzic Leptosols","forest",,"Picea abies, Fagus sylvatica, Albies alba","2019","bulk soil",,,,,,"42.545","18.026","24.519",,,"2022.062",,,,,"7.475",,,,,"910"
"3396","193",,,,,,,,,"warming","Control","10","20",,"Rendzic Leptosols","forest",,"Picea abies, Fagus sylvatica, Albies alba","2019","bulk soil",,,,,,"45.639","33.016","12.623",,,"1688.57",,,,,"7.375",,,,,"910"
"3397","193",,,,,,,,,"warming","Warming","0","10",,"Rendzic Leptosols","forest",,"Picea abies, Fagus sylvatica, Albies alba","2019","bulk soil",,,,,,"37.74","18.432","19.308",,,"1927.732",,,,,"7.225",,,,,"910"
"3398","193",,,,,,,,,"warming","Warming","10","20",,"Rendzic Leptosols","forest",,"Picea abies, Fagus sylvatica, Albies alba","2019","bulk soil",,,,,,"28.423","16.107","12.316",,,"986.674",,,,,"6.845",,,,,"910"
"3399","193",,,,,,,,,"warming","Control","0","10",,"Rendzic Leptosols","forest",,"Picea abies, Fagus sylvatica, Albies alba","2019","bulk soil",,,,,,"37.336","29.566","7.77",,,"2839.113",,,,,"6.805",,,,,"910"
"3400","193",,,,,,,,,"warming","Control","10","20",,"Rendzic Leptosols","forest",,"Picea abies, Fagus sylvatica, Albies alba","2019","bulk soil",,,,,,"39.94","23.931","16.009",,,"1819.759",,,,,"6.97",,,,,"910"
"3401","193",,,,,,,,,"warming","Warming","0","10",,"Rendzic Leptosols","forest",,"Picea abies, Fagus sylvatica, Albies alba","2019","bulk soil",,,,,,"39.612","27.597","12.015",,,"1883.175",,,,,"6.655",,,,,"910"
"3402","193",,,,,,,,,"warming","Warming","10","20",,"Rendzic Leptosols","forest",,"Picea abies, Fagus sylvatica, Albies alba","2019","bulk soil",,,,,,"24.179","18.207","5.972",,,"745.61",,,,,"6.705",,,,,"910"
"3403","193",,,,,,,,,"warming","Control","0","10",,"Rendzic Leptosols","forest",,"Picea abies, Fagus sylvatica, Albies alba","2019","bulk soil",,,,,,"28.476","22.105","6.371",,,"2972.313",,,,,"6.99",,,,,"910"
"3404","193",,,,,,,,,"warming","Control","10","20",,"Rendzic Leptosols","forest",,"Picea abies, Fagus sylvatica, Albies alba","2019","bulk soil",,,,,,"32.831","21.525","11.306",,,"1603.863",,,,,"6.91",,,,,"910"
"3405","193",,,,,,,,,"warming","Warming","0","10",,"Rendzic Leptosols","forest",,"Picea abies, Fagus sylvatica, Albies alba","2019","bulk soil",,,,,,"38.81","22.988","15.822",,,"3359.559",,,,,"6.7",,,,,"910"
"3406","193",,,,,,,,,"warming","Warming","10","20",,"Rendzic Leptosols","forest",,"Picea abies, Fagus sylvatica, Albies alba","2019","bulk soil",,,,,,"29.734","21.153","8.581",,,"2454.043",,,,,"6.695",,,,,"910"
"3407","193",,,,,,,,,"warming","Control","0","10",,"Rendzic Leptosols","forest",,"Picea abies, Fagus sylvatica, Albies alba","2019","bulk soil",,,,,,"35.174","18.044","17.13",,,"1718.354",,,,,"6.975",,,,,"910"
"3408","193",,,,,,,,,"warming","Control","10","20",,"Rendzic Leptosols","forest",,"Picea abies, Fagus sylvatica, Albies alba","2019","bulk soil",,,,,,"23.544","13.091","10.453",,,"744.352",,,,,"7.165",,,,,"910"
"3409","193",,,,,,,,,"warming","Warming","0","10",,"Rendzic Leptosols","forest",,"Picea abies, Fagus sylvatica, Albies alba","2019","bulk soil",,,,,,"27.022","18.34","8.682",,,"1987.43",,,,,"6.91",,,,,"910"
"3410","193",,,,,,,,,"warming","Warming","10","20",,"Rendzic Leptosols","forest",,"Picea abies, Fagus sylvatica, Albies alba","2019","bulk soil",,,,,,"32.175","20.059","12.116",,,"1137.496",,,,,"7.025",,,,,"910"
"3411","193",,,,,,,,,"warming","Control","0","10",,"Rendzic Leptosols","forest",,"Picea abies, Fagus sylvatica, Albies alba","2019","bulk soil",,,,,,"30.246","12.105","18.141",,,"2525.278",,,,,"7.28",,,,,"910"
"3412","193",,,,,,,,,"warming","Control","10","20",,"Rendzic Leptosols","forest",,"Picea abies, Fagus sylvatica, Albies alba","2019","bulk soil",,,,,,"33.179","12.031","21.148",,,"2128.793",,,,,"6.955",,,,,"910"
"3413","193",,,,,,,,,"warming","Warming","0","10",,"Rendzic Leptosols","forest",,"Picea abies, Fagus sylvatica, Albies alba","2019","bulk soil",,,,,,"21.414","15.654","5.76",,,"3030.543",,,,,"6.3",,,,,"910"
"3414","193",,,,,,,,,"warming","Warming","10","20",,"Rendzic Leptosols","forest",,"Picea abies, Fagus sylvatica, Albies alba","2019","bulk soil",,,,,,"19.615","6.954","12.661",,,"1390.937",,,,,"6.35",,,,,"910"
"3415","193",,,,,,,,,"warming","Control","0","10",,"Rendzic Leptosols","forest",,"Picea abies, Fagus sylvatica, Albies alba","2019","bulk soil",,,,,,"13.599","8.792","4.807",,,"1994.331",,,,,"7.045",,,,,"910"
"3416","193",,,,,,,,,"warming","Control","10","20",,"Rendzic Leptosols","forest",,"Picea abies, Fagus sylvatica, Albies alba","2019","bulk soil",,,,,,"19.608","8.763","10.845",,,"1449.593",,,,,"7.395",,,,,"910"
"3417","193",,,,,,,,,"warming","Warming","0","10",,"Rendzic Leptosols","forest",,"Picea abies, Fagus sylvatica, Albies alba","2019","bulk soil",,,,,,"9.621","6.097","3.524",,,"1826.995",,,,,"6.401",,,,,"910"
"3418","193",,,,,,,,,"warming","Warming","10","20",,"Rendzic Leptosols","forest",,"Picea abies, Fagus sylvatica, Albies alba","2019","bulk soil",,,,,,"7.239","3.444","3.795",,,"1193.53",,,,,"6.585",,,,,"910"
"3419","193",,,,,,,,,"warming","Control","0","10",,"Rendzic Leptosols","forest",,"Picea abies, Fagus sylvatica, Albies alba","2019","bulk soil",,,,,,"22.465","16.077","6.388",,,"2170.443",,,,,"7.34",,,,,"910"
"3420","193",,,,,,,,,"warming","Control","10","20",,"Rendzic Leptosols","forest",,"Picea abies, Fagus sylvatica, Albies alba","2019","bulk soil",,,,,,"27.782","11.939","15.843",,,"1976.832",,,,,"7.22",,,,,"910"
"3421","193",,,,,,,,,"warming","Warming","0","10",,"Rendzic Leptosols","forest",,"Picea abies, Fagus sylvatica, Albies alba","2019","bulk soil",,,,,,"9.407","4.68","4.727",,,"1926.075",,,,,"7.225",,,,,"910"
"3422","193",,,,,,,,,"warming","Warming","10","20",,"Rendzic Leptosols","forest",,"Picea abies, Fagus sylvatica, Albies alba","2019","bulk soil",,,,,,"13.139","5.622","7.517",,,"1042.403",,,,,"6.99",,,,,"910"
"3423","193",,,,,,,,,"warming","Control","0","10",,"Rendzic Leptosols","forest",,"Picea abies, Fagus sylvatica, Albies alba","2019","bulk soil",,,,,,"22.379","14.828","7.551",,,"2781.764",,,,,"7.32",,,,,"910"
"3424","193",,,,,,,,,"warming","Control","10","20",,"Rendzic Leptosols","forest",,"Picea abies, Fagus sylvatica, Albies alba","2019","bulk soil",,,,,,"17.653","8.164","9.489",,,"2054.716",,,,,"7.235",,,,,"910"
"3425","193",,,,,,,,,"warming","Warming","0","10",,"Rendzic Leptosols","forest",,"Picea abies, Fagus sylvatica, Albies alba","2019","bulk soil",,,,,,"18.301","11.378","6.923",,,"2675.809",,,,,"6.885",,,,,"910"
"3426","193",,,,,,,,,"warming","Warming","10","20",,"Rendzic Leptosols","forest",,"Picea abies, Fagus sylvatica, Albies alba","2019","bulk soil",,,,,,"13.128","5.912","7.216",,,"1136.257",,,,,"6.725",,,,,"910"
"3427","193",,,,,,,,,"warming","Control","0","10",,"Rendzic Leptosols","forest",,"Picea abies, Fagus sylvatica, Albies alba","2019","bulk soil",,,,,,"34.783","15.247","19.536",,,"3507.607",,,,,"7.14",,,,,"910"
"3428","193",,,,,,,,,"warming","Control","10","20",,"Rendzic Leptosols","forest",,"Picea abies, Fagus sylvatica, Albies alba","2019","bulk soil",,,,,,"29.495","9.976","19.519",,,"4934.901",,,,,"7.57",,,,,"910"
"3429","193",,,,,,,,,"warming","Warming","0","10",,"Rendzic Leptosols","forest",,"Picea abies, Fagus sylvatica, Albies alba","2019","bulk soil",,,,,,"16.935","9.51","7.425",,,"4006.642",,,,,"6.605",,,,,"910"
"3430","193",,,,,,,,,"warming","Warming","10","20",,"Rendzic Leptosols","forest",,"Picea abies, Fagus sylvatica, Albies alba","2019","bulk soil",,,,,,"19.391","3.72","15.671",,,"1205.063",,,,,"6.67",,,,,"910"
"3431","193",,,,,,,,,"warming","Control","0","10",,"Rendzic Leptosols","forest",,"Picea abies, Fagus sylvatica, Albies alba","2019","bulk soil",,,,,,"32.354","16","16.354",,,"2106.151",,,,,"7.15",,,,,"910"
"3432","193",,,,,,,,,"warming","Control","10","20",,"Rendzic Leptosols","forest",,"Picea abies, Fagus sylvatica, Albies alba","2019","bulk soil",,,,,,"19.905","7.985","11.92",,,"1551.993",,,,,"7.555",,,,,"910"
"3433","193",,,,,,,,,"warming","Warming","0","10",,"Rendzic Leptosols","forest",,"Picea abies, Fagus sylvatica, Albies alba","2019","bulk soil",,,,,,"19.297","12.418","6.879",,,"2134.136",,,,,"6.455",,,,,"910"
"3434","193",,,,,,,,,"warming","Warming","10","20",,"Rendzic Leptosols","forest",,"Picea abies, Fagus sylvatica, Albies alba","2019","bulk soil",,,,,,"19.195","6.658","12.537",,,"1262.19",,,,,"6.795",,,,,"910"
"3435","206",,"18.731","108.905",,"24.17","1070.89","equatorial","Tropical & Subtropical Moist Broadleaf Forests",,,"0","10",,,"forest",,"Livistona saribus, Gironniera subaequalis, Cryptocarya chinensis, Alseodaphne hainanensis and Prismatomeris tetrandra",,,,,,,,"9500","7800","1700",,,,,,,"2.6","4.6",,"10.3","29.5","60.2",
"3436","204","ecosystem = garden","50.233","12.667",,"7.43","774.88","temperate","Temperate Broadleaf & Mixed Forests",,,"0","5",,"Regosols","other",,"Alnus glutinosa",,"POM",,,,,,"38535.2",,,,,,,,,,,,,,,
"3437","204","ecosystem = garden","50.233","12.667",,"7.43","774.88","temperate","Temperate Broadleaf & Mixed Forests",,,"0","5",,"Regosols","other",,"Alnus glutinosa",,"POM",,,,,,"182662.2",,,,,,,,,,,,,,,
"3438","204","ecosystem = garden","50.233","12.667",,"7.43","774.88","temperate","Temperate Broadleaf & Mixed Forests",,,"0","5",,"Regosols","other",,"Alnus glutinosa",,"POM",,,,,,"112523.1",,,,,,,,,,,,,,,
"3439","204","ecosystem = garden","50.233","12.667",,"7.43","774.88","temperate","Temperate Broadleaf & Mixed Forests",,,"0","5",,"Regosols","other",,"Alnus glutinosa",,"POM",,,,,,"70636.8",,,,,,,,,,,,,,,
"3440","204","ecosystem = garden","50.233","12.667",,"7.43","774.88","temperate","Temperate Broadleaf & Mixed Forests",,,"0","5",,"Regosols","other",,"Alnus glutinosa",,"POM",,,,,,"78048",,,,,,,,,,,,,,,
"3441","204","ecosystem = garden","50.233","12.667",,"7.43","774.88","temperate","Temperate Broadleaf & Mixed Forests",,,"0","5",,"Regosols","other",,"Alnus glutinosa",,"POM",,,,,,"74487.6",,,,,,,,,,,,,,,
"3442","204","ecosystem = garden","50.233","12.667",,"7.43","774.88","temperate","Temperate Broadleaf & Mixed Forests",,,"0","5",,"Regosols","other",,"Pinus sylvestris",,"POM",,,,,,"17003.1",,,,,,,,,,,,,,,
"3443","204","ecosystem = garden","50.233","12.667",,"7.43","774.88","temperate","Temperate Broadleaf & Mixed Forests",,,"0","5",,"Regosols","other",,"Pinus sylvestris",,"POM",,,,,,"67391.1",,,,,,,,,,,,,,,
"3444","204","ecosystem = garden","50.233","12.667",,"7.43","774.88","temperate","Temperate Broadleaf & Mixed Forests",,,"0","5",,"Regosols","other",,"Pinus sylvestris",,"POM",,,,,,"86211",,,,,,,,,,,,,,,
"3445","204","ecosystem = garden","50.233","12.667",,"7.43","774.88","temperate","Temperate Broadleaf & Mixed Forests",,,"0","5",,"Regosols","other",,"Pinus sylvestris",,"POM",,,,,,"72518.3",,,,,,,,,,,,,,,
"3446","204","ecosystem = garden","50.233","12.667",,"7.43","774.88","temperate","Temperate Broadleaf & Mixed Forests",,,"0","5",,"Regosols","other",,"Pinus sylvestris",,"POM",,,,,,"125132",,,,,,,,,,,,,,,
"3447","204","ecosystem = garden","50.233","12.667",,"7.43","774.88","temperate","Temperate Broadleaf & Mixed Forests",,,"0","5",,"Regosols","other",,"Pinus sylvestris",,"POM",,,,,,"104319.6",,,,,,,,,,,,,,,
"3448","204","ecosystem = garden","50.233","12.667",,"7.43","774.88","temperate","Temperate Broadleaf & Mixed Forests",,,"0","5",,"Regosols","other",,"Alnus glutinosa",,"MAOM",,,,,,"16756",,,,,,,,,,,,,,,
"3449","204","ecosystem = garden","50.233","12.667",,"7.43","774.88","temperate","Temperate Broadleaf & Mixed Forests",,,"0","5",,"Regosols","other",,"Alnus glutinosa",,"MAOM",,,,,,"5833.9",,,,,,,,,,,,,,,
"3450","204","ecosystem = garden","50.233","12.667",,"7.43","774.88","temperate","Temperate Broadleaf & Mixed Forests",,,"0","5",,"Regosols","other",,"Alnus glutinosa",,"MAOM",,,,,,"29508.6",,,,,,,,,,,,,,,
"3451","204","ecosystem = garden","50.233","12.667",,"7.43","774.88","temperate","Temperate Broadleaf & Mixed Forests",,,"0","5",,"Regosols","other",,"Alnus glutinosa",,"MAOM",,,,,,"61380",,,,,,,,,,,,,,,
"3452","204","ecosystem = garden","50.233","12.667",,"7.43","774.88","temperate","Temperate Broadleaf & Mixed Forests",,,"0","5",,"Regosols","other",,"Alnus glutinosa",,"MAOM",,,,,,"40285.2",,,,,,,,,,,,,,,
"3453","204","ecosystem = garden","50.233","12.667",,"7.43","774.88","temperate","Temperate Broadleaf & Mixed Forests",,,"0","5",,"Regosols","other",,"Alnus glutinosa",,"MAOM",,,,,,"36701.1",,,,,,,,,,,,,,,
"3454","204","ecosystem = garden","50.233","12.667",,"7.43","774.88","temperate","Temperate Broadleaf & Mixed Forests",,,"0","5",,"Regosols","other",,"Pinus sylvestris",,"MAOM",,,,,,"10177.4",,,,,,,,,,,,,,,
"3455","204","ecosystem = garden","50.233","12.667",,"7.43","774.88","temperate","Temperate Broadleaf & Mixed Forests",,,"0","5",,"Regosols","other",,"Pinus sylvestris",,"MAOM",,,,,,"10156.8",,,,,,,,,,,,,,,
"3456","204","ecosystem = garden","50.233","12.667",,"7.43","774.88","temperate","Temperate Broadleaf & Mixed Forests",,,"0","5",,"Regosols","other",,"Pinus sylvestris",,"MAOM",,,,,,"4951.8",,,,,,,,,,,,,,,
"3457","204","ecosystem = garden","50.233","12.667",,"7.43","774.88","temperate","Temperate Broadleaf & Mixed Forests",,,"0","5",,"Regosols","other",,"Pinus sylvestris",,"MAOM",,,,,,"26305.6",,,,,,,,,,,,,,,
"3458","204","ecosystem = garden","50.233","12.667",,"7.43","774.88","temperate","Temperate Broadleaf & Mixed Forests",,,"0","5",,"Regosols","other",,"Pinus sylvestris",,"MAOM",,,,,,"3451.2",,,,,,,,,,,,,,,
"3459","204","ecosystem = garden","50.233","12.667",,"7.43","774.88","temperate","Temperate Broadleaf & Mixed Forests",,,"0","5",,"Regosols","other",,"Pinus sylvestris",,"MAOM",,,,,,"12301.8",,,,,,,,,,,,,,,
"3460","204","ecosystem = garden","50.233","12.667",,"7.43","774.88","temperate","Temperate Broadleaf & Mixed Forests",,,"5","15",,"Regosols","other",,"Alnus glutinosa",,"POM",,,,,,"154874.5",,,,,,,,,,,,,,,
"3461","204","ecosystem = garden","50.233","12.667",,"7.43","774.88","temperate","Temperate Broadleaf & Mixed Forests",,,"5","15",,"Regosols","other",,"Alnus glutinosa",,"POM",,,,,,"23930",,,,,,,,,,,,,,,
"3462","204","ecosystem = garden","50.233","12.667",,"7.43","774.88","temperate","Temperate Broadleaf & Mixed Forests",,,"5","15",,"Regosols","other",,"Alnus glutinosa",,"POM",,,,,,"22897.5",,,,,,,,,,,,,,,
"3463","204","ecosystem = garden","50.233","12.667",,"7.43","774.88","temperate","Temperate Broadleaf & Mixed Forests",,,"5","15",,"Regosols","other",,"Alnus glutinosa",,"POM",,,,,,"71679.3",,,,,,,,,,,,,,,
"3464","204","ecosystem = garden","50.233","12.667",,"7.43","774.88","temperate","Temperate Broadleaf & Mixed Forests",,,"5","15",,"Regosols","other",,"Alnus glutinosa",,"POM",,,,,,"34254",,,,,,,,,,,,,,,
"3465","204","ecosystem = garden","50.233","12.667",,"7.43","774.88","temperate","Temperate Broadleaf & Mixed Forests",,,"5","15",,"Regosols","other",,"Alnus glutinosa",,"POM",,,,,,"29350.8",,,,,,,,,,,,,,,
"3466","204","ecosystem = garden","50.233","12.667",,"7.43","774.88","temperate","Temperate Broadleaf & Mixed Forests",,,"5","15",,"Regosols","other",,"Pinus sylvestris",,"POM",,,,,,"35901",,,,,,,,,,,,,,,
"3467","204","ecosystem = garden","50.233","12.667",,"7.43","774.88","temperate","Temperate Broadleaf & Mixed Forests",,,"5","15",,"Regosols","other",,"Pinus sylvestris",,"POM",,,,,,"60930",,,,,,,,,,,,,,,
"3468","204","ecosystem = garden","50.233","12.667",,"7.43","774.88","temperate","Temperate Broadleaf & Mixed Forests",,,"5","15",,"Regosols","other",,"Pinus sylvestris",,"POM",,,,,,"124501",,,,,,,,,,,,,,,
"3469","204","ecosystem = garden","50.233","12.667",,"7.43","774.88","temperate","Temperate Broadleaf & Mixed Forests",,,"5","15",,"Regosols","other",,"Pinus sylvestris",,"POM",,,,,,"70925",,,,,,,,,,,,,,,
"3470","204","ecosystem = garden","50.233","12.667",,"7.43","774.88","temperate","Temperate Broadleaf & Mixed Forests",,,"5","15",,"Regosols","other",,"Pinus sylvestris",,"POM",,,,,,"52409.4",,,,,,,,,,,,,,,
"3471","204","ecosystem = garden","50.233","12.667",,"7.43","774.88","temperate","Temperate Broadleaf & Mixed Forests",,,"5","15",,"Regosols","other",,"Pinus sylvestris",,"POM",,,,,,"69606",,,,,,,,,,,,,,,
"3472","204","ecosystem = garden","50.233","12.667",,"7.43","774.88","temperate","Temperate Broadleaf & Mixed Forests",,,"5","15",,"Regosols","other",,"Alnus glutinosa",,"MAOM",,,,,,"3017.5",,,,,,,,,,,,,,,
"3473","204","ecosystem = garden","50.233","12.667",,"7.43","774.88","temperate","Temperate Broadleaf & Mixed Forests",,,"5","15",,"Regosols","other",,"Alnus glutinosa",,"MAOM",,,,,,"2291",,,,,,,,,,,,,,,
"3474","204","ecosystem = garden","50.233","12.667",,"7.43","774.88","temperate","Temperate Broadleaf & Mixed Forests",,,"5","15",,"Regosols","other",,"Alnus glutinosa",,"MAOM",,,,,,"3502.8",,,,,,,,,,,,,,,
"3475","204","ecosystem = garden","50.233","12.667",,"7.43","774.88","temperate","Temperate Broadleaf & Mixed Forests",,,"5","15",,"Regosols","other",,"Alnus glutinosa",,"MAOM",,,,,,"8259.3",,,,,,,,,,,,,,,
"3476","204","ecosystem = garden","50.233","12.667",,"7.43","774.88","temperate","Temperate Broadleaf & Mixed Forests",,,"5","15",,"Regosols","other",,"Alnus glutinosa",,"MAOM",,,,,,"3623.7",,,,,,,,,,,,,,,
"3477","204","ecosystem = garden","50.233","12.667",,"7.43","774.88","temperate","Temperate Broadleaf & Mixed Forests",,,"5","15",,"Regosols","other",,"Alnus glutinosa",,"MAOM",,,,,,"688",,,,,,,,,,,,,,,
"3478","204","ecosystem = garden","50.233","12.667",,"7.43","774.88","temperate","Temperate Broadleaf & Mixed Forests",,,"5","15",,"Regosols","other",,"Pinus sylvestris",,"MAOM",,,,,,"4271.4",,,,,,,,,,,,,,,
"3479","204","ecosystem = garden","50.233","12.667",,"7.43","774.88","temperate","Temperate Broadleaf & Mixed Forests",,,"5","15",,"Regosols","other",,"Pinus sylvestris",,"MAOM",,,,,,"4802.4",,,,,,,,,,,,,,,
"3480","204","ecosystem = garden","50.233","12.667",,"7.43","774.88","temperate","Temperate Broadleaf & Mixed Forests",,,"5","15",,"Regosols","other",,"Pinus sylvestris",,"MAOM",,,,,,"5927.6",,,,,,,,,,,,,,,
"3481","204","ecosystem = garden","50.233","12.667",,"7.43","774.88","temperate","Temperate Broadleaf & Mixed Forests",,,"5","15",,"Regosols","other",,"Pinus sylvestris",,"MAOM",,,,,,"18157.8",,,,,,,,,,,,,,,
"3482","204","ecosystem = garden","50.233","12.667",,"7.43","774.88","temperate","Temperate Broadleaf & Mixed Forests",,,"5","15",,"Regosols","other",,"Pinus sylvestris",,"MAOM",,,,,,"9810",,,,,,,,,,,,,,,
"3483","204","ecosystem = garden","50.233","12.667",,"7.43","774.88","temperate","Temperate Broadleaf & Mixed Forests",,,"5","15",,"Regosols","other",,"Pinus sylvestris",,"MAOM",,,,,,"9147.6",,,,,,,,,,,,,,,
"3484","217",,"30.375","119.433",,"14.45","1673.18","temperate","Temperate Broadleaf & Mixed Forests","management","unmanaged","10","20",,"Ferric Luvisols",,,"bamboo","2021","bulk soil",,"2699.42","135.38","865.39",,"28649","22556.9","6092.1",,,,,,,,,,,,,
"3485","217",,"30.375","119.433",,"14.45","1673.18","temperate","Temperate Broadleaf & Mixed Forests","management","extensively managed","10","20",,"Ferric Luvisols",,,"bamboo","2021","bulk soil",,"2076.73","45.83","934.85",,"20164.5","18102.2","2062.3",,,,,,,,,,,,,
"3486","217",,"30.375","119.433",,"14.45","1673.18","temperate","Temperate Broadleaf & Mixed Forests","management","intensively managed","10","20",,"Ferric Luvisols",,,"bamboo","2021","bulk soil",,"1371.17","29.72","513.46",,"13296.4","11959","1337.4",,,,,,,,,,,,,
"3487","201",,"55.467","9.117",,"8","700.94","temperate","Temperate Broadleaf & Mixed Forests","amendment","control","0","20",,"Orthic Luvisol","cropland",,,"2019","bulk soil",,"361.02","18.58","189.31","42.28","3846.8","3010.7","836.1",,,"98.81","20.8","7.9",,"0.7","5.79","CaCl2","10","23","67","63"
"3488","201",,"55.467","9.117",,"8","700.94","temperate","Temperate Broadleaf & Mixed Forests","amendment","control","0","20",,"Orthic Luvisol","cropland",,,"2019","bulk soil",,"392.32","20.47","195.92","62.74","4189.2","3268.1","921.1",,,"73.09","16.61","6.7",,"0.6","5.73","CaCl2","10","23","67","63"
"3489","201",,"55.467","9.117",,"8","700.94","temperate","Temperate Broadleaf & Mixed Forests","amendment","control","0","20",,"Orthic Luvisol","cropland",,,"2019","bulk soil",,"390.7","20.16","192.7","66.64","4164.7","3257.5","907.2",,,"103.5","22.51","11.5",,"1","6.17","CaCl2","10","23","67","63"
"3490","201",,"55.467","9.117",,"8","700.94","temperate","Temperate Broadleaf & Mixed Forests","amendment","control","0","20",,"Orthic Luvisol","cropland",,,"2019","bulk soil",,"310.83","18.32","181.41","42.7","3386.7","2562.3","824.4",,,"96.62","19.5","10.2",,"1","5.87","CaCl2","10","23","67","63"
"3491","201",,"55.467","9.117",,"8","700.94","temperate","Temperate Broadleaf & Mixed Forests","amendment","N","0","20",,"Orthic Luvisol","cropland",,,"2019","bulk soil",,"384.87","20.28","192.31","54.54","4116.1","3203.5","912.6",,,"87.19","16.19","9.8",,"0.8","5.01","CaCl2","10","23","67","63"
"3492","201",,"55.467","9.117",,"8","700.94","temperate","Temperate Broadleaf & Mixed Forests","amendment","N","0","20",,"Orthic Luvisol","cropland",,,"2019","bulk soil",,"380.16","19.7","193.3","69.79","4055","3168.5","886.5",,,"89.18","18.25","9",,"0.7","5.57","CaCl2","10","23","67","63"
"3493","201",,"55.467","9.117",,"8","700.94","temperate","Temperate Broadleaf & Mixed Forests","amendment","N","0","20",,"Orthic Luvisol","cropland",,,"2019","bulk soil",,"393.68","19.55","200.18","72.88","4172","3292.2","879.8",,,"107.93","18.64","9.5",,"0.8","5","CaCl2","10","23","67","63"
"3494","201",,"55.467","9.117",,"8","700.94","temperate","Temperate Broadleaf & Mixed Forests","amendment","N","0","20",,"Orthic Luvisol","cropland",,,"2019","bulk soil",,"376.54","19.21","186.94","69.74","4006.8","3142.3","864.5",,,"40.45","9.12","10.6",,"0.9","4.84","CaCl2","10","23","67","63"
"3495","201",,"55.467","9.117",,"8","700.94","temperate","Temperate Broadleaf & Mixed Forests","amendment","P","0","20",,"Orthic Luvisol","cropland",,,"2019","bulk soil",,"343.45","18.08","193.73","59.96","3672.6","2859","813.6",,,"72.57","19.62","9.3",,"0.7","5.69","CaCl2","10","23","67","63"
"3496","201",,"55.467","9.117",,"8","700.94","temperate","Temperate Broadleaf & Mixed Forests","amendment","P","0","20",,"Orthic Luvisol","cropland",,,"2019","bulk soil",,"314.97","16.48","170.81","70.1","3364.8","2623.2","741.6",,,"109.18","27.83","9.9",,"0.8","6.04","CaCl2","10","23","67","63"
"3497","201",,"55.467","9.117",,"8","700.94","temperate","Temperate Broadleaf & Mixed Forests","amendment","P","0","20",,"Orthic Luvisol","cropland",,,"2019","bulk soil",,"359.36","18.79","183.37","59.81","3838.5","2993","845.5",,,"94.43","19.1","14.1",,"1.1","5.88","CaCl2","10","23","67","63"
"3498","201",,"55.467","9.117",,"8","700.94","temperate","Temperate Broadleaf & Mixed Forests","amendment","P","0","20",,"Orthic Luvisol","cropland",,,"2019","bulk soil",,"336.1","17.16","174.2","65.73","3576.8","2804.6","772.2",,,"119.63","24.42","9.7",,"0.8","5.98","CaCl2","10","23","67","63"
"3499","201",,"55.467","9.117",,"8","700.94","temperate","Temperate Broadleaf & Mixed Forests","amendment","K","0","20",,"Orthic Luvisol","cropland",,,"2019","bulk soil",,"338.52","18.7","196.34","40.68","3648.1","2806.6","841.5",,,"119","25.33","11",,"0.8","6.18","CaCl2","10","23","67","63"
"3500","201",,"55.467","9.117",,"8","700.94","temperate","Temperate Broadleaf & Mixed Forests","amendment","K","0","20",,"Orthic Luvisol","cropland",,,"2019","bulk soil",,"258.23","13.3","140.24","40.78","2751.8","2153.3","598.5",,,"106.07","23.58","10.7",,"0.7","5.92","CaCl2","10","23","67","63"
"3501","201",,"55.467","9.117",,"8","700.94","temperate","Temperate Broadleaf & Mixed Forests","amendment","K","0","20",,"Orthic Luvisol","cropland",,,"2019","bulk soil",,"289.02","15.12","160.61","40.52","3087.5","2407.1","680.4",,,"84.63","17.79","11.3",,"0.9","5.46","CaCl2","10","23","67","63"
"3502","201",,"55.467","9.117",,"8","700.94","temperate","Temperate Broadleaf & Mixed Forests","amendment","K","0","20",,"Orthic Luvisol","cropland",,,"2019","bulk soil",,"338.5","17.97","192.56","42.16","3624.4","2815.8","808.6",,,"149.93","35.93","8.4",,"0.7","6.02","CaCl2","10","23","67","63"
"3503","201",,"55.467","9.117",,"8","700.94","temperate","Temperate Broadleaf & Mixed Forests","amendment","NP","0","20",,"Orthic Luvisol","cropland",,,"2019","bulk soil",,"278.79","15.41","171.66","41.61","3004.8","2311.3","693.5",,,"16.3","8.52","6.4",,"0.3","5.51","CaCl2","10","23","67","63"
"3504","201",,"55.467","9.117",,"8","700.94","temperate","Temperate Broadleaf & Mixed Forests","amendment","NP","0","20",,"Orthic Luvisol","cropland",,,"2019","bulk soil",,"266.59","15.59","157.56","41.8","2900.7","2199.2","701.5",,,"83.15","16.47","9.9",,"0.8","5.98","CaCl2","10","23","67","63"
"3505","201",,"55.467","9.117",,"8","700.94","temperate","Temperate Broadleaf & Mixed Forests","amendment","NP","0","20",,"Orthic Luvisol","cropland",,,"2019","bulk soil",,"291.34","15.58","175.38","41.83","3123.2","2422.1","701.1",,,"100.15","22.24","10.8",,"0.8","5.19","CaCl2","10","23","67","63"
"3506","201",,"55.467","9.117",,"8","700.94","temperate","Temperate Broadleaf & Mixed Forests","amendment","NP","0","20",,"Orthic Luvisol","cropland",,,"2019","bulk soil",,"327.61","17.19","182.38","55.9","3501.4","2727.8","773.6",,,"133.7","27.67","11.1",,"1","5.74","CaCl2","10","23","67","63"
"3507","201",,"55.467","9.117",,"8","700.94","temperate","Temperate Broadleaf & Mixed Forests","amendment","NK","0","20",,"Orthic Luvisol","cropland",,,"2019","bulk soil",,"410.01","20.4","201.15","79.3","4346.2","3428.2","918",,,"57.77","18.56","11.9",,"1","4.7","CaCl2","10","23","67","63"
"3508","201",,"55.467","9.117",,"8","700.94","temperate","Temperate Broadleaf & Mixed Forests","amendment","NK","0","20",,"Orthic Luvisol","cropland",,,"2019","bulk soil",,"349.36","17.72","161.39",,"3714.2","2916.8","797.4",,,"88.53","17.93","14.5",,"1.1","5.12","CaCl2","10","23","67","63"
"3509","201",,"55.467","9.117",,"8","700.94","temperate","Temperate Broadleaf & Mixed Forests","amendment","NK","0","20",,"Orthic Luvisol","cropland",,,"2019","bulk soil",,"383.89","20.41","175.77",,"4111.5","3193","918.5",,,"41.62","10.57","11.6",,"1.1","4.69","CaCl2","10","23","67","63"
"3510","201",,"55.467","9.117",,"8","700.94","temperate","Temperate Broadleaf & Mixed Forests","amendment","NK","0","20",,"Orthic Luvisol","cropland",,,"2019","bulk soil",,"355.17","18.55","168.27",,"3793.2","2958.4","834.8",,,"117.01","25.97","16.6",,"1.5","6.14","CaCl2","10","23","67","63"
"3511","201",,"55.467","9.117",,"8","700.94","temperate","Temperate Broadleaf & Mixed Forests","amendment","PK","0","20",,"Orthic Luvisol","cropland",,,"2019","bulk soil",,"413.02","23.2","211.5",,"4463.4","3419.4","1044",,,"102.64","20.87","7.9",,"0.5","5.44","CaCl2","10","23","67","63"
"3512","201",,"55.467","9.117",,"8","700.94","temperate","Temperate Broadleaf & Mixed Forests","amendment","PK","0","20",,"Orthic Luvisol","cropland",,,"2019","bulk soil",,"330.83","18.49","170.21",,"3572.1","2740.1","832",,,"87.25","18.73","8.9",,"0.8","5.35","CaCl2","10","23","67","63"
"3513","201",,"55.467","9.117",,"8","700.94","temperate","Temperate Broadleaf & Mixed Forests","amendment","PK","0","20",,"Orthic Luvisol","cropland",,,"2019","bulk soil",,"357.57","20.47","189.63",,"3876.5","2955.4","921.1",,,"127.99","25.49","9.2",,"0.7","5.36","CaCl2","10","23","67","63"
"3514","201",,"55.467","9.117",,"8","700.94","temperate","Temperate Broadleaf & Mixed Forests","amendment","PK","0","20",,"Orthic Luvisol","cropland",,,"2019","bulk soil",,"324.47","18.37","166.13",,"3511.1","2684.4","826.7",,,"102.91","20.76","10.5",,"0.9","5.53","CaCl2","10","23","67","63"
"3515","201",,"55.467","9.117",,"8","700.94","temperate","Temperate Broadleaf & Mixed Forests","amendment","NPK","0","20",,"Orthic Luvisol","cropland",,,"2019","bulk soil",,"359.49","19.76","178.9","45.56","3870.9","2981.7","889.2",,,"86.23","19.16","15.7",,"1.5","5.12","CaCl2","10","23","67","63"
"3516","201",,"55.467","9.117",,"8","700.94","temperate","Temperate Broadleaf & Mixed Forests","amendment","NPK","0","20",,"Orthic Luvisol","cropland",,,"2019","bulk soil",,"307.74","16.55","159.35",,"3302","2557.2","744.8",,,"149.68","38.77","14.2",,"1.2","5.38","CaCl2","10","23","67","63"
"3517","201",,"55.467","9.117",,"8","700.94","temperate","Temperate Broadleaf & Mixed Forests","amendment","NPK","0","20",,"Orthic Luvisol","cropland",,,"2019","bulk soil",,"353.87","19.53","177.16",,"3813","2934.1","878.9",,,"87.29","21.33","14.9",,"1.2","5.09","CaCl2","10","23","67","63"
"3518","201",,"55.467","9.117",,"8","700.94","temperate","Temperate Broadleaf & Mixed Forests","amendment","NPK","0","20",,"Orthic Luvisol","cropland",,,"2019","bulk soil",,"318.55","17.17","158.65",,"3419.2","2646.5","772.7",,,"79.78","20.82","12.4",,"1.1","5.25","CaCl2","10","23","67","63"
"3519","209",,"52.94","122.86",,"-5.22","413.15","cold/snow","Temperate Conifer Forests",,,"0","10",,"Histosols","wetland","open peatland","Sphagnum palustre, Sphagnum magellanicum","2015","bulk soil",,"7594.94","148.642",,,"73135.2","66446.3","6688.9",,,"16500","1310",,,"15.6",,,,,,
"3520","209",,"52.94","122.86",,"-5.22","413.15","cold/snow","Temperate Conifer Forests",,,"0","10",,"Histosols","forest",,"A. sibirica","2015","bulk soil",,"8396.62","182.058",,,"81425.1","73232.5","8192.6",,,"22600","2930",,,"18.9",,,,,,
"3521","209",,"52.94","122.86",,"-5.22","413.15","cold/snow","Temperate Conifer Forests",,,"10","20",,"Histosols","wetland","open peatland","Sphagnum palustre, Sphagnum magellanicum","2015","bulk soil",,"8691.98","173.992",,,"83823.9","75994.3","7829.6",,,"10200","1070",,,"16.3",,,,,,
"3522","209",,"52.94","122.86",,"-5.22","413.15","cold/snow","Temperate Conifer Forests",,,"10","20",,"Histosols","forest",,"A. sibirica","2015","bulk soil",,"7890.3","157.86",,,"76089.9","68986.2","7103.7",,,"13500","1560",,,"19.6",,,,,,
"3523","209",,"52.94","122.86",,"-5.22","413.15","cold/snow","Temperate Conifer Forests",,,"20","30",,"Histosols","wetland","open peatland","Sphagnum palustre, Sphagnum magellanicum","2015","bulk soil",,"6244.73","193.58",,,"62428.7","53717.6","8711.1",,,"5600","560",,,"18.6",,,,,,
"3524","209",,"52.94","122.86",,"-5.22","413.15","cold/snow","Temperate Conifer Forests",,,"20","30",,"Histosols","forest",,"A. sibirica","2015","bulk soil",,"6877.64","230.453",,,"69310.8","58940.4","10370.4",,,"6800","1000",,,"20.9",,,,,,
"3525","223",,"39.21","111.26",,"7.92","425.61","arid","Montane Grasslands & Shrublands","amendment","CT","0","20",,,"cropland",,,"2021","bulk soil",,"168.263","13.659",,,"1953.7","1339","614.7",,,"59","10.7",,,"0.69","8.58",,,,,"1082"
"3526","223",,"39.21","111.26",,"7.92","425.61","arid","Montane Grasslands & Shrublands","amendment","CT","0","20",,,"cropland",,,"2021","aggregate","0.250-2mm","203.466","11.707",,,"2207.7","1680.9","526.8",,,"59","10.7",,,"0.69","8.58",,,,,"1082"
"3527","223",,"39.21","111.26",,"7.92","425.61","arid","Montane Grasslands & Shrublands","amendment","CT","0","20",,,"cropland",,,"2021","aggregate","0.053-0.250mm","167.034","17.236",,,"2057.6","1282","775.6",,,"59","10.7",,,"0.69","8.58",,,,,"1082"
"3528","223",,"39.21","111.26",,"7.92","425.61","arid","Montane Grasslands & Shrublands","amendment","CT","0","20",,,"cropland",,,"2021","aggregate","<0.053mm","117.997","11.707",,,"1438.5","911.7","526.8",,,"59","10.7",,,"0.69","8.58",,,,,"1082"
"3529","223",,"39.21","111.26",,"7.92","425.61","arid","Montane Grasslands & Shrublands","amendment","N","0","20",,,"cropland",,,"2021","bulk soil",,"203.629","16.26",,,"2355.6","1623.9","731.7",,,"60.1","11",,,"0.73","8.56",,,,,"1082"
"3530","223",,"39.21","111.26",,"7.92","425.61","arid","Montane Grasslands & Shrublands","amendment","N","0","20",,,"cropland",,,"2021","aggregate","0.250-2mm","247.866","13.984",,,"2680.6","2051.3","629.3",,,"60.1","11",,,"0.73","8.56",,,,,"1082"
"3531","223",,"39.21","111.26",,"7.92","425.61","arid","Montane Grasslands & Shrublands","amendment","N","0","20",,,"cropland",,,"2021","aggregate","0.053-0.250mm","202.864","20.163",,,"2474.2","1566.9","907.3",,,"60.1","11",,,"0.73","8.56",,,,,"1082"
"3532","223",,"39.21","111.26",,"7.92","425.61","arid","Montane Grasslands & Shrublands","amendment","N","0","20",,,"cropland",,,"2021","aggregate","<0.053mm","151.589","15.285",,,"1855.9","1168.1","687.8",,,"60.1","11",,,"0.73","8.56",,,,,"1082"
"3533","223",,"39.21","111.26",,"7.92","425.61","arid","Montane Grasslands & Shrublands","amendment","NP","0","20",,,"cropland",,,"2021","bulk soil",,"210.888","16.911",,,"2441.9","1680.9","761",,,"59.6","11.2",,,"0.75","8.5",,,,,"1082"
"3534","223",,"39.21","111.26",,"7.92","425.61","arid","Montane Grasslands & Shrublands","amendment","NP","0","20",,,"cropland",,,"2021","aggregate","0.250-2mm","251.959","14.634",,,"2738.3","2079.8","658.5",,,"59.6","11.2",,,"0.75","8.5",,,,,"1082"
"3535","223",,"39.21","111.26",,"7.92","425.61","arid","Montane Grasslands & Shrublands","amendment","NP","0","20",,,"cropland",,,"2021","aggregate","0.053-0.250mm","213.753","21.138",,,"2603.6","1652.4","951.2",,,"59.6","11.2",,,"0.75","8.5",,,,,"1082"
"3536","223",,"39.21","111.26",,"7.92","425.61","arid","Montane Grasslands & Shrublands","amendment","NP","0","20",,,"cropland",,,"2021","aggregate","<0.053mm","171.51","15.935",,,"2056.1","1339","717.1",,,"59.6","11.2",,,"0.75","8.5",,,,,"1082"
"3537","223",,"39.21","111.26",,"7.92","425.61","arid","Montane Grasslands & Shrublands","amendment","M","0","20",,,"cropland",,,"2021","bulk soil",,"428.327","27.317",,,"4733.6","3504.3","1229.3",,,"110.7","17.7",,,"1.17","8.41",,,,,"1082"
"3538","223",,"39.21","111.26",,"7.92","425.61","arid","Montane Grasslands & Shrublands","amendment","M","0","20",,,"cropland",,,"2021","aggregate","0.250-2mm","534.019","23.74",,,"5569.7","4501.4","1068.3",,,"110.7","17.7",,,"1.17","8.41",,,,,"1082"
"3539","223",,"39.21","111.26",,"7.92","425.61","arid","Montane Grasslands & Shrublands","amendment","M","0","20",,,"cropland",,,"2021","aggregate","0.053-0.250mm","321.788","32.52",,,"3942","2478.6","1463.4",,,"110.7","17.7",,,"1.17","8.41",,,,,"1082"
"3540","223",,"39.21","111.26",,"7.92","425.61","arid","Montane Grasslands & Shrublands","amendment","M","0","20",,,"cropland",,,"2021","aggregate","<0.053mm","255.832","21.789",,,"3003.3","2022.8","980.5",,,"110.7","17.7",,,"1.17","8.41",,,,,"1082"
"3541","223",,"39.21","111.26",,"7.92","425.61","arid","Montane Grasslands & Shrublands","amendment","NM","0","20",,,"cropland",,,"2021","bulk soil",,"441.453","27.642",,,"4862.1","3618.2","1243.9",,,"118.5","18.8",,,"1.16","8.5",,,,,"1082"
"3542","223",,"39.21","111.26",,"7.92","425.61","arid","Montane Grasslands & Shrublands","amendment","NM","0","20",,,"cropland",,,"2021","aggregate","0.250-2mm","555.25","23.089",,,"5739.9","4700.9","1039",,,"118.5","18.8",,,"1.16","8.5",,,,,"1082"
"3543","223",,"39.21","111.26",,"7.92","425.61","arid","Montane Grasslands & Shrublands","amendment","NM","0","20",,,"cropland",,,"2021","aggregate","0.053-0.250mm","390.666","36.423",,,"4687.4","3048.4","1639",,,"118.5","18.8",,,"1.16","8.5",,,,,"1082"
"3544","223",,"39.21","111.26",,"7.92","425.61","arid","Montane Grasslands & Shrublands","amendment","NM","0","20",,,"cropland",,,"2021","aggregate","<0.053mm","273.052","22.764",,,"3189.6","2165.2","1024.4",,,"118.5","18.8",,,"1.16","8.5",,,,,"1082"
"3545","223",,"39.21","111.26",,"7.92","425.61","arid","Montane Grasslands & Shrublands","amendment","NPM","0","20",,,"cropland",,,"2021","bulk soil",,"454.579","27.968",,,"4990.8","3732.2","1258.6",,,"117","18.7",,,"1.17","8.42",,,,,"1082"
"3546","223",,"39.21","111.26",,"7.92","425.61","arid","Montane Grasslands & Shrublands","amendment","NPM","0","20",,,"cropland",,,"2021","aggregate","0.250-2mm","553.012","23.74",,,"5740.7","4672.4","1068.3",,,"117","18.7",,,"1.17","8.42",,,,,"1082"
"3547","223",,"39.21","111.26",,"7.92","425.61","arid","Montane Grasslands & Shrublands","amendment","NPM","0","20",,,"cropland",,,"2021","aggregate","0.053-0.250mm","365.724","34.472",,,"4400.2","2849","1551.2",,,"117","18.7",,,"1.17","8.42",,,,,"1082"
"3548","223",,"39.21","111.26",,"7.92","425.61","arid","Montane Grasslands & Shrublands","amendment","NPM","0","20",,,"cropland",,,"2021","aggregate","<0.053mm","277.609","23.74",,,"3262","2193.7","1068.3",,,"117","18.7",,,"1.17","8.42",,,,,"1082"
"3549","223",,"39.21","111.26",,"7.92","425.61","arid","Montane Grasslands & Shrublands","amendment","NDM","0","20",,,"cropland",,,"2021","bulk soil",,"676.413","34.797",,,"7206.9","5641","1565.9",,,"161.4","23.1",,,"1.39","8.38",,,,,"1082"
"3550","223",,"39.21","111.26",,"7.92","425.61","arid","Montane Grasslands & Shrublands","amendment","NDM","0","20",,,"cropland",,,"2021","aggregate","0.250-2mm","828.197","30.244",,,"8426.5","7065.5","1361",,,"161.4","23.1",,,"1.39","8.38",,,,,"1082"
"3551","223",,"39.21","111.26",,"7.92","425.61","arid","Montane Grasslands & Shrublands","amendment","NDM","0","20",,,"cropland",,,"2021","aggregate","0.053-0.250mm","454.14","40.976",,,"5405.1","3561.2","1843.9",,,"161.4","23.1",,,"1.39","8.38",,,,,"1082"
"3552","223",,"39.21","111.26",,"7.92","425.61","arid","Montane Grasslands & Shrublands","amendment","NDM","0","20",,,"cropland",,,"2021","aggregate","<0.053mm","352.354","27.317",,,"4049.8","2820.5","1229.3",,,"161.4","23.1",,,"1.39","8.38",,,,,"1082"
"3553","223",,"39.21","111.26",,"7.92","425.61","arid","Montane Grasslands & Shrublands","amendment","NPDM","0","20",,,"cropland",,,"2021","bulk soil",,"684.6","36.098",,,"7322.4","5698","1624.4",,,"162.1","23.2",,,"1.34","8.38",,,,,"1082"
"3554","223",,"39.21","111.26",,"7.92","425.61","arid","Montane Grasslands & Shrublands","amendment","NPDM","0","20",,,"cropland",,,"2021","aggregate","0.250-2mm","825.032","30.244",,,"8398","7037","1361",,,"162.1","23.2",,,"1.34","8.38",,,,,"1082"
"3555","223",,"39.21","111.26",,"7.92","425.61","arid","Montane Grasslands & Shrublands","amendment","NPDM","0","20",,,"cropland",,,"2021","aggregate","0.053-0.250mm","462.326","42.276",,,"5520.6","3618.2","1902.4",,,"162.1","23.2",,,"1.34","8.38",,,,,"1082"
"3556","223",,"39.21","111.26",,"7.92","425.61","arid","Montane Grasslands & Shrublands","amendment","NPDM","0","20",,,"cropland",,,"2021","aggregate","<0.053mm","365.097","29.594",,,"4237.7","2906","1331.7",,,"162.1","23.2",,,"1.34","8.38",,,,,"1082"
"3557","189","Wang et al. 2021, data retrieved from Han et al. 2023. https://doi.org/10.1111/geb.13776","36.08","109.13",,"9.51","559.34","cold/snow","Temperate Broadleaf & Mixed Forests",,,,,,,,,,,,,"4730.899","164.312",,,"47862.8","40468.8","7394",,,"3600.877","501.719",,,"6.736","7.8",,"11.7",,,
"3558","189","Wang et al. 2021, data retrieved from Han et al. 2023. https://doi.org/10.1111/geb.13776","36.08","109.13",,"9.51","559.34","cold/snow","Temperate Broadleaf & Mixed Forests",,,,,,,,,,,,,"4718.647","153.93",,,"47418.7","40491.8","6926.9",,,"3250.914","705.652",,,"6.998","7.8",,"11.7",,,
"3559","189","Wang et al. 2021, data retrieved from Han et al. 2023. https://doi.org/10.1111/geb.13776","36.08","109.13",,"9.51","559.34","cold/snow","Temperate Broadleaf & Mixed Forests",,,,,,,,,,,,,"4724.773","159.121",,,"47640.7","40480.3","7160.4",,,"2542.943","728.576",,,"6.867","7.8",,"11.7",,,
"3560","189","Wang et al. 2021, data retrieved from Han et al. 2023. https://doi.org/10.1111/geb.13776","36.08","109.13",,"9.51","559.34","cold/snow","Temperate Broadleaf & Mixed Forests",,,,,,,,,,,,,"3823.683","128.885",,,"38558.4","32758.6","5799.8",,,"2208.104","841.36",,,"5.506","7.8",,"11.7",,,
"3561","189","Wang et al. 2021, data retrieved from Han et al. 2023. https://doi.org/10.1111/geb.13776","36.08","109.13",,"9.51","559.34","cold/snow","Temperate Broadleaf & Mixed Forests",,,,,,,,,,,,,"4008.059","133.655",,,"40371.3","34356.8","6014.5",,,"2405.448","678.613",,,"5.615","7.8",,"11.7",,,
"3562","189","Wang et al. 2021, data retrieved from Han et al. 2023. https://doi.org/10.1111/geb.13776","36.08","109.13",,"9.51","559.34","cold/snow","Temperate Broadleaf & Mixed Forests",,,,,,,,,,,,,"3915.871","131.27",,,"39464.9","33557.7","5907.2",,,"2512.525","674.229",,,"5.56","7.8",,"11.7",,,
"3563","189","Wang et al. 2021, data retrieved from Han et al. 2023. https://doi.org/10.1111/geb.13776","36.08","109.13",,"9.51","559.34","cold/snow","Temperate Broadleaf & Mixed Forests",,,,,,,,,,,,,"5316.403","132.984",,,"52124.8","46140.5","5984.3",,,"2396.789","616.42",,,"6.622","7.8",,"11.7",,,
"3564","189","Wang et al. 2021, data retrieved from Han et al. 2023. https://doi.org/10.1111/geb.13776","36.08","109.13",,"9.51","559.34","cold/snow","Temperate Broadleaf & Mixed Forests",,,,,,,,,,,,,"5685.313","149.244",,,"55968","49252","6716",,,"1220.832","737.666",,,"6.751","7.8",,"11.7",,,
"3565","189","Wang et al. 2021, data retrieved from Han et al. 2023. https://doi.org/10.1111/geb.13776","36.08","109.13",,"9.51","559.34","cold/snow","Temperate Broadleaf & Mixed Forests",,,,,,,,,,,,,"5500.858","141.114",,,"54046.3","47696.2","6350.1",,,"1215.25","646.863",,,"6.686","7.8",,"11.7",,,
"3566","189","Wang et al. 2021, data retrieved from Han et al. 2023. https://doi.org/10.1111/geb.13776","36.08","109.13",,"9.51","559.34","cold/snow","Temperate Broadleaf & Mixed Forests",,,,,,,,,,,,,"1110.452","32.913",,,"11052.7","9571.6","1481.1",,,"776.91","213.752",,,"1.983","8.2",,"11.7",,,
"3567","189","Wang et al. 2021, data retrieved from Han et al. 2023. https://doi.org/10.1111/geb.13776","36.08","109.13",,"9.51","559.34","cold/snow","Temperate Broadleaf & Mixed Forests",,,,,,,,,,,,,"1163.138","38.136",,,"11694.8","9978.7","1716.1",,,"679.526","176.089",,,"1.988","8.2",,"11.7",,,
"3568","189","Wang et al. 2021, data retrieved from Han et al. 2023. https://doi.org/10.1111/geb.13776","36.08","109.13",,"9.51","559.34","cold/snow","Temperate Broadleaf & Mixed Forests",,,,,,,,,,,,,"1136.795","35.525",,,"11373.7","9775.1","1598.6",,,"633.823","197.841",,,"1.985","8.2",,"11.7",,,
"3569","189","Wang et al. 2021, data retrieved from Han et al. 2023. https://doi.org/10.1111/geb.13776","36.08","109.13",,"9.51","559.34","cold/snow","Temperate Broadleaf & Mixed Forests",,,,,,,,,,,,,"1117.094","32.125",,,"11087.1","9641.5","1445.6",,,"650.46","172.753",,,"1.795","8.2",,"11.7",,,
"3570","189","Wang et al. 2021, data retrieved from Han et al. 2023. https://doi.org/10.1111/geb.13776","36.08","109.13",,"9.51","559.34","cold/snow","Temperate Broadleaf & Mixed Forests",,,,,,,,,,,,,"1114.91","32.559",,,"11081.4","9616.2","1465.2",,,"630.066","190.299",,,"1.833","8.2",,"11.7",,,
"3571","189","Wang et al. 2021, data retrieved from Han et al. 2023. https://doi.org/10.1111/geb.13776","36.08","109.13",,"9.51","559.34","cold/snow","Temperate Broadleaf & Mixed Forests",,,,,,,,,,,,,"1116.002","32.342",,,"11084.2","9628.8","1455.4",,,"657.549","180.169",,,"1.814","8.2",,"11.7",,,
"3572","189","Wang et al. 2021, data retrieved from Han et al. 2023. https://doi.org/10.1111/geb.13776","36.08","109.13",,"9.51","559.34","cold/snow","Temperate Broadleaf & Mixed Forests",,,,,,,,,,,,,"1858.27","48.871",,,"18296.3","16097.1","2199.2",,,"1100.054","273.041",,,"2.775","8.2",,"11.7",,,
"3573","189","Wang et al. 2021, data retrieved from Han et al. 2023. https://doi.org/10.1111/geb.13776","36.08","109.13",,"9.51","559.34","cold/snow","Temperate Broadleaf & Mixed Forests",,,,,,,,,,,,,"1882.911","53.755",,,"18675.1","16256.1","2419",,,"1021.119","323.483",,,"2.769","8.2",,"11.7",,,
"3574","189","Wang et al. 2021, data retrieved from Han et al. 2023. https://doi.org/10.1111/geb.13776","36.08","109.13",,"9.51","559.34","cold/snow","Temperate Broadleaf & Mixed Forests",,,,,,,,,,,,,"1870.591","51.313",,,"18485.7","16176.6","2309.1",,,"1089.618","276.512",,,"2.772","8.2",,"11.7",,,
"3575","189","Wang et al. 2021, data retrieved from Han et al. 2023. https://doi.org/10.1111/geb.13776","36.08","109.13",,"9.51","559.34","cold/snow","Temperate Broadleaf & Mixed Forests",,,,,,,,,,,,,"500.855","12.687",,,"4915.7","4344.8","570.9",,,"257.841","84.452",,,"1.263","8.4",,"11.7",,,
"3576","189","Wang et al. 2021, data retrieved from Han et al. 2023. https://doi.org/10.1111/geb.13776","36.08","109.13",,"9.51","559.34","cold/snow","Temperate Broadleaf & Mixed Forests",,,,,,,,,,,,,"500.492","13.012",,,"4922.9","4337.4","585.5",,,"274.543","75.332",,,"1.255","8.4",,"11.7",,,
"3577","189","Wang et al. 2021, data retrieved from Han et al. 2023. https://doi.org/10.1111/geb.13776","36.08","109.13",,"9.51","559.34","cold/snow","Temperate Broadleaf & Mixed Forests",,,,,,,,,,,,,"500.674","12.85",,,"4919.3","4341.1","578.2",,,"313.891","64.263",,,"1.259","8.4",,"11.7",,,
"3578","189","Wang et al. 2021, data retrieved from Han et al. 2023. https://doi.org/10.1111/geb.13776","36.08","109.13",,"9.51","559.34","cold/snow","Temperate Broadleaf & Mixed Forests",,,,,,,,,,,,,"441.519","10.803",,,"4321.1","3835","486.1",,,"260.257","82.345",,,"1.068","8.4",,"11.7",,,
"3579","189","Wang et al. 2021, data retrieved from Han et al. 2023. https://doi.org/10.1111/geb.13776","36.08","109.13",,"9.51","559.34","cold/snow","Temperate Broadleaf & Mixed Forests",,,,,,,,,,,,,"450.859","8.839",,,"4342.1","3944.3","397.8",,,"210.224","73.839",,,"1.063","8.4",,"11.7",,,
"3580","189","Wang et al. 2021, data retrieved from Han et al. 2023. https://doi.org/10.1111/geb.13776","36.08","109.13",,"9.51","559.34","cold/snow","Temperate Broadleaf & Mixed Forests",,,,,,,,,,,,,"446.189","9.821",,,"4331.5","3889.6","441.9",,,"242.681","83.883",,,"1.065","8.4",,"11.7",,,
"3581","189","Wang et al. 2021, data retrieved from Han et al. 2023. https://doi.org/10.1111/geb.13776","36.08","109.13",,"9.51","559.34","cold/snow","Temperate Broadleaf & Mixed Forests",,,,,,,,,,,,,"474.584","6.422",,,"4477.8","4188.8","289",,,"326.329","107.216",,,"1.047","8.4",,"11.7",,,
"3582","189","Wang et al. 2021, data retrieved from Han et al. 2023. https://doi.org/10.1111/geb.13776","36.08","109.13",,"9.51","559.34","cold/snow","Temperate Broadleaf & Mixed Forests",,,,,,,,,,,,,"470.869","6.65",,,"4451.7","4152.5","299.2",,,"349.123","111.536",,,"1.038","8.4",,"11.7",,,
"3583","189","Wang et al. 2021, data retrieved from Han et al. 2023. https://doi.org/10.1111/geb.13776","36.08","109.13",,"9.51","559.34","cold/snow","Temperate Broadleaf & Mixed Forests",,,,,,,,,,,,,"472.726","6.536",,,"4464.7","4170.6","294.1",,,"303.512","96.107",,,"1.043","8.4",,"11.7",,,
"3584","213",,"23.17","112.51",,"21.99","1715.28","temperate","Tropical & Subtropical Moist Broadleaf Forests",,,"0","20",,"Ultisols","forest",,,"2017","bulk soil",,"1383.84","138.33",,,"16903.7","10678.8","6224.9",,,"456.057","63.879",,,"2.374","3.7",,,,,
"3585","213",,"23.17","112.51",,"21.99","1715.28","temperate","Tropical & Subtropical Moist Broadleaf Forests",,,"0","20",,"Ultisols","forest",,,"2017","bulk soil",,"979.798","73.333",,,"11176.8","7876.8","3300",,,"456.057","63.879",,,"1.727","3.8",,,,,
"3586","213",,"23.17","112.51",,"21.99","1715.28","temperate","Tropical & Subtropical Moist Broadleaf Forests",,,"0","20",,"Ultisols","forest",,,"2017","bulk soil",,"939.394","86.667",,,"11242","7342","3900",,,"456.057","63.879",,,"1.986","3.77",,,,,
"3587","213",,"23.17","112.51",,"21.99","1715.28","temperate","Tropical & Subtropical Moist Broadleaf Forests",,,"0","20",,"Ultisols","forest",,,"2017","bulk soil",,"1060.61","103.333",,,"12869","8219","4650",,,"456.057","63.879",,,"2.201","3.81",,,,,
"3588","213",,"23.17","112.51",,"21.99","1715.28","temperate","Tropical & Subtropical Moist Broadleaf Forests",,,"0","20",,"Ultisols","forest",,,"2017","bulk soil",,"1141.41","93.333",,,"13274.6","9074.6","4200",,,"456.057","63.879",,,"2.201","3.84",,,,,
"3589","213",,"23.17","112.51",,"21.99","1715.28","temperate","Tropical & Subtropical Moist Broadleaf Forests",,,"0","20",,"Ultisols","forest",,,"2017","bulk soil",,"1121.21","91.667",,,"13039.2","8914.2","4125",,,"456.057","63.879",,,"2.201","3.9",,,,,
"3590","213",,"23.17","112.51",,"21.99","1715.28","temperate","Tropical & Subtropical Moist Broadleaf Forests",,,"0","20",,"Ultisols","forest",,,"2017","bulk soil",,"1404.04","110",,,"16174.3","11224.3","4950",,,"456.057","63.879",,,"2.288","3.77",,,,,
"3591","213",,"23.17","112.51",,"21.99","1715.28","temperate","Tropical & Subtropical Moist Broadleaf Forests",,,"0","20",,"Ultisols","forest",,,"2017","bulk soil",,"1141.41","95",,,"13328.2","9053.2","4275",,,"456.057","63.879",,,"2.201","3.9",,,,,
"3592","213",,"23.17","112.51",,"21.99","1715.28","temperate","Tropical & Subtropical Moist Broadleaf Forests",,,"0","20",,"Ultisols","forest",,,"2017","bulk soil",,"797.98","73.333",,,"9540.4","6240.4","3300",,,"456.057","63.879",,,"2.46","4.05",,,,,
"3593","213",,"23.17","112.51",,"21.99","1715.28","temperate","Tropical & Subtropical Moist Broadleaf Forests",,,"0","20",,"Ultisols","forest",,,"2017","bulk soil",,"1404.04","138.333",,,"17085.6","10860.6","6225",,,"456.057","63.879",,,"3.237","4.03",,,,,
"3594","213",,"23.17","112.51",,"21.99","1715.28","temperate","Tropical & Subtropical Moist Broadleaf Forests",,,"0","20",,"Ultisols","forest",,,"2017","bulk soil",,"1404.04","123.333",,,"16603.1","11053.1","5550",,,"456.057","63.879",,,"2.978","4",,,,,
"3595","213",,"23.17","112.51",,"21.99","1715.28","temperate","Tropical & Subtropical Moist Broadleaf Forests",,,"0","20",,"Ultisols","forest",,,"2017","bulk soil",,"1020.2","78.333",,,"11701.2","8176.2","3525",,,"456.057","63.879",,,"2.201","3.95",,,,,
"3596","213",,"23.17","112.51",,"21.99","1715.28","temperate","Tropical & Subtropical Moist Broadleaf Forests",,,"0","20",,"Ultisols","forest",,,"2017","bulk soil",,"818.182","81.667",,,"9990.3","6315.3","3675",,,"456.057","63.879",,,"1.727","3.96",,,,,
"3597","213",,"23.17","112.51",,"21.99","1715.28","temperate","Tropical & Subtropical Moist Broadleaf Forests",,,"0","20",,"Ultisols","forest",,,"2017","bulk soil",,"1060.61","85",,,"12279.3","8454.3","3825",,,"456.057","63.879",,,"1.468","3.95",,,,,
"3598","213",,"23.17","112.51",,"21.99","1715.28","temperate","Tropical & Subtropical Moist Broadleaf Forests",,,"0","20",,"Ultisols","forest",,,"2017","bulk soil",,"1000","73.333",,,"11358.6","8058.6","3300",,,"456.057","63.879",,,"1.64","3.82",,,,,
"3599","213",,"23.17","112.51",,"21.99","1715.28","temperate","Tropical & Subtropical Moist Broadleaf Forests",,,"0","20",,"Ultisols","forest",,,"2017","bulk soil",,"575.758","60",,,"7111.6","4411.6","2700",,,"456.057","63.879",,,"1.424","3.78",,,,,
"3600","213",,"23.17","112.51",,"21.99","1715.28","temperate","Tropical & Subtropical Moist Broadleaf Forests",,,"0","20",,"Ultisols","forest",,,"2017","bulk soil",,"1363.64","101.667",,,"15542.7","10967.7","4575",,,"456.057","63.879",,,"3.885","3.44",,,,,
"3601","213",,"23.17","112.51",,"21.99","1715.28","temperate","Tropical & Subtropical Moist Broadleaf Forests",,,"0","20",,"Ultisols","forest",,,"2017","bulk soil",,"919.192","85",,,"11006.6","7181.6","3825",,,"456.057","63.879",,,"2.374","3.63",,,,,
"3602","213",,"23.17","112.51",,"21.99","1715.28","temperate","Tropical & Subtropical Moist Broadleaf Forests",,,"0","20",,"Ultisols","forest",,,"2017","bulk soil",,"1545.45","118.333",,,"17715","12390","5325",,,"456.057","63.879",,,"2.158","3.64",,,,,
"3603","213",,"23.17","112.51",,"21.99","1715.28","temperate","Tropical & Subtropical Moist Broadleaf Forests",,,"0","20",,"Ultisols","forest",,,"2017","bulk soil",,"2111.11","160",,,"24146.1","16946.1","7200",,,"456.057","63.879",,,"2.245","3.68",,,,,
"3604","213",,"23.17","112.51",,"21.99","1715.28","temperate","Tropical & Subtropical Moist Broadleaf Forests",,,"0","20",,"Ultisols","forest",,,"2017","bulk soil",,"1545.45","101.667",,,"17178.9","12603.9","4575",,,"456.057","63.879",,,"1.381","3.64",,,,,
"3605","213",,"23.17","112.51",,"21.99","1715.28","temperate","Tropical & Subtropical Moist Broadleaf Forests",,,"0","20",,"Ultisols","forest",,,"2017","bulk soil",,"1747.47","151.667",,,"20605.3","13780.3","6825",,,"456.057","63.879",,,"1.899","3.75",,,,,
"3606","213",,"23.17","112.51",,"21.99","1715.28","temperate","Tropical & Subtropical Moist Broadleaf Forests",,,"0","20",,"Ultisols","forest",,,"2017","bulk soil",,"1707.07","125",,,"19384","13759","5625",,,"456.057","63.879",,,"2.417","3.63",,,,,
"3607","213",,"23.17","112.51",,"21.99","1715.28","temperate","Tropical & Subtropical Moist Broadleaf Forests",,,"0","20",,"Ultisols","forest",,,"2017","bulk soil",,"1747.47","121.667",,,"19640.4","14165.4","5475",,,"456.057","63.879",,,"2.331","3.66",,,,,
"3608","213",,"23.17","112.51",,"21.99","1715.28","temperate","Tropical & Subtropical Moist Broadleaf Forests",,,"0","20",,"Ultisols","forest",,,"2017","bulk soil",,"1707.07","110",,,"18901.6","13951.6","4950",,,"456.057","63.879",,,"1.77","3.98",,,,,
"3609","213",,"23.17","112.51",,"21.99","1715.28","temperate","Tropical & Subtropical Moist Broadleaf Forests",,,"0","20",,"Ultisols","forest",,,"2017","bulk soil",,"2212.12","175",,,"25537.6","17662.6","7875",,,"456.057","63.879",,,"2.59","3.81",,,,,
"3610","213",,"23.17","112.51",,"21.99","1715.28","temperate","Tropical & Subtropical Moist Broadleaf Forests",,,"0","20",,"Ultisols","forest",,,"2017","bulk soil",,"2454.55","166.667",,,"27451.4","19951.4","7500",,,"456.057","63.879",,,"2.417","3.78",,,,,
"3611","213",,"23.17","112.51",,"21.99","1715.28","temperate","Tropical & Subtropical Moist Broadleaf Forests",,,"0","20",,"Ultisols","forest",,,"2017","bulk soil",,"1727.27","136.667",,,"19941","13791","6150",,,"456.057","63.879",,,"2.331","3.78",,,,,
"3612","213",,"23.17","112.51",,"21.99","1715.28","temperate","Tropical & Subtropical Moist Broadleaf Forests",,,"0","20",,"Ultisols","forest",,,"2017","bulk soil",,"2090.91","143.333",,,"23428.2","16978.2","6450",,,"456.057","63.879",,,"5.309","3.63",,,,,
"3613","213",,"23.17","112.51",,"21.99","1715.28","temperate","Tropical & Subtropical Moist Broadleaf Forests",,,"0","20",,"Ultisols","forest",,,"2017","bulk soil",,"1828.28","111.667",,,"20046","15021","5025",,,"456.057","63.879",,,"1.64","3.86",,,,,
"3614","213",,"23.17","112.51",,"21.99","1715.28","temperate","Tropical & Subtropical Moist Broadleaf Forests",,,"0","20",,"Ultisols","forest",,,"2017","bulk soil",,"2131.31","106.667",,,"22612.5","17812.5","4800",,,"456.057","63.879",,,"2.245","3.76",,,,,
"3615","213",,"23.17","112.51",,"21.99","1715.28","temperate","Tropical & Subtropical Moist Broadleaf Forests",,,"0","20",,"Ultisols","forest",,,"2017","bulk soil",,"2292.93","128.333",,,"24763.9","18988.9","5775",,,"456.057","63.879",,,"4.101","3.72",,,,,
"3616","189","Chen et al. 2021, data retrieved from Han et al. 2023. https://doi.org/10.1111/geb.13776","37.92","117.92",,"14.03","515.97","cold/snow","Temperate Broadleaf & Mixed Forests",,,,,,,,,,,,,"223.37","106.63",,,"5439.8","641.5","4798.3",,,"158.086","25.24",,,"1.08","8.1",,"10.91",,,
"3617","189","Chen et al. 2021, data retrieved from Han et al. 2023. https://doi.org/10.1111/geb.13776","37.92","117.92",,"14.03","515.97","cold/snow","Temperate Broadleaf & Mixed Forests",,,,,,,,,,,,,"337.57","98.5",,,"6206.2","1773.7","4432.5",,,"158.086","25.24",,,"1.28","8.16",,"11.87",,,
"3618","189","Chen et al. 2021, data retrieved from Han et al. 2023. https://doi.org/10.1111/geb.13776","37.92","117.92",,"14.03","515.97","cold/snow","Temperate Broadleaf & Mixed Forests",,,,,,,,,,,,,"314.17","62.53",,,"4838.6","2024.8","2813.8",,,"158.086","25.24",,,"1.27","7.82",,"12.98",,,
"3619","211","ecosystem = meadow","34.972","99.317",,"-6.31","402.35","polar","Montane Grasslands & Shrublands",,,"0","20",,,"grassland",,"Elymus nutans, Kobresia capillifolia","2022","bulk soil",,,,,,"30430","25030","5400",,,"612.21","204.16",,,"4.84","8.1",,,,,
"3620","211","ecosystem = meadow","34.972","99.317",,"-6.31","402.35","polar","Montane Grasslands & Shrublands",,,"0","20",,,"grassland",,"Elymus nutans, Kobresia capillifolia","2022","bulk soil",,,,,,"23580","18890","4690",,,"636","133.51",,,"5.21","8.3",,,,,
"3621","211","ecosystem = meadow","34.972","99.317",,"-6.31","402.35","polar","Montane Grasslands & Shrublands",,,"0","20",,,"grassland",,"Elymus nutans, Kobresia capillifolia","2022","bulk soil",,,,,,"10920","8520","2400",,,"586.14","169",,,"3.01","8.12",,,,,
"3622","211",,"33.621","97.193",,"-4.09","583.71","polar","Montane Grasslands & Shrublands",,,"0","20",,,"wetland","wet meadow","K. tibetica and Carex pamirensis","2022","bulk soil",,,,,,"93230","65630","27600",,,"828.24","112.88",,,"6.36","7.2",,,,,
"3623","211",,"33.621","97.193",,"-4.09","583.71","polar","Montane Grasslands & Shrublands",,,"0","20",,,"wetland","wet meadow","K. tibetica and Carex pamirensis","2022","bulk soil",,,,,,"28150","22830","5320",,,"711.61","99.93",,,"6.11","7.6",,,,,
"3624","211",,"33.621","97.193",,"-4.09","583.71","polar","Montane Grasslands & Shrublands",,,"0","20",,,"wetland","wet meadow","K. tibetica and Carex pamirensis","2022","bulk soil",,,,,,"21610","16490","5120",,,"643","94.28",,,"4.72","8.03",,,,,
"3625","211",,"34.921","98.517",,"-4.07","367.99","polar","Montane Grasslands & Shrublands",,,"0","20",,,"wetland","fen","C. pamirensis","2022","bulk soil",,,,,,"28740","22610","6130",,,"676.17","88.65",,,"8.78","7.4",,,,,
"3626","211",,"34.921","98.517",,"-4.07","367.99","polar","Montane Grasslands & Shrublands",,,"0","20",,,"wetland","fen","C. pamirensis","2022","bulk soil",,,,,,"83140","65770","17370",,,"967.3","133.85",,,"10.7","7.08",,,,,
"3627","211",,"34.921","98.517",,"-4.07","367.99","polar","Montane Grasslands & Shrublands",,,"0","20",,,"wetland","fen","C. pamirensis","2022","bulk soil",,,,,,"56740","37130","19610",,,"1096.25","139.1",,,"10.2","7.29",,,,,
"3628","211","ecosystem = meadow","33.719","97.169",,"-4.09","583.71","polar","Montane Grasslands & Shrublands",,,"0","20",,,"grassland",,"Elymus nutans, Kobresia capillifolia","2022","bulk soil",,,,,,"11840","8850","2990",,,"379.37","70.74",,,"4.34","7.21",,,,,
"3629","211","ecosystem = meadow","33.719","97.169",,"-4.09","583.71","polar","Montane Grasslands & Shrublands",,,"0","20",,,"grassland",,"Elymus nutans, Kobresia capillifolia","2022","bulk soil",,,,,,"9260","7140","2120",,,"363.43","63.54",,,"4.03","7.79",,,,,
"3630","211","ecosystem = meadow","33.719","97.169",,"-4.09","583.71","polar","Montane Grasslands & Shrublands",,,"0","20",,,"grassland",,"Elymus nutans, Kobresia capillifolia","2022","bulk soil",,,,,,"15910","12430","3480",,,"123.2","23.16",,,"2.99","8.3",,,,,
"3631","211",,"33.968","97.346",,"-4.09","583.71","polar","Montane Grasslands & Shrublands",,,"0","20",,,"wetland","wet meadow","K. tibetica and Carex pamirensis","2022","bulk soil",,,,,,"17410","12630","4780",,,"571.59","96.92",,,"4.06","8.07",,,,,
"3632","211",,"33.968","97.346",,"-4.09","583.71","polar","Montane Grasslands & Shrublands",,,"0","20",,,"wetland","wet meadow","K. tibetica and Carex pamirensis","2022","bulk soil",,,,,,"15660","11600","4060",,,"349.19","48.96",,,"3.32","8.22",,,,,
"3633","211",,"33.968","97.346",,"-4.09","583.71","polar","Montane Grasslands & Shrublands",,,"0","20",,,"wetland","wet meadow","K. tibetica and Carex pamirensis","2022","bulk soil",,,,,,"9100","6990","2110",,,"400.41","64.66",,,"2.43","8.33",,,,,
"3634","211",,"34.884","98.229",,"-3.15","330.45","polar","Montane Grasslands & Shrublands",,,"0","20",,,"wetland","fen","C. pamirensis","2022","bulk soil",,,,,,"50370","31710","18660",,,"1666.3","173.37",,,"15.2","5.89",,,,,
"3635","211",,"34.884","98.229",,"-3.15","330.45","polar","Montane Grasslands & Shrublands",,,"0","20",,,"wetland","fen","C. pamirensis","2022","bulk soil",,,,,,"62480","46580","15900",,,"1368.08","214.08",,,"14.8","5.72",,,,,
"3636","211",,"34.884","98.229",,"-3.15","330.45","polar","Montane Grasslands & Shrublands",,,"0","20",,,"wetland","fen","C. pamirensis","2022","bulk soil",,,,,,"59530","39630","19900",,,"1466.51","196.38",,,"14.7","5.91",,,,,
"3637","211","ecosystem = meadow","32.956","96.082",,"2.47","518.54","polar","Montane Grasslands & Shrublands",,,"0","20",,,"grassland",,"Elymus nutans, Kobresia capillifolia","2022","bulk soil",,,,,,"17000","13520","3480",,,"493.59","91.94",,,"3.94","8.23",,,,,
"3638","211","ecosystem = meadow","32.956","96.082",,"2.47","518.54","polar","Montane Grasslands & Shrublands",,,"0","20",,,"grassland",,"Elymus nutans, Kobresia capillifolia","2022","bulk soil",,,,,,"22380","18270","4110",,,"509.86","113.82",,,"4.49","8.2",,,,,
"3639","211","ecosystem = meadow","32.956","96.082",,"2.47","518.54","polar","Montane Grasslands & Shrublands",,,"0","20",,,"grassland",,"Elymus nutans, Kobresia capillifolia","2022","bulk soil",,,,,,"23650","18200","5450",,,"764.66","125.21",,,"4.31","7.96",,,,,
"3640","211",,"34.64","98.032",,"-3.15","330.45","polar","Montane Grasslands & Shrublands",,,"0","20",,,"wetland","wet meadow","K. tibetica and Carex pamirensis","2022","bulk soil",,,,,,"74660","56530","18130",,,"472.23","67.91",,,"1.35","8.51",,,,,
"3641","211",,"34.64","98.032",,"-3.15","330.45","polar","Montane Grasslands & Shrublands",,,"0","20",,,"wetland","wet meadow","K. tibetica and Carex pamirensis","2022","bulk soil",,,,,,"2990","1950","1040",,,"155.53","17.12",,,"1.68","8.37",,,,,
"3642","211",,"34.64","98.032",,"-3.15","330.45","polar","Montane Grasslands & Shrublands",,,"0","20",,,"wetland","wet meadow","K. tibetica and Carex pamirensis","2022","bulk soil",,,,,,"5410","3670","1740",,,"118.29","8.52",,,"2.11","8.46",,,,,
"3643","211",,"32.896","96.64",,"2.16","505.41","polar","Montane Grasslands & Shrublands",,,"0","20",,,"wetland","fen","C. pamirensis","2022","bulk soil",,,,,,"51400","41780","9620",,,"701.02","90.1",,,"9.88","6.76",,,,,
"3644","211",,"32.896","96.64",,"2.16","505.41","polar","Montane Grasslands & Shrublands",,,"0","20",,,"wetland","fen","C. pamirensis","2022","bulk soil",,,,,,"50930","39330","11600",,,"890.41","89.23",,,"10","6.55",,,,,
"3645","211",,"32.896","96.64",,"2.16","505.41","polar","Montane Grasslands & Shrublands",,,"0","20",,,"wetland","fen","C. pamirensis","2022","bulk soil",,,,,,"52440","39200","13240",,,"456.76","35.41",,,"10.8","6.42",,,,,
"3646","211","ecosystem = meadow","34.972","99.317",,"-6.31","402.35","polar","Montane Grasslands & Shrublands",,,"20","40",,,"grassland",,"Elymus nutans, Kobresia capillifolia","2022","bulk soil",,,,,,"8180","6250","1930",,,"317.12","66.55",,,"3.03","8.63",,,,,
"3647","211","ecosystem = meadow","34.972","99.317",,"-6.31","402.35","polar","Montane Grasslands & Shrublands",,,"20","40",,,"grassland",,"Elymus nutans, Kobresia capillifolia","2022","bulk soil",,,,,,"4110","2890","1220",,,"234.18","39.27",,,"2.04","8.75",,,,,
"3648","211","ecosystem = meadow","34.972","99.317",,"-6.31","402.35","polar","Montane Grasslands & Shrublands",,,"20","40",,,"grassland",,"Elymus nutans, Kobresia capillifolia","2022","bulk soil",,,,,,"17940","15220","2720",,,"339.03","54.76",,,"2.07","8.53",,,,,
"3649","211",,"33.621","97.193",,"-4.09","583.71","polar","Montane Grasslands & Shrublands",,,"20","40",,,"wetland","wet meadow","K. tibetica and Carex pamirensis","2022","bulk soil",,,,,,"16060","10910","5150",,,"339.23","40.24",,,"4.2","7.26",,,,,
"3650","211",,"33.621","97.193",,"-4.09","583.71","polar","Montane Grasslands & Shrublands",,,"20","40",,,"wetland","wet meadow","K. tibetica and Carex pamirensis","2022","bulk soil",,,,,,"17640","13220","4420",,,"349.79","43.51",,,"4.31","7.53",,,,,
"3651","211",,"33.621","97.193",,"-4.09","583.71","polar","Montane Grasslands & Shrublands",,,"20","40",,,"wetland","wet meadow","K. tibetica and Carex pamirensis","2022","bulk soil",,,,,,"14690","10980","3710",,,"296.55","25.6",,,"3.24","7.89",,,,,
"3652","211",,"34.921","98.517",,"-4.07","367.99","polar","Montane Grasslands & Shrublands",,,"20","40",,,"wetland","fen","C. pamirensis","2022","bulk soil",,,,,,"16680","13080","3600",,,"482.34","25.08",,,"7.12","6.6",,,,,
"3653","211",,"34.921","98.517",,"-4.07","367.99","polar","Montane Grasslands & Shrublands",,,"20","40",,,"wetland","fen","C. pamirensis","2022","bulk soil",,,,,,"42330","31590","10740",,,"576.2","21.16",,,"7.89","6.97",,,,,
"3654","211",,"34.921","98.517",,"-4.07","367.99","polar","Montane Grasslands & Shrublands",,,"20","40",,,"wetland","fen","C. pamirensis","2022","bulk soil",,,,,,"24890","13430","11460",,,"629.13","34.23",,,"9.02","6.28",,,,,
"3655","211","ecosystem = meadow","33.719","97.169",,"-4.09","583.71","polar","Montane Grasslands & Shrublands",,,"20","40",,,"grassland",,"Elymus nutans, Kobresia capillifolia","2022","bulk soil",,,,,,"3680","2860","820",,,"26.06","7.91",,,"1.64","8.29",,,,,
"3656","211","ecosystem = meadow","33.719","97.169",,"-4.09","583.71","polar","Montane Grasslands & Shrublands",,,"20","40",,,"grassland",,"Elymus nutans, Kobresia capillifolia","2022","bulk soil",,,,,,"4220","3150","1070",,,"76.37","15.01",,,"1.97","8.31",,,,,
"3657","211","ecosystem = meadow","33.719","97.169",,"-4.09","583.71","polar","Montane Grasslands & Shrublands",,,"20","40",,,"grassland",,"Elymus nutans, Kobresia capillifolia","2022","bulk soil",,,,,,"4830","4050","780",,,"54.97","9.13",,,"1.7","8.39",,,,,
"3658","211",,"33.968","97.346",,"-4.09","583.71","polar","Montane Grasslands & Shrublands",,,"20","40",,,"wetland","wet meadow","K. tibetica and Carex pamirensis","2022","bulk soil",,,,,,"18160","14210","3950",,,"194.72","26.22",,,"2.57","8.38",,,,,
"3659","211",,"33.968","97.346",,"-4.09","583.71","polar","Montane Grasslands & Shrublands",,,"20","40",,,"wetland","wet meadow","K. tibetica and Carex pamirensis","2022","bulk soil",,,,,,"6040","4660","1380",,,"96.11","9.48",,,"1.85","8.3",,,,,
"3660","211",,"33.968","97.346",,"-4.09","583.71","polar","Montane Grasslands & Shrublands",,,"20","40",,,"wetland","wet meadow","K. tibetica and Carex pamirensis","2022","bulk soil",,,,,,"10490","8520","1970",,,"240.61","14.55",,,"3.22","8.19",,,,,
"3661","211",,"34.884","98.229",,"-3.15","330.45","polar","Montane Grasslands & Shrublands",,,"20","40",,,"wetland","fen","C. pamirensis","2022","bulk soil",,,,,,"25670","19360","6310",,,"291.54","28.82",,,"9.53","5.33",,,,,
"3662","211",,"34.884","98.229",,"-3.15","330.45","polar","Montane Grasslands & Shrublands",,,"20","40",,,"wetland","fen","C. pamirensis","2022","bulk soil",,,,,,"33530","22160","11370",,,"557.98","80.07",,,"11.3","5.54",,,,,
"3663","211",,"34.884","98.229",,"-3.15","330.45","polar","Montane Grasslands & Shrublands",,,"20","40",,,"wetland","fen","C. pamirensis","2022","bulk soil",,,,,,"24940","15610","9330",,,"350.87","21.48",,,"9.1","5.05",,,,,
"3664","211","ecosystem = meadow","32.956","96.082",,"2.47","518.54","polar","Montane Grasslands & Shrublands",,,"20","40",,,"grassland",,"Elymus nutans, Kobresia capillifolia","2022","bulk soil",,,,,,"750","640","110",,,"57.15","2.61",,,"0.36","8.55",,,,,
"3665","211","ecosystem = meadow","32.956","96.082",,"2.47","518.54","polar","Montane Grasslands & Shrublands",,,"20","40",,,"grassland",,"Elymus nutans, Kobresia capillifolia","2022","bulk soil",,,,,,"3530","2250","1280",,,"166.95","23.82",,,"2.06","8.59",,,,,
"3666","211","ecosystem = meadow","32.956","96.082",,"2.47","518.54","polar","Montane Grasslands & Shrublands",,,"20","40",,,"grassland",,"Elymus nutans, Kobresia capillifolia","2022","bulk soil",,,,,,"5040","4960","80",,,"150.7","16.99",,,"1.78","8.14",,,,,
"3667","211",,"34.64","98.032",,"-3.15","330.45","polar","Montane Grasslands & Shrublands",,,"20","40",,,"wetland","wet meadow","K. tibetica and Carex pamirensis","2022","bulk soil",,,,,,"5040","3990","1050",,,"214.33","21.26",,,"0.69","8.6",,,,,
"3668","211",,"34.64","98.032",,"-3.15","330.45","polar","Montane Grasslands & Shrublands",,,"20","40",,,"wetland","wet meadow","K. tibetica and Carex pamirensis","2022","bulk soil",,,,,,"4510","3070","1440",,,"69.23","2.96",,,"1.6","8.4",,,,,
"3669","211",,"34.64","98.032",,"-3.15","330.45","polar","Montane Grasslands & Shrublands",,,"20","40",,,"wetland","wet meadow","K. tibetica and Carex pamirensis","2022","bulk soil",,,,,,"5630","4700","930",,,"128.42","7.51",,,"1.83","8.46",,,,,
"3670","211",,"32.896","96.64",,"2.16","505.41","polar","Montane Grasslands & Shrublands",,,"20","40",,,"wetland","fen","C. pamirensis","2022","bulk soil",,,,,,"36010","22750","13260",,,"218.68","6.83",,,"9.34","6.27",,,,,
"3671","211",,"32.896","96.64",,"2.16","505.41","polar","Montane Grasslands & Shrublands",,,"20","40",,,"wetland","fen","C. pamirensis","2022","bulk soil",,,,,,"24040","20030","4010",,,"386.53","31.75",,,"8.47","6.82",,,,,
"3672","211",,"32.896","96.64",,"2.16","505.41","polar","Montane Grasslands & Shrublands",,,"20","40",,,"wetland","fen","C. pamirensis","2022","bulk soil",,,,,,"35080","25360","9720",,,"344.32","23.91",,,"8.26","6.58",,,,,
"3673","221",,"35.492","106.658",,"10.66","580.27","cold/snow","Montane Grasslands & Shrublands",,,"0","20",,,"cropland",,,"2024","bulk soil",,"75","4.2","8","50","810.1","621.1","189",,,,,,,,,,,,,
"3674","221",,"35.492","106.658",,"10.66","580.27","cold/snow","Montane Grasslands & Shrublands",,,"0","20",,,"forest",,,"2024","bulk soil",,"185","7.5","75","95","1906.2","1568.7","337.5",,,,,,,,,,,,,
"3675","221",,"35.492","106.658",,"10.66","580.27","cold/snow","Montane Grasslands & Shrublands",,,"0","20",,,"grassland",,,"2024","bulk soil",,"130","6.8","45","85","1388.7","1082.7","306",,,,,,,,,,,,,
"3676","221",,"35.492","106.658",,"10.66","580.27","cold/snow","Montane Grasslands & Shrublands",,,"0","20",,,"shrubland",,,"2024","bulk soil",,"365","6.5","110","90","3494.1","3201.6","292.5",,,,,,,,,,,,,
"3677","221","ecosystem = dammed land","35.492","106.658",,"10.66","580.27","cold/snow","Montane Grasslands & Shrublands",,,"0","20",,,"other",,,"2024","bulk soil",,"85","8.5","35","80","1038.4","655.9","382.5",,,,,,,,,,,,,
"3678","227",,"30.25","70.5",,"22.99","241.28","arid","Deserts & Xeric Shrublands","tillage; amendment","conventional tillage, no mulch","0","10",,,"cropland",,,"2024","bulk soil",,,,,,"63000","35000","28000",,,"250","20","9",,"0.7",,,,,,
"3679","227",,"30.25","70.5",,"22.99","241.28","arid","Deserts & Xeric Shrublands","tillage; amendment","reduced tillage, organic mulch","0","10",,,"cropland",,,"2024","bulk soil",,,,,,"75000","42000","33000",,,"320","25","12",,"1",,,,,,
"3680","227",,"30.25","70.5",,"22.99","241.28","arid","Deserts & Xeric Shrublands","tillage; amendment","strip tillage, plastic mulch","0","10",,,"cropland",,,"2024","bulk soil",,,,,,"93000","55000","38000",,,"380","30","14",,"1.3",,,,,,
"3681","227",,"30.25","70.5",,"22.99","241.28","arid","Deserts & Xeric Shrublands","tillage; amendment","no tillage, cover crop mulch","0","10",,,"cropland",,,"2024","bulk soil",,,,,,"120000","70000","50000",,,"280","22","10",,"0.9",,,,,,
"3682","227",,"30.25","70.5",,"22.99","241.28","arid","Deserts & Xeric Shrublands","tillage; amendment","no tillage, biochar mulch","0","10",,,"cropland",,,"2024","bulk soil",,,,,,"138000","80000","58000",,,"420","35","17",,"1.4",,,,,,
"3683","226",,"36.983","115.4",,"14.45","470.15","arid","Temperate Broadleaf & Mixed Forests","amendment","CF: chemical fertilizer only","0","10",,,"cropland",,,"2021","bulk soil",,,,,,"500","100","400",,,,,,,,,,,,,
"3684","226",,"36.983","115.4",,"14.45","470.15","arid","Temperate Broadleaf & Mixed Forests","amendment","Bio20: 20% bio-organic fertilizer","0","10",,,"cropland",,,"2021","bulk soil",,,,,,"470","150","320",,,,,,,,,,,,,
"3685","226",,"36.983","115.4",,"14.45","470.15","arid","Temperate Broadleaf & Mixed Forests","amendment","Bio50: 50% bio-organic fertilizer","0","10",,,"cropland",,,"2021","bulk soil",,,,,,"600","220","380",,,,,,,,,,,,,
"3686","226",,"36.983","115.4",,"14.45","470.15","arid","Temperate Broadleaf & Mixed Forests","amendment","Bio100: 100% bio-organic fertilizer","0","10",,,"cropland",,,"2021","bulk soil",,,,,,"820","420","400",,,,,,,,,,,,,
"3687","188",,"37.016","80.729",,"13.01","52.55","arid","Deserts & Xeric Shrublands",,,"0","30",,"Arenosols","desert",,"Alhagi sparsifolia",,"bulk soil",,"26.93","4.55","15.38",,"388.8","184","204.8",,,,,,,"0.16",,,,,,"1353"
"3688","188",,"37.016","80.729",,"13.01","52.55","arid","Deserts & Xeric Shrublands",,,"30","60",,"Arenosols","desert",,"Alhagi sparsifolia",,"bulk soil",,"23.58","3.54","10.42",,"326.1","166.8","159.3",,,,,,,"0.17",,,,,,"1353"
"3689","188",,"37.016","80.729",,"13.01","52.55","arid","Deserts & Xeric Shrublands",,,"60","100",,"Arenosols","desert",,"Alhagi sparsifolia",,"bulk soil",,"22.27","2.55","7.85",,"282.4","167.7","114.7",,,,,,,"0.16",,,,,,"1353"
"3690","188",,"37.016","80.729",,"13.01","52.55","arid","Deserts & Xeric Shrublands",,,"100","200",,"Arenosols","desert",,"Alhagi sparsifolia",,"bulk soil",,"21.52","1.85","7.22",,"253.1","169.9","83.2",,,,,,,"0.13",,,,,,"1353"
"3691","188",,"37.016","80.729",,"13.01","52.55","arid","Deserts & Xeric Shrublands",,,"0","30",,"Arenosols","desert",,"Alhagi sparsifolia",,"bulk soil",,"25.34","3.83","16.41",,"351.2","178.9","172.3",,,,,,,"0.14",,,,,,"1353"
"3692","188",,"37.016","80.729",,"13.01","52.55","arid","Deserts & Xeric Shrublands",,,"30","60",,"Arenosols","desert",,"Alhagi sparsifolia",,"bulk soil",,"23.77","3.1","9.57",,"313.6","174.1","139.5",,,,,,,"0.16",,,,,,"1353"
"3693","188",,"37.016","80.729",,"13.01","52.55","arid","Deserts & Xeric Shrublands",,,"60","100",,"Arenosols","desert",,"Alhagi sparsifolia",,"bulk soil",,"22.12","2.5","8.19",,"279.5","167","112.5",,,,,,,"0.16",,,,,,"1353"
"3694","188",,"37.016","80.729",,"13.01","52.55","arid","Deserts & Xeric Shrublands",,,"100","200",,"Arenosols","desert",,"Alhagi sparsifolia",,"bulk soil",,"21.37","1.99","5.75",,"256.4","166.8","89.6",,,,,,,"0.15",,,,,,"1353"
"3695","188",,"37.016","80.729",,"13.01","52.55","arid","Deserts & Xeric Shrublands",,,"0","30",,"Arenosols","desert",,"Alhagi sparsifolia",,"bulk soil",,"27.11","4.62","16.05",,"392.6","184.7","207.9",,,,,,,"0.13",,,,,,"1353"
"3696","188",,"37.016","80.729",,"13.01","52.55","arid","Deserts & Xeric Shrublands",,,"30","60",,"Arenosols","desert",,"Alhagi sparsifolia",,"bulk soil",,"24.86","2.69","10.9",,"310.2","189.2","121",,,,,,,"0.18",,,,,,"1353"
"3697","188",,"37.016","80.729",,"13.01","52.55","arid","Deserts & Xeric Shrublands",,,"60","100",,"Arenosols","desert",,"Alhagi sparsifolia",,"bulk soil",,"21.77","2.53","6.52",,"277.3","163.5","113.8",,,,,,,"0.16",,,,,,"1353"
"3698","188",,"37.016","80.729",,"13.01","52.55","arid","Deserts & Xeric Shrublands",,,"100","200",,"Arenosols","desert",,"Alhagi sparsifolia",,"bulk soil",,"18.8","2.07","6.11",,"235.7","142.6","93.1",,,,,,,"0.13",,,,,,"1353"
"3699","188",,"37.016","80.729",,"13.01","52.55","arid","Deserts & Xeric Shrublands",,,"0","30",,"Arenosols","desert",,"Alhagi sparsifolia",,"bulk soil",,"29.44","4.48","17.48",,"409","207.4","201.6",,,,,,,"0.14",,,,,,"1353"
"3700","188",,"37.016","80.729",,"13.01","52.55","arid","Deserts & Xeric Shrublands",,,"30","60",,"Arenosols","desert",,"Alhagi sparsifolia",,"bulk soil",,"24.73","3.05","9.81",,"320.6","183.4","137.2",,,,,,,"0.17",,,,,,"1353"
"3701","188",,"37.016","80.729",,"13.01","52.55","arid","Deserts & Xeric Shrublands",,,"60","100",,"Arenosols","desert",,"Alhagi sparsifolia",,"bulk soil",,"24.36","2.78","7.94",,"308.7","183.6","125.1",,,,,,,"0.16",,,,,,"1353"
"3702","188",,"37.016","80.729",,"13.01","52.55","arid","Deserts & Xeric Shrublands",,,"100","200",,"Arenosols","desert",,"Alhagi sparsifolia",,"bulk soil",,"21.49","2.31","7.61",,"267.8","163.8","104",,,,,,,"0.15",,,,,,"1353"
"3703","188",,"37.016","80.729",,"13.01","52.55","arid","Deserts & Xeric Shrublands",,,"0","30",,"Arenosols","desert",,"Alhagi sparsifolia",,"bulk soil",,"30.22","3.86","17.41",,"396.1","222.4","173.7",,,,,,,"0.14",,,,,,"1353"
"3704","188",,"37.016","80.729",,"13.01","52.55","arid","Deserts & Xeric Shrublands",,,"30","60",,"Arenosols","desert",,"Alhagi sparsifolia",,"bulk soil",,"25.59","2.52","10.12",,"311.4","198","113.4",,,,,,,"0.13",,,,,,"1353"
"3705","188",,"37.016","80.729",,"13.01","52.55","arid","Deserts & Xeric Shrublands",,,"60","100",,"Arenosols","desert",,"Alhagi sparsifolia",,"bulk soil",,"24.9","2.61","10.87",,"308","190.6","117.4",,,,,,,"0.16",,,,,,"1353"
"3706","188",,"37.016","80.729",,"13.01","52.55","arid","Deserts & Xeric Shrublands",,,"100","200",,"Arenosols","desert",,"Alhagi sparsifolia",,"bulk soil",,"23.88","2.38","7.78",,"291.5","184.4","107.1",,,,,,,"0.15",,,,,,"1353"
"3707","220",,"39.537","112.255",,"5.01","418.89","cold/snow","Temperate Grasslands, Savannas & Shrublands","stand age","8-year",,"20",,,,,"Ulmus pumila, Robinia pseudoacacia, Pinus tabuliformis","2023","aggregate",">2mm","80","6","40",,"913","643","270",,,"54.9","11.74",,,"1.05",,,,,,
"3708","220",,"39.537","112.255",,"5.01","418.89","cold/snow","Temperate Grasslands, Savannas & Shrublands","stand age","8-year",,"20",,,,,"Ulmus pumila, Robinia pseudoacacia, Pinus tabuliformis","2023","aggregate","0.250-2mm","50","3","30",,"546.5","411.5","135",,,"36.64","7.51",,,"0.91",,,,,,
"3709","220",,"39.537","112.255",,"5.01","418.89","cold/snow","Temperate Grasslands, Savannas & Shrublands","stand age","8-year",,"20",,,,,"Ulmus pumila, Robinia pseudoacacia, Pinus tabuliformis","2023","aggregate","<0.250mm","30","3","20",,"366.5","231.5","135",,,"32.12","6.47",,,"0.82",,,,,,
"3710","220",,"39.537","112.255",,"5.01","418.89","cold/snow","Temperate Grasslands, Savannas & Shrublands","stand age","10-year",,"20",,,,,"Ulmus pumila, Robinia pseudoacacia, Pinus tabuliformis","2023","aggregate",">2mm","110","6","50",,"1183","913","270",,,"54.75","11.76",,,"1.12",,,,,,
"3711","220",,"39.537","112.255",,"5.01","418.89","cold/snow","Temperate Grasslands, Savannas & Shrublands","stand age","10-year",,"20",,,,,"Ulmus pumila, Robinia pseudoacacia, Pinus tabuliformis","2023","aggregate","0.250-2mm","50","3","30",,"546.5","411.5","135",,,"36.25","7.45",,,"0.9",,,,,,
"3712","220",,"39.537","112.255",,"5.01","418.89","cold/snow","Temperate Grasslands, Savannas & Shrublands","stand age","10-year",,"20",,,,,"Ulmus pumila, Robinia pseudoacacia, Pinus tabuliformis","2023","aggregate","<0.250mm","50","3","30",,"546.5","411.5","135",,,"32.89","7.41",,,"0.74",,,,,,
"3713","220",,"39.537","112.255",,"5.01","418.89","cold/snow","Temperate Grasslands, Savannas & Shrublands","stand age","20-year",,"20",,,,,"Ulmus pumila, Robinia pseudoacacia, Pinus tabuliformis","2023","aggregate",">2mm","100","6","50",,"1093","823","270",,,"62.68","14.41",,,"1.18",,,,,,
"3714","220",,"39.537","112.255",,"5.01","418.89","cold/snow","Temperate Grasslands, Savannas & Shrublands","stand age","20-year",,"20",,,,,"Ulmus pumila, Robinia pseudoacacia, Pinus tabuliformis","2023","aggregate","0.250-2mm","80","3","30",,"816.5","681.5","135",,,"42.09","8.95",,,"0.98",,,,,,
"3715","220",,"39.537","112.255",,"5.01","418.89","cold/snow","Temperate Grasslands, Savannas & Shrublands","stand age","20-year",,"20",,,,,"Ulmus pumila, Robinia pseudoacacia, Pinus tabuliformis","2023","aggregate","<0.250mm","50","3","20",,"546.5","411.5","135",,,"34.21","7.84",,,"0.84",,,,,,
"3716","220",,"39.537","112.255",,"5.01","418.89","cold/snow","Temperate Grasslands, Savannas & Shrublands","stand age","33-year",,"20",,,,,"Ulmus pumila, Robinia pseudoacacia, Pinus tabuliformis","2023","aggregate",">2mm","130","8","60",,"1427.3","1067.3","360",,,"81.04","16.8",,,"1.51",,,,,,
"3717","220",,"39.537","112.255",,"5.01","418.89","cold/snow","Temperate Grasslands, Savannas & Shrublands","stand age","33-year",,"20",,,,,"Ulmus pumila, Robinia pseudoacacia, Pinus tabuliformis","2023","aggregate","0.250-2mm","70","5","40",,"790.8","565.8","225",,,"52.04","11.14",,,"1.09",,,,,,
"3718","220",,"39.537","112.255",,"5.01","418.89","cold/snow","Temperate Grasslands, Savannas & Shrublands","stand age","33-year",,"20",,,,,"Ulmus pumila, Robinia pseudoacacia, Pinus tabuliformis","2023","aggregate","<0.250mm","50","3","30",,"546.5","411.5","135",,,"46.76","9.92",,,"0.97",,,,,,
"3719","197",,"26.885","112.493",,"17.22","1451.56","temperate","Tropical & Subtropical Moist Broadleaf Forests","cropping","DR: double rice","0","20",,,"cropland",,,"2022","bulk soil",,,,,,"6000","4000","2000",,,,,"15.2262",,"1.98","6.41",,,,,
"3720","197",,"26.885","112.493",,"17.22","1451.56","temperate","Tropical & Subtropical Moist Broadleaf Forests","cropping","Rrnt: rice-rapeseed, no till","0","20",,,"cropland",,,"2022","bulk soil",,,,,,"7500","5000","2500",,,,,"15.9174",,"2.22","6.46",,,,,
"3721","197",,"26.885","112.493",,"17.22","1451.56","temperate","Tropical & Subtropical Moist Broadleaf Forests","cropping","Rrt: rice-rapeseed, till","0","20",,,"cropland",,,"2022","bulk soil",,,,,,"8000","5000","3000",,,,,"17.775",,"2.25","6.57",,,,,
"3722","197",,"26.885","112.493",,"17.22","1451.56","temperate","Tropical & Subtropical Moist Broadleaf Forests","cropping","DRr: double rice-rapeseed","0","20",,,"cropland",,,"2022","bulk soil",,,,,,"9500","6000","3500",,,,,"18.8385",,"2.85","6.45",,,,,
"3723","197",,"26.885","112.493",,"17.22","1451.56","temperate","Tropical & Subtropical Moist Broadleaf Forests","cropping","DRm: double rice-chinese milk vetch","0","20",,,"cropland",,,"2022","bulk soil",,,,,,"9500","6000","3500",,,,,"20.7824",,"2.48","6.46",,,,,
"3724","197",,"26.885","112.493",,"17.22","1451.56","temperate","Tropical & Subtropical Moist Broadleaf Forests","cropping","DR: double rice","20","40",,,"cropland",,,"2022","bulk soil",,,,,,"2500","2000","500",,,,,"7.1168",,"1.39","7.13",,,,,
"3725","197",,"26.885","112.493",,"17.22","1451.56","temperate","Tropical & Subtropical Moist Broadleaf Forests","cropping","Rrnt: rice-rapeseed, no till","20","40",,,"cropland",,,"2022","bulk soil",,,,,,"3000","2000","1000",,,,,"8.7376",,"1.72","6.73",,,,,
"3726","197",,"26.885","112.493",,"17.22","1451.56","temperate","Tropical & Subtropical Moist Broadleaf Forests","cropping","Rrt: rice-rapeseed, till","20","40",,,"cropland",,,"2022","bulk soil",,,,,,"4000","3000","1000",,,,,"10.255",,"1.75","6.82",,,,,
"3727","197",,"26.885","112.493",,"17.22","1451.56","temperate","Tropical & Subtropical Moist Broadleaf Forests","cropping","DRr: double rice-rapeseed","20","40",,,"cropland",,,"2022","bulk soil",,,,,,"4000","3000","1000",,,,,"8.8938",,"1.83","7.21",,,,,
"3728","197",,"26.885","112.493",,"17.22","1451.56","temperate","Tropical & Subtropical Moist Broadleaf Forests","cropping","DRm: double rice-chinese milk vetch","20","40",,,"cropland",,,"2022","bulk soil",,,,,,"4000","3000","1000",,,,,"11.076",,"1.95","7.11",,,,,
"3729","197",,"26.885","112.493",,"17.22","1451.56","temperate","Tropical & Subtropical Moist Broadleaf Forests","cropping","DR: double rice","0","20",,,"cropland",,,"2022","POM",,,,,,"700","500","200",,,,,,,,,,,,,
"3730","197",,"26.885","112.493",,"17.22","1451.56","temperate","Tropical & Subtropical Moist Broadleaf Forests","cropping","Rrnt: rice-rapeseed, no till","0","20",,,"cropland",,,"2022","POM",,,,,,"1050","700","350",,,,,,,,,,,,,
"3731","197",,"26.885","112.493",,"17.22","1451.56","temperate","Tropical & Subtropical Moist Broadleaf Forests","cropping","Rrt: rice-rapeseed, till","0","20",,,"cropland",,,"2022","POM",,,,,,"1200","800","400",,,,,,,,,,,,,
"3732","197",,"26.885","112.493",,"17.22","1451.56","temperate","Tropical & Subtropical Moist Broadleaf Forests","cropping","DRr: double rice-rapeseed","0","20",,,"cropland",,,"2022","POM",,,,,,"1350","900","450",,,,,,,,,,,,,
"3733","197",,"26.885","112.493",,"17.22","1451.56","temperate","Tropical & Subtropical Moist Broadleaf Forests","cropping","DRm: double rice-chinese milk vetch","0","20",,,"cropland",,,"2022","POM",,,,,,"1500","1000","500",,,,,,,,,,,,,
"3734","197",,"26.885","112.493",,"17.22","1451.56","temperate","Tropical & Subtropical Moist Broadleaf Forests","cropping","DR: double rice","20","40",,,"cropland",,,"2022","POM",,,,,,"400","300","100",,,,,,,,,,,,,
"3735","197",,"26.885","112.493",,"17.22","1451.56","temperate","Tropical & Subtropical Moist Broadleaf Forests","cropping","Rrnt: rice-rapeseed, no till","20","40",,,"cropland",,,"2022","POM",,,,,,"450","300","150",,,,,,,,,,,,,
"3736","197",,"26.885","112.493",,"17.22","1451.56","temperate","Tropical & Subtropical Moist Broadleaf Forests","cropping","Rrt: rice-rapeseed, till","20","40",,,"cropland",,,"2022","POM",,,,,,"600","400","200",,,,,,,,,,,,,
"3737","197",,"26.885","112.493",,"17.22","1451.56","temperate","Tropical & Subtropical Moist Broadleaf Forests","cropping","DRr: double rice-rapeseed","20","40",,,"cropland",,,"2022","POM",,,,,,"600","400","200",,,,,,,,,,,,,
"3738","197",,"26.885","112.493",,"17.22","1451.56","temperate","Tropical & Subtropical Moist Broadleaf Forests","cropping","DRm: double rice-chinese milk vetch","20","40",,,"cropland",,,"2022","POM",,,,,,"600","400","200",,,,,,,,,,,,,
"3739","197",,"26.885","112.493",,"17.22","1451.56","temperate","Tropical & Subtropical Moist Broadleaf Forests","cropping","DR: double rice","0","20",,,"cropland",,,"2022","MAOM",,,,,,"4000","3000","1000",,,,,,,,,,,,,
"3740","197",,"26.885","112.493",,"17.22","1451.56","temperate","Tropical & Subtropical Moist Broadleaf Forests","cropping","Rrnt: rice-rapeseed, no till","0","20",,,"cropland",,,"2022","MAOM",,,,,,"5000","3500","1500",,,,,,,,,,,,,
"3741","197",,"26.885","112.493",,"17.22","1451.56","temperate","Tropical & Subtropical Moist Broadleaf Forests","cropping","Rrt: rice-rapeseed, till","0","20",,,"cropland",,,"2022","MAOM",,,,,,"6000","4000","2000",,,,,,,,,,,,,
"3742","197",,"26.885","112.493",,"17.22","1451.56","temperate","Tropical & Subtropical Moist Broadleaf Forests","cropping","DRr: double rice-rapeseed","0","20",,,"cropland",,,"2022","MAOM",,,,,,"7000","4500","2500",,,,,,,,,,,,,
"3743","197",,"26.885","112.493",,"17.22","1451.56","temperate","Tropical & Subtropical Moist Broadleaf Forests","cropping","DRm: double rice-chinese milk vetch","0","20",,,"cropland",,,"2022","MAOM",,,,,,"7500","5000","2500",,,,,,,,,,,,,
"3744","197",,"26.885","112.493",,"17.22","1451.56","temperate","Tropical & Subtropical Moist Broadleaf Forests","cropping","DR: double rice","20","40",,,"cropland",,,"2022","MAOM",,,,,,"2000","1500","500",,,,,,,,,,,,,
"3745","197",,"26.885","112.493",,"17.22","1451.56","temperate","Tropical & Subtropical Moist Broadleaf Forests","cropping","Rrnt: rice-rapeseed, no till","20","40",,,"cropland",,,"2022","MAOM",,,,,,"2300","1500","800",,,,,,,,,,,,,
"3746","197",,"26.885","112.493",,"17.22","1451.56","temperate","Tropical & Subtropical Moist Broadleaf Forests","cropping","Rrt: rice-rapeseed, till","20","40",,,"cropland",,,"2022","MAOM",,,,,,"3000","2000","1000",,,,,,,,,,,,,
"3747","197",,"26.885","112.493",,"17.22","1451.56","temperate","Tropical & Subtropical Moist Broadleaf Forests","cropping","DRr: double rice-rapeseed","20","40",,,"cropland",,,"2022","MAOM",,,,,,"3700","2500","1200",,,,,,,,,,,,,
"3748","197",,"26.885","112.493",,"17.22","1451.56","temperate","Tropical & Subtropical Moist Broadleaf Forests","cropping","DRm: double rice-chinese milk vetch","20","40",,,"cropland",,,"2022","MAOM",,,,,,"3700","2500","1200",,,,,,,,,,,,,
"3749","225",,"36.454","113.016",,"11.8","555.27","cold/snow","Temperate Broadleaf & Mixed Forests","amendment","CK","0","20",,,"cropland",,,"2022","bulk soil",,,,,,"1200","900","300",,,"56.18","11.29",,,"0.34","8.29",,,,,"980"
"3750","225",,"36.454","113.016",,"11.8","555.27","cold/snow","Temperate Broadleaf & Mixed Forests","amendment","F","0","20",,,"cropland",,,"2022","bulk soil",,,,,,"2150","1700","450",,,"61.41","12.42",,,"0.66","8.11",,,,,"980"
"3751","225",,"36.454","113.016",,"11.8","555.27","cold/snow","Temperate Broadleaf & Mixed Forests","amendment","HMF","0","20",,,"cropland",,,"2022","bulk soil",,,,,,"2650","2100","550",,,"97.65","20.04",,,"1.05","7.9",,,,,"980"
"3752","225",,"36.454","113.016",,"11.8","555.27","cold/snow","Temperate Broadleaf & Mixed Forests","amendment","LMF","0","20",,,"cropland",,,"2022","bulk soil",,,,,,"2450","1900","550",,,"111.79","23.97",,,"1.28","7.89",,,,,"980"
"3753","207",,"49.525","120.333",,"-1.88","372.53","cold/snow","Temperate Grasslands, Savannas & Shrublands",,,"10","20",,,"grassland",,,"2023","bulk soil",,,,,,"7000","5000","2000",,,,,,,,,,,,,
"3754","207",,"49.525","120.333",,"-1.88","372.53","cold/snow","Temperate Grasslands, Savannas & Shrublands",,,"10","20",,,"cropland",,,"2023","bulk soil",,,,,,"11800","10500","1300",,,,,,,,,,,,,
"3755","207",,"49.525","120.333",,"-1.88","372.53","cold/snow","Temperate Grasslands, Savannas & Shrublands",,,"10","20",,,"cropland",,,"2023","bulk soil",,,,,,"7600","6500","1100",,,,,,,,,,,,,
"3756","207",,"49.525","120.333",,"-1.88","372.53","cold/snow","Temperate Grasslands, Savannas & Shrublands",,,"80","100",,,"grassland",,,"2023","bulk soil",,,,,,"5400","4000","1400",,,,,,,,,,,,,
"3757","207",,"49.525","120.333",,"-1.88","372.53","cold/snow","Temperate Grasslands, Savannas & Shrublands",,,"80","100",,,"cropland",,,"2023","bulk soil",,,,,,"3000","2500","500",,,,,,,,,,,,,
"3758","207",,"49.525","120.333",,"-1.88","372.53","cold/snow","Temperate Grasslands, Savannas & Shrublands",,,"80","100",,,"cropland",,,"2023","bulk soil",,,,,,"2850","2500","350",,,,,,,,,,,,,
"3759","208",,"23.174","112.536",,"21.99","1715.28","temperate","Tropical & Subtropical Moist Broadleaf Forests","warming","Control","0","10",,,"forest",,,"2013","bulk soil",,,,,,"4400",,,,,,,,,,,,,,,
"3760","208",,"23.174","112.536",,"21.99","1715.28","temperate","Tropical & Subtropical Moist Broadleaf Forests","warming","plus1.0°C","0","10",,,"forest",,,"2013","bulk soil",,,,,,"2400",,,,,,,,,,,,,,,
"3761","208",,"23.174","112.536",,"21.99","1715.28","temperate","Tropical & Subtropical Moist Broadleaf Forests","warming","plus2.1°C","0","10",,,"forest",,,"2013","bulk soil",,,,,,"1700",,,,,,,,,,,,,,,
"3762","208",,"23.174","112.536",,"21.99","1715.28","temperate","Tropical & Subtropical Moist Broadleaf Forests","warming","Control","0","10",,,"forest",,,"2014","bulk soil",,,,,,"3800",,,,,,,,,,,,,,,
"3763","208",,"23.174","112.536",,"21.99","1715.28","temperate","Tropical & Subtropical Moist Broadleaf Forests","warming","plus1.0°C","0","10",,,"forest",,,"2014","bulk soil",,,,,,"1300",,,,,,,,,,,,,,,
"3764","208",,"23.174","112.536",,"21.99","1715.28","temperate","Tropical & Subtropical Moist Broadleaf Forests","warming","plus2.1°C","0","10",,,"forest",,,"2014","bulk soil",,,,,,"2200",,,,,,,,,,,,,,,
"3765","208",,"23.174","112.536",,"21.99","1715.28","temperate","Tropical & Subtropical Moist Broadleaf Forests","warming","Control","0","10",,,"forest",,,"2015","bulk soil",,,,,,"5100",,,,,,,,,,,,,,,
"3766","208",,"23.174","112.536",,"21.99","1715.28","temperate","Tropical & Subtropical Moist Broadleaf Forests","warming","plus1.0°C","0","10",,,"forest",,,"2015","bulk soil",,,,,,"3400",,,,,,,,,,,,,,,
"3767","208",,"23.174","112.536",,"21.99","1715.28","temperate","Tropical & Subtropical Moist Broadleaf Forests","warming","plus2.1°C","0","10",,,"forest",,,"2015","bulk soil",,,,,,"3700",,,,,,,,,,,,,,,
"3768","208",,"23.174","112.536",,"21.99","1715.28","temperate","Tropical & Subtropical Moist Broadleaf Forests","warming","Control","0","10",,,"forest",,,"2016","bulk soil",,,,,,"2400",,,,,,,,,,,,,,,
"3769","208",,"23.174","112.536",,"21.99","1715.28","temperate","Tropical & Subtropical Moist Broadleaf Forests","warming","plus1.0°C","0","10",,,"forest",,,"2016","bulk soil",,,,,,"1800",,,,,,,,,,,,,,,
"3770","208",,"23.174","112.536",,"21.99","1715.28","temperate","Tropical & Subtropical Moist Broadleaf Forests","warming","plus2.1°C","0","10",,,"forest",,,"2016","bulk soil",,,,,,"1800",,,,,,,,,,,,,,,
"3771","208",,"23.174","112.536",,"21.99","1715.28","temperate","Tropical & Subtropical Moist Broadleaf Forests","warming","Control","0","10",,,"forest",,,"2017","bulk soil",,,,,,"2200",,,,,,,,,,,,,,,
"3772","208",,"23.174","112.536",,"21.99","1715.28","temperate","Tropical & Subtropical Moist Broadleaf Forests","warming","plus1.0°C","0","10",,,"forest",,,"2017","bulk soil",,,,,,"2400",,,,,,,,,,,,,,,
"3773","208",,"23.174","112.536",,"21.99","1715.28","temperate","Tropical & Subtropical Moist Broadleaf Forests","warming","plus2.1°C","0","10",,,"forest",,,"2017","bulk soil",,,,,,"3000",,,,,,,,,,,,,,,
"3774","208",,"23.174","112.536",,"21.99","1715.28","temperate","Tropical & Subtropical Moist Broadleaf Forests","warming","Control","0","10",,,"forest",,,"2018","bulk soil",,,,,,"3900",,,,,,,,,,,,,,,
"3775","208",,"23.174","112.536",,"21.99","1715.28","temperate","Tropical & Subtropical Moist Broadleaf Forests","warming","plus1.0°C","0","10",,,"forest",,,"2018","bulk soil",,,,,,"2200",,,,,,,,,,,,,,,
"3776","208",,"23.174","112.536",,"21.99","1715.28","temperate","Tropical & Subtropical Moist Broadleaf Forests","warming","plus2.1°C","0","10",,,"forest",,,"2018","bulk soil",,,,,,"2300",,,,,,,,,,,,,,,
"3777","208",,"23.174","112.536",,"21.99","1715.28","temperate","Tropical & Subtropical Moist Broadleaf Forests","warming","Control","0","10",,,"forest",,,"2019","bulk soil",,,,,,"6400",,,,,,,,,,,,,,,
"3778","208",,"23.174","112.536",,"21.99","1715.28","temperate","Tropical & Subtropical Moist Broadleaf Forests","warming","plus1.0°C","0","10",,,"forest",,,"2019","bulk soil",,,,,,"6100",,,,,,,,,,,,,,,
"3779","208",,"23.174","112.536",,"21.99","1715.28","temperate","Tropical & Subtropical Moist Broadleaf Forests","warming","plus2.1°C","0","10",,,"forest",,,"2019","bulk soil",,,,,,"6100",,,,,,,,,,,,,,,
"3780","208",,"23.174","112.536",,"21.99","1715.28","temperate","Tropical & Subtropical Moist Broadleaf Forests","warming","Control","0","10",,,"forest",,,"2020","bulk soil",,,,,,"5700",,,,,,,,,,,,,,,
"3781","208",,"23.174","112.536",,"21.99","1715.28","temperate","Tropical & Subtropical Moist Broadleaf Forests","warming","plus1.0°C","0","10",,,"forest",,,"2020","bulk soil",,,,,,"6000",,,,,,,,,,,,,,,
"3782","208",,"23.174","112.536",,"21.99","1715.28","temperate","Tropical & Subtropical Moist Broadleaf Forests","warming","plus2.1°C","0","10",,,"forest",,,"2020","bulk soil",,,,,,"4200",,,,,,,,,,,,,,,
"3783","208",,"23.174","112.536",,"21.99","1715.28","temperate","Tropical & Subtropical Moist Broadleaf Forests","warming","Control","10","20",,,"forest",,,"2013","bulk soil",,,,,,"2800",,,,,,,,,,,,,,,
"3784","208",,"23.174","112.536",,"21.99","1715.28","temperate","Tropical & Subtropical Moist Broadleaf Forests","warming","plus1.0°C","10","20",,,"forest",,,"2013","bulk soil",,,,,,"2600",,,,,,,,,,,,,,,
"3785","208",,"23.174","112.536",,"21.99","1715.28","temperate","Tropical & Subtropical Moist Broadleaf Forests","warming","plus2.1°C","10","20",,,"forest",,,"2013","bulk soil",,,,,,"2700",,,,,,,,,,,,,,,
"3786","208",,"23.174","112.536",,"21.99","1715.28","temperate","Tropical & Subtropical Moist Broadleaf Forests","warming","Control","10","20",,,"forest",,,"2014","bulk soil",,,,,,"4100",,,,,,,,,,,,,,,
"3787","208",,"23.174","112.536",,"21.99","1715.28","temperate","Tropical & Subtropical Moist Broadleaf Forests","warming","plus1.0°C","10","20",,,"forest",,,"2014","bulk soil",,,,,,"1800",,,,,,,,,,,,,,,
"3788","208",,"23.174","112.536",,"21.99","1715.28","temperate","Tropical & Subtropical Moist Broadleaf Forests","warming","plus2.1°C","10","20",,,"forest",,,"2014","bulk soil",,,,,,"2500",,,,,,,,,,,,,,,
"3789","208",,"23.174","112.536",,"21.99","1715.28","temperate","Tropical & Subtropical Moist Broadleaf Forests","warming","Control","10","20",,,"forest",,,"2015","bulk soil",,,,,,"2900",,,,,,,,,,,,,,,
"3790","208",,"23.174","112.536",,"21.99","1715.28","temperate","Tropical & Subtropical Moist Broadleaf Forests","warming","plus1.0°C","10","20",,,"forest",,,"2015","bulk soil",,,,,,"3100",,,,,,,,,,,,,,,
"3791","208",,"23.174","112.536",,"21.99","1715.28","temperate","Tropical & Subtropical Moist Broadleaf Forests","warming","plus2.1°C","10","20",,,"forest",,,"2015","bulk soil",,,,,,"3800",,,,,,,,,,,,,,,
"3792","208",,"23.174","112.536",,"21.99","1715.28","temperate","Tropical & Subtropical Moist Broadleaf Forests","warming","Control","10","20",,,"forest",,,"2016","bulk soil",,,,,,"3100",,,,,,,,,,,,,,,
"3793","208",,"23.174","112.536",,"21.99","1715.28","temperate","Tropical & Subtropical Moist Broadleaf Forests","warming","plus1.0°C","10","20",,,"forest",,,"2016","bulk soil",,,,,,"2000",,,,,,,,,,,,,,,
"3794","208",,"23.174","112.536",,"21.99","1715.28","temperate","Tropical & Subtropical Moist Broadleaf Forests","warming","plus2.1°C","10","20",,,"forest",,,"2016","bulk soil",,,,,,"2500",,,,,,,,,,,,,,,
"3795","208",,"23.174","112.536",,"21.99","1715.28","temperate","Tropical & Subtropical Moist Broadleaf Forests","warming","Control","10","20",,,"forest",,,"2017","bulk soil",,,,,,"2300",,,,,,,,,,,,,,,
"3796","208",,"23.174","112.536",,"21.99","1715.28","temperate","Tropical & Subtropical Moist Broadleaf Forests","warming","plus1.0°C","10","20",,,"forest",,,"2017","bulk soil",,,,,,"2500",,,,,,,,,,,,,,,
"3797","208",,"23.174","112.536",,"21.99","1715.28","temperate","Tropical & Subtropical Moist Broadleaf Forests","warming","plus2.1°C","10","20",,,"forest",,,"2017","bulk soil",,,,,,"2600",,,,,,,,,,,,,,,
"3798","208",,"23.174","112.536",,"21.99","1715.28","temperate","Tropical & Subtropical Moist Broadleaf Forests","warming","Control","10","20",,,"forest",,,"2018","bulk soil",,,,,,"2500",,,,,,,,,,,,,,,
"3799","208",,"23.174","112.536",,"21.99","1715.28","temperate","Tropical & Subtropical Moist Broadleaf Forests","warming","plus1.0°C","10","20",,,"forest",,,"2018","bulk soil",,,,,,"2900",,,,,,,,,,,,,,,
"3800","208",,"23.174","112.536",,"21.99","1715.28","temperate","Tropical & Subtropical Moist Broadleaf Forests","warming","plus2.1°C","10","20",,,"forest",,,"2018","bulk soil",,,,,,"2800",,,,,,,,,,,,,,,
"3801","208",,"23.174","112.536",,"21.99","1715.28","temperate","Tropical & Subtropical Moist Broadleaf Forests","warming","Control","10","20",,,"forest",,,"2019","bulk soil",,,,,,"6200",,,,,,,,,,,,,,,
"3802","208",,"23.174","112.536",,"21.99","1715.28","temperate","Tropical & Subtropical Moist Broadleaf Forests","warming","plus1.0°C","10","20",,,"forest",,,"2019","bulk soil",,,,,,"5700",,,,,,,,,,,,,,,
"3803","208",,"23.174","112.536",,"21.99","1715.28","temperate","Tropical & Subtropical Moist Broadleaf Forests","warming","plus2.1°C","10","20",,,"forest",,,"2019","bulk soil",,,,,,"5800",,,,,,,,,,,,,,,
"3804","208",,"23.174","112.536",,"21.99","1715.28","temperate","Tropical & Subtropical Moist Broadleaf Forests","warming","Control","10","20",,,"forest",,,"2020","bulk soil",,,,,,"6100",,,,,,,,,,,,,,,
"3805","208",,"23.174","112.536",,"21.99","1715.28","temperate","Tropical & Subtropical Moist Broadleaf Forests","warming","plus1.0°C","10","20",,,"forest",,,"2020","bulk soil",,,,,,"5900",,,,,,,,,,,,,,,
"3806","208",,"23.174","112.536",,"21.99","1715.28","temperate","Tropical & Subtropical Moist Broadleaf Forests","warming","plus2.1°C","10","20",,,"forest",,,"2020","bulk soil",,,,,,"4100",,,,,,,,,,,,,,,
"3807","208",,"23.174","112.536",,"21.99","1715.28","temperate","Tropical & Subtropical Moist Broadleaf Forests","warming","Control","20","40",,,"forest",,,"2013","bulk soil",,,,,,"1900",,,,,,,,,,,,,,,
"3808","208",,"23.174","112.536",,"21.99","1715.28","temperate","Tropical & Subtropical Moist Broadleaf Forests","warming","plus1.0°C","20","40",,,"forest",,,"2013","bulk soil",,,,,,"1900",,,,,,,,,,,,,,,
"3809","208",,"23.174","112.536",,"21.99","1715.28","temperate","Tropical & Subtropical Moist Broadleaf Forests","warming","plus2.1°C","20","40",,,"forest",,,"2013","bulk soil",,,,,,"2300",,,,,,,,,,,,,,,
"3810","208",,"23.174","112.536",,"21.99","1715.28","temperate","Tropical & Subtropical Moist Broadleaf Forests","warming","Control","20","40",,,"forest",,,"2014","bulk soil",,,,,,"2100",,,,,,,,,,,,,,,
"3811","208",,"23.174","112.536",,"21.99","1715.28","temperate","Tropical & Subtropical Moist Broadleaf Forests","warming","plus1.0°C","20","40",,,"forest",,,"2014","bulk soil",,,,,,"1500",,,,,,,,,,,,,,,
"3812","208",,"23.174","112.536",,"21.99","1715.28","temperate","Tropical & Subtropical Moist Broadleaf Forests","warming","plus2.1°C","20","40",,,"forest",,,"2014","bulk soil",,,,,,"1700",,,,,,,,,,,,,,,
"3813","208",,"23.174","112.536",,"21.99","1715.28","temperate","Tropical & Subtropical Moist Broadleaf Forests","warming","Control","20","40",,,"forest",,,"2015","bulk soil",,,,,,"2600",,,,,,,,,,,,,,,
"3814","208",,"23.174","112.536",,"21.99","1715.28","temperate","Tropical & Subtropical Moist Broadleaf Forests","warming","plus1.0°C","20","40",,,"forest",,,"2015","bulk soil",,,,,,"2000",,,,,,,,,,,,,,,
"3815","208",,"23.174","112.536",,"21.99","1715.28","temperate","Tropical & Subtropical Moist Broadleaf Forests","warming","plus2.1°C","20","40",,,"forest",,,"2015","bulk soil",,,,,,"2300",,,,,,,,,,,,,,,
"3816","208",,"23.174","112.536",,"21.99","1715.28","temperate","Tropical & Subtropical Moist Broadleaf Forests","warming","Control","20","40",,,"forest",,,"2016","bulk soil",,,,,,"1300",,,,,,,,,,,,,,,
"3817","208",,"23.174","112.536",,"21.99","1715.28","temperate","Tropical & Subtropical Moist Broadleaf Forests","warming","plus1.0°C","20","40",,,"forest",,,"2016","bulk soil",,,,,,"1300",,,,,,,,,,,,,,,
"3818","208",,"23.174","112.536",,"21.99","1715.28","temperate","Tropical & Subtropical Moist Broadleaf Forests","warming","plus2.1°C","20","40",,,"forest",,,"2016","bulk soil",,,,,,"1600",,,,,,,,,,,,,,,
"3819","208",,"23.174","112.536",,"21.99","1715.28","temperate","Tropical & Subtropical Moist Broadleaf Forests","warming","Control","20","40",,,"forest",,,"2017","bulk soil",,,,,,"1400",,,,,,,,,,,,,,,
"3820","208",,"23.174","112.536",,"21.99","1715.28","temperate","Tropical & Subtropical Moist Broadleaf Forests","warming","plus1.0°C","20","40",,,"forest",,,"2017","bulk soil",,,,,,"1400",,,,,,,,,,,,,,,
"3821","208",,"23.174","112.536",,"21.99","1715.28","temperate","Tropical & Subtropical Moist Broadleaf Forests","warming","plus2.1°C","20","40",,,"forest",,,"2017","bulk soil",,,,,,"1400",,,,,,,,,,,,,,,
"3822","208",,"23.174","112.536",,"21.99","1715.28","temperate","Tropical & Subtropical Moist Broadleaf Forests","warming","Control","20","40",,,"forest",,,"2018","bulk soil",,,,,,"1800",,,,,,,,,,,,,,,
"3823","208",,"23.174","112.536",,"21.99","1715.28","temperate","Tropical & Subtropical Moist Broadleaf Forests","warming","plus1.0°C","20","40",,,"forest",,,"2018","bulk soil",,,,,,"1000",,,,,,,,,,,,,,,
"3824","208",,"23.174","112.536",,"21.99","1715.28","temperate","Tropical & Subtropical Moist Broadleaf Forests","warming","plus2.1°C","20","40",,,"forest",,,"2018","bulk soil",,,,,,"1200",,,,,,,,,,,,,,,
"3825","208",,"23.174","112.536",,"21.99","1715.28","temperate","Tropical & Subtropical Moist Broadleaf Forests","warming","Control","20","40",,,"forest",,,"2019","bulk soil",,,,,,"4100",,,,,,,,,,,,,,,
"3826","208",,"23.174","112.536",,"21.99","1715.28","temperate","Tropical & Subtropical Moist Broadleaf Forests","warming","plus1.0°C","20","40",,,"forest",,,"2019","bulk soil",,,,,,"4000",,,,,,,,,,,,,,,
"3827","208",,"23.174","112.536",,"21.99","1715.28","temperate","Tropical & Subtropical Moist Broadleaf Forests","warming","plus2.1°C","20","40",,,"forest",,,"2019","bulk soil",,,,,,"4000",,,,,,,,,,,,,,,
"3828","208",,"23.174","112.536",,"21.99","1715.28","temperate","Tropical & Subtropical Moist Broadleaf Forests","warming","Control","20","40",,,"forest",,,"2020","bulk soil",,,,,,"4400",,,,,,,,,,,,,,,
"3829","208",,"23.174","112.536",,"21.99","1715.28","temperate","Tropical & Subtropical Moist Broadleaf Forests","warming","plus1.0°C","20","40",,,"forest",,,"2020","bulk soil",,,,,,"4000",,,,,,,,,,,,,,,
"3830","208",,"23.174","112.536",,"21.99","1715.28","temperate","Tropical & Subtropical Moist Broadleaf Forests","warming","plus2.1°C","20","40",,,"forest",,,"2020","bulk soil",,,,,,"3400",,,,,,,,,,,,,,,
"3831","215",,"36.5","80.5",,"-0.43","41.2","arid","Montane Grasslands & Shrublands",,,"0","10",,"Gray Desert Soil","desert",,"Calligonum roborovskii, Reaumuria soongorica, and Sympegma regelii","2022",,,"30","2","15",,"334.3","244.3","90",,,,,,,,,,,,,"1707"
"3832","215",,"36.5","80.5",,"-0.43","41.2","arid","Montane Grasslands & Shrublands",,,"0","10",,"Gray Desert Soil","desert",,"Calligonum roborovskii, Reaumuria soongorica, and Sympegma regelii","2022",,,"30","2","15",,"334.3","244.3","90",,,,,,,,,,,,,"1960"
"3833","215",,"36.5","80.5",,"-0.43","41.2","arid","Montane Grasslands & Shrublands",,,"0","10",,"Gray Desert Soil","desert",,"Calligonum roborovskii, Reaumuria soongorica, and Sympegma regelii","2022",,,"50","1","25",,"482.2","437.2","45",,,,,,,,,,,,,"2448"
"3834","215","ecosystem = steppe","36.5","80.5",,"-0.43","41.2","arid","Montane Grasslands & Shrublands",,,"0","10",,"Brown Calcic Soil","grassland",,"Stipa capillata, Seriphidium rhodanthum, and Achnatherum splendens","2022",,,"150","6","40",,"1543","1273","270",,,,,,,,,,,,,"2905"
"3835","215","ecosystem = steppe","36.5","80.5",,"-0.43","41.2","arid","Montane Grasslands & Shrublands",,,"0","10",,"Chernozem","grassland",,"Stipa purpurea, Kobresia filifolia, and Potentilla","2022",,,"180","13","70",,"2038.1","1453.1","585",,,,,,,,,,,,,"3248"
"3836","215","ecosystem = steppe","36.5","80.5",,"-0.43","41.2","arid","Montane Grasslands & Shrublands",,,"0","10",,"Chernozem","grassland",,"Stipa purpurea, Kobresia filifolia, and Potentilla","2022",,,"900","45","300",,"9547.3","7522.3","2025",,,,,,,,,,,,,"3548"
"3837","215",,"36.5","80.5",,"-0.43","41.2","arid","Montane Grasslands & Shrublands",,,"10","30",,"Gray Desert Soil","desert",,"Calligonum roborovskii, Reaumuria soongorica, and Sympegma regelii","2022",,,"30","3","15",,"366.5","231.5","135",,,,,,,,,,,,,"1707"
"3838","215",,"36.5","80.5",,"-0.43","41.2","arid","Montane Grasslands & Shrublands",,,"10","30",,"Gray Desert Soil","desert",,"Calligonum roborovskii, Reaumuria soongorica, and Sympegma regelii","2022",,,"30","2","15",,"334.3","244.3","90",,,,,,,,,,,,,"1960"
"3839","215",,"36.5","80.5",,"-0.43","41.2","arid","Montane Grasslands & Shrublands",,,"10","30",,"Gray Desert Soil","desert",,"Calligonum roborovskii, Reaumuria soongorica, and Sympegma regelii","2022",,,"40","2","25",,"424.3","334.3","90",,,,,,,,,,,,,"2448"
"3840","215","ecosystem = steppe","36.5","80.5",,"-0.43","41.2","arid","Montane Grasslands & Shrublands",,,"10","30",,"Brown Calcic Soil","grassland",,"Stipa capillata, Seriphidium rhodanthum, and Achnatherum splendens","2022",,,"120","6","40",,"1273","1003","270",,,,,,,,,,,,,"2905"
"3841","215","ecosystem = steppe","36.5","80.5",,"-0.43","41.2","arid","Montane Grasslands & Shrublands",,,"10","30",,"Chernozem","grassland",,"Stipa purpurea, Kobresia filifolia, and Potentilla","2022",,,"150","14","65",,"1800.3","1170.3","630",,,,,,,,,,,,,"3248"
"3842","215","ecosystem = steppe","36.5","80.5",,"-0.43","41.2","arid","Montane Grasslands & Shrublands",,,"10","30",,"Chernozem","grassland",,"Stipa purpurea, Kobresia filifolia, and Potentilla","2022",,,"600","28","275",,"6300.6","5040.6","1260",,,,,,,,,,,,,"3548"
"3843","200",,"31.5","120.55",,"16.54","1042.8","temperate","Temperate Broadleaf & Mixed Forests",,,"0","20",,"Gleyic Stagnic Anthrosol","cropland",,,"2020",,,,,,,,"7000",,,,,,"25.5",,,"6.85",,,,,
"3844","200",,"31.5","120.55",,"16.54","1042.8","temperate","Temperate Broadleaf & Mixed Forests",,,"0","20",,"Gleyic Stagnic Anthrosol","cropland",,,"2020",,,,,,,,"7000",,,,,,"25",,,"6.9",,,,,
"3845","200",,"31.5","120.55",,"16.54","1042.8","temperate","Temperate Broadleaf & Mixed Forests",,,"0","20",,"Gleyic Stagnic Anthrosol","cropland",,,"2020",,,,,,,,"6500",,,,,,"21.5",,,"7",,,,,
"3846","200",,"31.5","120.55",,"16.54","1042.8","temperate","Temperate Broadleaf & Mixed Forests",,,"0","20",,"Gleyic Stagnic Anthrosol","cropland",,,"2020",,,,,,,,"7000",,,,,,"24.5",,,"7",,,,,
"3847","200",,"31.5","120.55",,"16.54","1042.8","temperate","Temperate Broadleaf & Mixed Forests",,,"0","20",,"Gleyic Stagnic Anthrosol","cropland",,,"2020",,,,,,,,"6000",,,,,,"22.5",,,"7.1",,,,,
"3848","200",,"31.5","120.55",,"16.54","1042.8","temperate","Temperate Broadleaf & Mixed Forests",,,"0","20",,"Gleyic Stagnic Anthrosol","cropland",,,"2020",,,,,,,,"6500",,,,,,"24",,,"7.1",,,,,
"3849","200",,"31.5","120.55",,"16.54","1042.8","temperate","Temperate Broadleaf & Mixed Forests",,,"0","20",,"Gleyic Stagnic Anthrosol","cropland",,,"2020",,,,,,,,"6500",,,,,,"21",,,"7.15",,,,,
"3850","200",,"31.5","120.55",,"16.54","1042.8","temperate","Temperate Broadleaf & Mixed Forests",,,"0","20",,"Gleyic Stagnic Anthrosol","cropland",,,"2020",,,,,,,,"6000",,,,,,"22",,,"7.2",,,,,
"3851","200",,"31.5","120.55",,"16.54","1042.8","temperate","Temperate Broadleaf & Mixed Forests",,,"0","20",,"Gleyic Stagnic Anthrosol","cropland",,,"2020",,,,,,,,"6800",,,,,,"23",,,"7.2",,,,,
"3852","200",,"31.5","120.55",,"16.54","1042.8","temperate","Temperate Broadleaf & Mixed Forests",,,"0","20",,"Gleyic Stagnic Anthrosol","cropland",,,"2020",,,,,,,,"5500",,,,,,"23.5",,,"7.25",,,,,
"3853","200",,"31.5","120.55",,"16.54","1042.8","temperate","Temperate Broadleaf & Mixed Forests",,,"0","20",,"Gleyic Stagnic Anthrosol","cropland",,,"2020",,,,,,,,"5500",,,,,,"20",,,"7.3",,,,,
"3854","200",,"31.5","120.55",,"16.54","1042.8","temperate","Temperate Broadleaf & Mixed Forests",,,"0","20",,"Gleyic Stagnic Anthrosol","cropland",,,"2020",,,,,,,,"6300",,,,,,"24",,,"7.3",,,,,
"3855","200",,"31.5","120.55",,"16.54","1042.8","temperate","Temperate Broadleaf & Mixed Forests",,,"0","20",,"Gleyic Stagnic Anthrosol","cropland",,,"2020",,,,,,,,"5000",,,,,,"21",,,"7.35",,,,,
"3856","200",,"31.5","120.55",,"16.54","1042.8","temperate","Temperate Broadleaf & Mixed Forests",,,"0","20",,"Gleyic Stagnic Anthrosol","cropland",,,"2020",,,,,,,,"5800",,,,,,"22",,,"7.35",,,,,
"3857","200",,"31.5","120.55",,"16.54","1042.8","temperate","Temperate Broadleaf & Mixed Forests",,,"0","20",,"Gleyic Stagnic Anthrosol","cropland",,,"2020",,,,,,,,"4500",,,,,,"21.5",,,"7.4",,,,,
"3858","200",,"31.5","120.55",,"16.54","1042.8","temperate","Temperate Broadleaf & Mixed Forests",,,"0","20",,"Gleyic Stagnic Anthrosol","cropland",,,"2020",,,,,,,,"5000",,,,,,"23",,,"7.4",,,,,
"3859","200",,"31.5","120.55",,"16.54","1042.8","temperate","Temperate Broadleaf & Mixed Forests",,,"0","20",,"Gleyic Stagnic Anthrosol","cropland",,,"2020",,,,,,,,"4500",,,,,,"20.5",,,"7.45",,,,,
"3860","200",,"31.5","120.55",,"16.54","1042.8","temperate","Temperate Broadleaf & Mixed Forests",,,"0","20",,"Gleyic Stagnic Anthrosol","cropland",,,"2020",,,,,,,,"5300",,,,,,"22.5",,,"7.45",,,,,
"3861","200",,"31.5","120.55",,"16.54","1042.8","temperate","Temperate Broadleaf & Mixed Forests",,,"0","20",,"Gleyic Stagnic Anthrosol","cropland",,,"2020",,,,,,,,"3900",,,,,,"19.5",,,"7.5",,,,,
"3862","200",,"31.5","120.55",,"16.54","1042.8","temperate","Temperate Broadleaf & Mixed Forests",,,"0","20",,"Gleyic Stagnic Anthrosol","cropland",,,"2020",,,,,,,,"4500",,,,,,"20",,,"7.5",,,,,
"3863","200",,"31.5","120.55",,"16.54","1042.8","temperate","Temperate Broadleaf & Mixed Forests",,,"0","20",,"Gleyic Stagnic Anthrosol","cropland",,,"2020",,,,,,,,"4000",,,,,,"18.5",,,"7.55",,,,,
"3864","200",,"31.5","120.55",,"16.54","1042.8","temperate","Temperate Broadleaf & Mixed Forests",,,"0","20",,"Gleyic Stagnic Anthrosol","cropland",,,"2020",,,,,,,,"4700",,,,,,"19",,,"7.55",,,,,
"3865","216",,"40.191","116.593",,"12.61","556.88","cold/snow","Temperate Broadleaf & Mixed Forests","microplastics","Control","0","20",,,"cropland",,,,,,"400","31","320",,"4597.1","3202.1","1395",,,,,"8.78",,"0.8","7.7",,,,,
"3866","216",,"40.191","116.593",,"12.61","556.88","cold/snow","Temperate Broadleaf & Mixed Forests","microplastics","PLA1: Biodegradable MPs","0","20",,,"cropland",,,,,,"360","23","300",,"3979.7","2944.7","1035",,,,,"7.44",,"0.57","7.88",,,,,
"3867","216",,"40.191","116.593",,"12.61","556.88","cold/snow","Temperate Broadleaf & Mixed Forests","microplastics","PLA2: Biodegradable MPs","0","20",,,"cropland",,,,,,"360","24","300",,"4011.9","2931.9","1080",,,,,"7.71",,"0.61","7.92",,,,,
"3868","216",,"40.191","116.593",,"12.61","556.88","cold/snow","Temperate Broadleaf & Mixed Forests","microplastics","PLA3: Biodegradable MPs","0","20",,,"cropland",,,,,,"320","22","280",,"3587.6","2597.6","990",,,,,"9.25",,"0.65","7.92",,,,,
"3869","216",,"40.191","116.593",,"12.61","556.88","cold/snow","Temperate Broadleaf & Mixed Forests","microplastics","PLA4: Biodegradable MPs","0","20",,,"cropland",,,,,,"430","27","340",,"4738.4","3523.4","1215",,,,,"9.85",,"0.64","7.91",,,,,
"3870","216",,"40.191","116.593",,"12.61","556.88","cold/snow","Temperate Broadleaf & Mixed Forests","microplastics","PLA5: Biodegradable MPs","0","20",,,"cropland",,,,,,"300","23","260",,"3439.7","2404.7","1035",,,,,"10.3",,"0.77","7.55",,,,,
"3871","216",,"40.191","116.593",,"12.61","556.88","cold/snow","Temperate Broadleaf & Mixed Forests","microplastics","PE1: Non-degradable MPs","0","20",,,"cropland",,,,,,"360","36","300",,"4397.9","2777.9","1620",,,,,"8.36",,"0.62","7.5",,,,,
"3872","216",,"40.191","116.593",,"12.61","556.88","cold/snow","Temperate Broadleaf & Mixed Forests","microplastics","PE2: Non-degradable MPs","0","20",,,"cropland",,,,,,"350","28","310",,"4050.6","2790.6","1260",,,,,"9.35",,"0.48","8.02",,,,,
"3873","216",,"40.191","116.593",,"12.61","556.88","cold/snow","Temperate Broadleaf & Mixed Forests","microplastics","PE3: Non-degradable MPs","0","20",,,"cropland",,,,,,"370","36","320",,"4487.9","2867.9","1620",,,,,"9.9",,"0.5","8",,,,,
"3874","216",,"40.191","116.593",,"12.61","556.88","cold/snow","Temperate Broadleaf & Mixed Forests","microplastics","PE4: Non-degradable MPs","0","20",,,"cropland",,,,,,"340","24","280",,"3831.9","2751.9","1080",,,,,"11",,"0.55","8.12",,,,,
"3875","216",,"40.191","116.593",,"12.61","556.88","cold/snow","Temperate Broadleaf & Mixed Forests","microplastics","PE5: Non-degradable MPs","0","20",,,"cropland",,,,,,"260","18","220",,"2918.9","2108.9","810",,,,,"11",,"0.44","8.06",,,,,
"3876","205","ecosystem = natural",,,,,,,,"salinity","Non-saline","0","20",,,"other",,,"2022","bulk soil",,,,,,"1310","1120","190",,,,,,,,,,,,,
"3877","205",,,,,,,,,"salinity","Non-saline","0","20",,,"cropland",,,"2022","bulk soil",,,,,,"3170","2730","440",,,,,,,,,,,,,
"3878","205","ecosystem = natural",,,,,,,,"salinity","Saline","0","20",,,"other",,,"2022","bulk soil",,,,,,"1300","840","460",,,,,,,,,,,,,
"3879","205",,,,,,,,,"salinity","Saline","0","20",,,"cropland",,,"2022","bulk soil",,,,,,"2770","1750","1020",,,,,,,,,,,,,
"3880","219",,"28.367","112.1",,"16.89","1451.07","temperate","Tropical & Subtropical Moist Broadleaf Forests","amendment","Control","0","10",,"Hydragric Anthrosol","cropland",,,"2017",,,,,,,"9800","5200","4600",,,,,,,,,,,,,
"3881","219",,"28.367","112.1",,"16.89","1451.07","temperate","Tropical & Subtropical Moist Broadleaf Forests","amendment","NPK","0","10",,"Hydragric Anthrosol","cropland",,,"2017",,,,,,,"11000","6400","4600",,,,,,,,,,,,,
"3882","219",,"28.367","112.1",,"16.89","1451.07","temperate","Tropical & Subtropical Moist Broadleaf Forests","amendment","NPK+Straw","0","10",,"Hydragric Anthrosol","cropland",,,"2017",,,,,,,"14800","8200","6600",,,,,,,,,,,,,
"3883","219",,"28.367","112.1",,"16.89","1451.07","temperate","Tropical & Subtropical Moist Broadleaf Forests","amendment","NPK+Manure","0","10",,"Hydragric Anthrosol","cropland",,,"2017",,,,,,,"18600","9200","9400",,,,,,,,,,,,,
"3884","219",,"28.367","112.1",,"16.89","1451.07","temperate","Tropical & Subtropical Moist Broadleaf Forests","amendment","Control","10","20",,"Hydragric Anthrosol","cropland",,,"2017",,,,,,,"9000","4300","4700",,,,,,,,,,,,,
"3885","219",,"28.367","112.1",,"16.89","1451.07","temperate","Tropical & Subtropical Moist Broadleaf Forests","amendment","NPK","10","20",,"Hydragric Anthrosol","cropland",,,"2017",,,,,,,"8100","4600","3500",,,,,,,,,,,,,
"3886","219",,"28.367","112.1",,"16.89","1451.07","temperate","Tropical & Subtropical Moist Broadleaf Forests","amendment","NPK+Straw","10","20",,"Hydragric Anthrosol","cropland",,,"2017",,,,,,,"14300","8400","5900",,,,,,,,,,,,,
"3887","219",,"28.367","112.1",,"16.89","1451.07","temperate","Tropical & Subtropical Moist Broadleaf Forests","amendment","NPK+Manure","10","20",,"Hydragric Anthrosol","cropland",,,"2017",,,,,,,"17700","8500","9200",,,,,,,,,,,,,
"3888","203",,"19.167","109.833",,"23.83","1687.25","equatorial","Tropical & Subtropical Moist Broadleaf Forests","vegetation; parent material","Rubber-basalt","0","20",,,"cropland",,,"2019",,,"1050","100","400",,"12666.3","8166.3","4500",,,,,"20",,"1.6","4.6",,"80.3","17.4","2.3",
"3889","203",,"19.167","109.833",,"23.83","1687.25","equatorial","Tropical & Subtropical Moist Broadleaf Forests","vegetation; parent material","Banana-basalt","0","20",,,"cropland",,,"2019",,,"850","80","350",,"10223","6623","3600",,,,,"15.1",,"1.3","5.2",,"80.3","17.4","2.3",
"3890","203",,"19.167","109.833",,"23.83","1687.25","equatorial","Tropical & Subtropical Moist Broadleaf Forests","vegetation; parent material","Rubber-granite","0","20",,,"cropland",,,"2019",,,"600","60","250",,"7329.8","4629.8","2700",,,,,"11",,"0.9","4.8",,"27.9","20.1","52",
"3891","203",,"19.167","109.833",,"23.83","1687.25","equatorial","Tropical & Subtropical Moist Broadleaf Forests","vegetation; parent material","Areca-granite","0","20",,,"cropland",,,"2019",,,"550","50","200",,"6558.1","4308.1","2250",,,,,"9.9",,"0.9","5.4",,"27.9","20.1","52",
"3892","203",,"19.167","109.833",,"23.83","1687.25","equatorial","Tropical & Subtropical Moist Broadleaf Forests","vegetation; parent material","Rubber-marine","0","20",,,"cropland",,,"2019",,,"450","40","150",,"5336.5","3536.5","1800",,,,,"7.4",,"0.7","5.1",,"23","16.3","60.7",
"3893","203",,"19.167","109.833",,"23.83","1687.25","equatorial","Tropical & Subtropical Moist Broadleaf Forests","vegetation; parent material","Grassland-marine","0","20",,,"cropland",,,"2019",,,"250","20","100",,"2893.3","1993.3","900",,,,,"4.4",,"0.4","5.5",,"23","16.3","60.7",
"3894","203",,"19.167","109.833",,"23.83","1687.25","equatorial","Tropical & Subtropical Moist Broadleaf Forests","vegetation; parent material","Rubber-basalt","20","40",,,"cropland",,,"2019",,,"800","80","300",,"9773","6173","3600",,,,,"15",,"1.2","4.5",,"81.7","14","4.3",
"3895","203",,"19.167","109.833",,"23.83","1687.25","equatorial","Tropical & Subtropical Moist Broadleaf Forests","vegetation; parent material","Banana-basalt","20","40",,,"cropland",,,"2019",,,"550","60","250",,"6879.8","4179.8","2700",,,,,"10.8",,"1.1","4.8",,"81.7","14","4.3",
"3896","203",,"19.167","109.833",,"23.83","1687.25","equatorial","Tropical & Subtropical Moist Broadleaf Forests","vegetation; parent material","Rubber-granite","20","40",,,"cropland",,,"2019",,,"400","40","150",,"4886.5","3086.5","1800",,,,,"7.4",,"0.7","4.9",,"32","22.1","45.9",
"3897","203",,"19.167","109.833",,"23.83","1687.25","equatorial","Tropical & Subtropical Moist Broadleaf Forests","vegetation; parent material","Areca-granite","20","40",,,"cropland",,,"2019",,,"350","30","120",,"4114.9","2764.9","1350",,,,,"6.4",,"0.7","5.6",,"32","22.1","45.9",
"3898","203",,"19.167","109.833",,"23.83","1687.25","equatorial","Tropical & Subtropical Moist Broadleaf Forests","vegetation; parent material","Rubber-marine","20","40",,,"cropland",,,"2019",,,"300","30","100",,"3664.9","2314.9","1350",,,,,"5.2",,"0.5","4.9",,"29.8","17.6","52.6",
"3899","203",,"19.167","109.833",,"23.83","1687.25","equatorial","Tropical & Subtropical Moist Broadleaf Forests","vegetation; parent material","Grassland-marine","20","40",,,"cropland",,,"2019",,,"150","15","80",,"1832.4","1157.4","675",,,,,"2.9",,"0.3","5.3",,"29.8","17.6","52.6",
"3900","203",,"19.167","109.833",,"23.83","1687.25","equatorial","Tropical & Subtropical Moist Broadleaf Forests","vegetation; parent material","Rubber-basalt","40","80",,,"cropland",,,"2019",,,"550","60","200",,"6879.8","4179.8","2700",,,,,"10.1",,"0.9","4.6",,"83.4","12.5","4.1",
"3901","203",,"19.167","109.833",,"23.83","1687.25","equatorial","Tropical & Subtropical Moist Broadleaf Forests","vegetation; parent material","Banana-basalt","40","80",,,"cropland",,,"2019",,,"450","50","180",,"5658.1","3408.1","2250",,,,,"8.1",,"0.9","4.8",,"83.4","12.5","4.1",
"3902","203",,"19.167","109.833",,"23.83","1687.25","equatorial","Tropical & Subtropical Moist Broadleaf Forests","vegetation; parent material","Rubber-granite","40","80",,,"cropland",,,"2019",,,"300","30","120",,"3664.9","2314.9","1350",,,,,"5.6",,"0.6","4.9",,"39.3","28.8","32",
"3903","203",,"19.167","109.833",,"23.83","1687.25","equatorial","Tropical & Subtropical Moist Broadleaf Forests","vegetation; parent material","Areca-granite","40","80",,,"cropland",,,"2019",,,"250","25","100",,"3054.1","1929.1","1125",,,,,"4.5",,"0.5","5.5",,"39.3","28.8","32",
"3904","203",,"19.167","109.833",,"23.83","1687.25","equatorial","Tropical & Subtropical Moist Broadleaf Forests","vegetation; parent material","Rubber-marine","40","80",,,"cropland",,,"2019",,,"200","20","80",,"2443.3","1543.3","900",,,,,"3.7",,"0.4","5",,"36.9","18.4","44.7",
"3905","203",,"19.167","109.833",,"23.83","1687.25","equatorial","Tropical & Subtropical Moist Broadleaf Forests","vegetation; parent material","Grassland-marine","40","80",,,"cropland",,,"2019",,,"100","10","50",,"1221.6","771.6","450",,,,,"2.7",,"0.3","5.1",,"36.9","18.4","44.7",
"3906","203",,"19.167","109.833",,"23.83","1687.25","equatorial","Tropical & Subtropical Moist Broadleaf Forests","vegetation; parent material","Rubber-basalt","80","100",,,"cropland",,,"2019",,,"400","50","150",,"5208.1","2958.1","2250",,,,,"7.6",,"0.8","4.7",,"81.4","14.5","4.1",
"3907","203",,"19.167","109.833",,"23.83","1687.25","equatorial","Tropical & Subtropical Moist Broadleaf Forests","vegetation; parent material","Banana-basalt","80","100",,,"cropland",,,"2019",,,"350","40","130",,"4436.5","2636.5","1800",,,,,"6.8",,"0.9","4.9",,"81.4","14.5","4.1",
"3908","203",,"19.167","109.833",,"23.83","1687.25","equatorial","Tropical & Subtropical Moist Broadleaf Forests","vegetation; parent material","Rubber-granite","80","100",,,"cropland",,,"2019",,,"250","25","100",,"3054.1","1929.1","1125",,,,,"4.6",,"0.6","5.1",,"41.1","35.3","23.6",
"3909","203",,"19.167","109.833",,"23.83","1687.25","equatorial","Tropical & Subtropical Moist Broadleaf Forests","vegetation; parent material","Areca-granite","80","100",,,"cropland",,,"2019",,,"200","20","80",,"2443.3","1543.3","900",,,,,"3.9",,"0.5","5.6",,"41.1","35.3","23.6",
"3910","203",,"19.167","109.833",,"23.83","1687.25","equatorial","Tropical & Subtropical Moist Broadleaf Forests","vegetation; parent material","Rubber-marine","80","100",,,"cropland",,,"2019",,,"150","15","60",,"1832.4","1157.4","675",,,,,"3.5",,"0.6","4.9",,"40","18.9","41.1",
"3911","203",,"19.167","109.833",,"23.83","1687.25","equatorial","Tropical & Subtropical Moist Broadleaf Forests","vegetation; parent material","Grassland-marine","80","100",,,"cropland",,,"2019",,,"80","8","40",,"977.3","617.3","360",,,,,"2.6",,"0.3","5.1",,"40","18.9","41.1",
"3912","194",,"42.483","127.767",,"3.37","795.21","cold/snow","Temperate Broadleaf & Mixed Forests",,,"0","15",,"Albi-Boric Argosols","forest",,,"2019","bulk soil",,"1459.81","55.7","677.02",,"14929.8","12423.3","2506.5",,,,,"44.22",,"4.26","5",,,,,"756"
"3913","194",,"33.483","111.917",,"14.86","814.46","temperate","Temperate Broadleaf & Mixed Forests",,,"0","15",,"Haplic Luvisol","forest",,,"2019","bulk soil",,"885.36","16.05","240.36",,"8484.4","7762.2","722.2",,,,,"28.65",,"1.68","4.71",,,,,"1313"
"3914","194",,"24.583","114.433",,"18.33","1674.52","temperate","Tropical & Subtropical Moist Broadleaf Forests",,,"0","15",,"Red soils","forest",,,"2019","bulk soil",,"1360.97","93.06","455.31",,"15241.8","11054.1","4187.7",,,,,"44.81",,"2.9","4.24",,,,,"482"
"3915","194",,"43.317","124.233",,"7.05","614.81","cold/snow","Temperate Broadleaf & Mixed Forests",,,"0","15",,"Mollisol","cropland",,,"2019","bulk soil",,"490.04","11.79","267.03",,"4789.5","4259","530.5",,,,,"13.52",,"1.54","7.64",,,,,"143"
"3916","194",,"35","114.533",,"14.68","646.28","temperate","Temperate Broadleaf & Mixed Forests",,,"0","15",,"Fluvo-aquic soils","cropland",,,"2019","bulk soil",,"504.13","10.69","219",,"4880.9","4399.9","481",,,,,"11.91",,"1.31","7.87",,,,,"66"
"3917","194",,"24.617","114.6",,"19.5","1712.03","temperate","Tropical & Subtropical Moist Broadleaf Forests",,,"0","15",,"Red soils","cropland",,,"2019","bulk soil",,"718.01","50.5","416.06",,"8086.3","5813.8","2272.5",,,,,"19.75",,"1.8","4.09",,,,,"332"
"3918","218",,"23.233","113.633",,"22.52","1837.47","temperate","Tropical & Subtropical Moist Broadleaf Forests","tillage","NT: no till","0","10",,,"cropland",,"rice","2022","bulk soil",,,,,,"7350","3650","3700",,,,,"17",,,,,"53.3","24.5","22.2","11"
"3919","218",,"23.233","113.633",,"22.52","1837.47","temperate","Tropical & Subtropical Moist Broadleaf Forests","tillage","RT: reduced tillage","0","10",,,"cropland",,"rice","2022","bulk soil",,,,,,"5300","2400","2900",,,,,"12.7",,,,,"53.3","24.5","22.2","11"
"3920","218",,"23.233","113.633",,"22.52","1837.47","temperate","Tropical & Subtropical Moist Broadleaf Forests","tillage","CT: conventional tillage","0","10",,,"cropland",,"rice","2022","bulk soil",,,,,,"5050","2450","2600",,,,,"12",,,,,"53.3","24.5","22.2","11"
"3921","218",,"23.233","113.633",,"22.52","1837.47","temperate","Tropical & Subtropical Moist Broadleaf Forests","tillage","NT: no till","10","20",,,"cropland",,"rice","2022","bulk soil",,,,,,"5450","2500","2950",,,,,"12.8",,,,,"53.3","24.5","22.2","11"
"3922","218",,"23.233","113.633",,"22.52","1837.47","temperate","Tropical & Subtropical Moist Broadleaf Forests","tillage","RT: reduced tillage","10","20",,,"cropland",,"rice","2022","bulk soil",,,,,,"5450","2700","2750",,,,,"12",,,,,"53.3","24.5","22.2","11"
"3923","218",,"23.233","113.633",,"22.52","1837.47","temperate","Tropical & Subtropical Moist Broadleaf Forests","tillage","CT: conventional tillage","10","20",,,"cropland",,"rice","2022","bulk soil",,,,,,"4550","2250","2300",,,,,"11.2",,,,,"53.3","24.5","22.2","11"
"3924","218",,"23.233","113.633",,"22.52","1837.47","temperate","Tropical & Subtropical Moist Broadleaf Forests","tillage","NT: no till","20","30",,,"cropland",,"rice","2022","bulk soil",,,,,,"3650","1850","1800",,,,,"10.3",,,,,"53.3","24.5","22.2","11"
"3925","218",,"23.233","113.633",,"22.52","1837.47","temperate","Tropical & Subtropical Moist Broadleaf Forests","tillage","RT: reduced tillage","20","30",,,"cropland",,"rice","2022","bulk soil",,,,,,"1900","900","1000",,,,,"5",,,,,"53.3","24.5","22.2","11"
"3926","218",,"23.233","113.633",,"22.52","1837.47","temperate","Tropical & Subtropical Moist Broadleaf Forests","tillage","CT: conventional tillage","20","30",,,"cropland",,"rice","2022","bulk soil",,,,,,"4150","1950","2200",,,,,"11.2",,,,,"53.3","24.5","22.2","11"
"3927","202",,"23.17","112.55",,"21.99","1715.28","temperate","Tropical & Subtropical Moist Broadleaf Forests",,,"0","10",,,"forest",,,"2014","bulk soil",,,,,,"3500","3000","500","13.83","1.8",,,"22.06",,"1.78","4.02",,"24.14","31.72","44.18",
"3928","202",,"23.17","112.55",,"21.99","1715.28","temperate","Tropical & Subtropical Moist Broadleaf Forests",,,"0","10",,,"forest",,,"2014","bulk soil",,,,,,"5800","5000","800","13.83","1.8",,,"22.06",,"1.78","4.02",,"24.14","31.72","44.18",
"3929","202",,"23.17","112.55",,"21.99","1715.28","temperate","Tropical & Subtropical Moist Broadleaf Forests",,,"0","10",,,"forest",,,"2014","bulk soil",,,,,,"8000","7000","1000","13.83","1.8",,,"22.06",,"1.78","4.02",,"24.14","31.72","44.18",
"3930","202",,"23.17","112.55",,"21.99","1715.28","temperate","Tropical & Subtropical Moist Broadleaf Forests",,,"0","10",,,"forest",,,"2014","bulk soil",,,,,,"9500","8000","1500","13.83","1.8",,,"22.06",,"1.78","4.02",,"24.14","31.72","44.18",
"3931","202",,"26.52","114.19",,"16.77","1520.24","temperate","Tropical & Subtropical Moist Broadleaf Forests",,,"0","10",,,"forest",,,"2014","bulk soil",,,,,,"8800","7000","1800","24.53","3.18",,,"35.52",,"2.62","4.45",,"14.76","66.02","19.22",
"3932","202",,"26.52","114.19",,"16.77","1520.24","temperate","Tropical & Subtropical Moist Broadleaf Forests",,,"0","10",,,"forest",,,"2014","bulk soil",,,,,,"10000","8000","2000","24.53","3.18",,,"35.52",,"2.62","4.45",,"14.76","66.02","19.22",
"3933","202",,"26.52","114.19",,"16.77","1520.24","temperate","Tropical & Subtropical Moist Broadleaf Forests",,,"0","10",,,"forest",,,"2014","bulk soil",,,,,,"11500","9000","2500","24.53","3.18",,,"35.52",,"2.62","4.45",,"14.76","66.02","19.22",
"3934","202",,"26.52","114.19",,"16.77","1520.24","temperate","Tropical & Subtropical Moist Broadleaf Forests",,,"0","10",,,"forest",,,"2014","bulk soil",,,,,,"12800","10000","2800","24.53","3.18",,,"35.52",,"2.62","4.45",,"14.76","66.02","19.22",
"3935","202",,"26.52","114.19",,"16.77","1520.24","temperate","Tropical & Subtropical Moist Broadleaf Forests",,,"0","10",,,"forest",,,"2014","bulk soil",,,,,,"15800","12000","3800","24.53","3.18",,,"35.52",,"2.62","4.45",,"14.76","66.02","19.22",
"3936","202",,"33.52","111.92",,"10.3","718.32","temperate","Temperate Broadleaf & Mixed Forests",,,"0","10",,,"forest",,,"2014","bulk soil",,,,,,"23000","20000","3000","40.86","4.6",,,"56.02",,"4.74","5.17",,"12.74","67.5","19.74",
"3937","202",,"33.52","111.92",,"10.3","718.32","temperate","Temperate Broadleaf & Mixed Forests",,,"0","10",,,"forest",,,"2014","bulk soil",,,,,,"25500","21000","4500","40.86","4.6",,,"56.02",,"4.74","5.17",,"12.74","67.5","19.74",
"3938","202",,"33.52","111.92",,"10.3","718.32","temperate","Temperate Broadleaf & Mixed Forests",,,"0","10",,,"forest",,,"2014","bulk soil",,,,,,"27000","22000","5000","40.86","4.6",,,"56.02",,"4.74","5.17",,"12.74","67.5","19.74",
"3939","202",,"33.52","111.92",,"10.3","718.32","temperate","Temperate Broadleaf & Mixed Forests",,,"0","10",,,"forest",,,"2014","bulk soil",,,,,,"31200","26000","5200","40.86","4.6",,,"56.02",,"4.74","5.17",,"12.74","67.5","19.74",
"3940","202",,"33.52","111.92",,"10.3","718.32","temperate","Temperate Broadleaf & Mixed Forests",,,"0","10",,,"forest",,,"2014","bulk soil",,,,,,"39500","33000","6500","40.86","4.6",,,"56.02",,"4.74","5.17",,"12.74","67.5","19.74",
"3941","202",,"40.03","115.51",,"8.7","446.63","cold/snow","Temperate Broadleaf & Mixed Forests",,,"0","10",,,"forest",,,"2014","bulk soil",,,,,,"17200","15000","2200","50.74","8.43",,,"55.9",,"1.46","6.61",,"9.08","76.36","14.54",
"3942","202",,"40.03","115.51",,"8.7","446.63","cold/snow","Temperate Broadleaf & Mixed Forests",,,"0","10",,,"forest",,,"2014","bulk soil",,,,,,"21000","18000","3000","50.74","8.43",,,"55.9",,"1.46","6.61",,"9.08","76.36","14.54",
"3943","202",,"40.03","115.51",,"8.7","446.63","cold/snow","Temperate Broadleaf & Mixed Forests",,,"0","10",,,"forest",,,"2014","bulk soil",,,,,,"33500","30000","3500","50.74","8.43",,,"55.9",,"1.46","6.61",,"9.08","76.36","14.54",
"3944","202",,"40.03","115.51",,"8.7","446.63","cold/snow","Temperate Broadleaf & Mixed Forests",,,"0","10",,,"forest",,,"2014","bulk soil",,,,,,"36500","31000","5500","50.74","8.43",,,"55.9",,"1.46","6.61",,"9.08","76.36","14.54",
"3945","202",,"40.03","115.51",,"8.7","446.63","cold/snow","Temperate Broadleaf & Mixed Forests",,,"0","10",,,"forest",,,"2014","bulk soil",,,,,,"43000","37000","6000","50.74","8.43",,,"55.9",,"1.46","6.61",,"9.08","76.36","14.54",
"3946","202",,"40.03","115.51",,"8.7","446.63","cold/snow","Temperate Broadleaf & Mixed Forests",,,"0","10",,,"forest",,,"2014","bulk soil",,,,,,"48000","41000","7000","50.74","8.43",,,"55.9",,"1.46","6.61",,"9.08","76.36","14.54",
"3947","202",,"42.07","128.08",,"1.76","764.26","cold/snow","Temperate Broadleaf & Mixed Forests",,,"0","10",,,"forest",,,"2014","bulk soil",,,,,,"66800","58000","8800","49.08","7",,,"145.14",,"11.08","5.47",,"14.12","75.62","10.26",
"3948","202",,"42.07","128.08",,"1.76","764.26","cold/snow","Temperate Broadleaf & Mixed Forests",,,"0","10",,,"forest",,,"2014","bulk soil",,,,,,"77200","68000","9200","49.08","7",,,"145.14",,"11.08","5.47",,"14.12","75.62","10.26",
"3949","202",,"42.07","128.08",,"1.76","764.26","cold/snow","Temperate Broadleaf & Mixed Forests",,,"0","10",,,"forest",,,"2014","bulk soil",,,,,,"82300","70000","12300","49.08","7",,,"145.14",,"11.08","5.47",,"14.12","75.62","10.26",
"3950","202",,"42.07","128.08",,"1.76","764.26","cold/snow","Temperate Broadleaf & Mixed Forests",,,"0","10",,,"forest",,,"2014","bulk soil",,,,,,"101300","88000","13300","49.08","7",,,"145.14",,"11.08","5.47",,"14.12","75.62","10.26",
"3951","202",,"42.07","128.08",,"1.76","764.26","cold/snow","Temperate Broadleaf & Mixed Forests",,,"0","10",,,"forest",,,"2014","bulk soil",,,,,,"102500","89000","13500","49.08","7",,,"145.14",,"11.08","5.47",,"14.12","75.62","10.26",
"3952","222",,,,,,,,,,,"0","10",,,,,,,"bulk soil",,,,,,"1000",,,,,,,"2",,,,,,,,
"3953","222",,,,,,,,,,,"0","10",,,,,,,"bulk soil",,,,,,"1500",,,,,,,"3",,,,,,,,
"3954","222",,,,,,,,,,,"0","10",,,,,,,"bulk soil",,,,,,"2000",,,,,,,"4",,,,,,,,
"3955","222",,,,,,,,,,,"0","10",,,,,,,"bulk soil",,,,,,"1500",,,,,,,"5",,,,,,,,
"3956","222",,,,,,,,,,,"0","10",,,,,,,"bulk soil",,,,,,"2500",,,,,,,"5",,,,,,,,
"3957","222",,,,,,,,,,,"0","10",,,,,,,"bulk soil",,,,,,"2000",,,,,,,"6",,,,,,,,
"3958","222",,,,,,,,,,,"0","10",,,,,,,"bulk soil",,,,,,"3000",,,,,,,"7",,,,,,,,
"3959","222",,,,,,,,,,,"0","10",,,,,,,"bulk soil",,,,,,"2500",,,,,,,"8",,,,,,,,
"3960","222",,,,,,,,,,,"0","10",,,,,,,"bulk soil",,,,,,"4000",,,,,,,"8",,,,,,,,
"3961","222",,,,,,,,,,,"0","10",,,,,,,"bulk soil",,,,,,"3000",,,,,,,"9",,,,,,,,
"3962","222",,,,,,,,,,,"0","10",,,,,,,"bulk soil",,,,,,"2000",,,,,,,"10",,,,,,,,
"3963","222",,,,,,,,,,,"0","10",,,,,,,"bulk soil",,,,,,"4000",,,,,,,"10",,,,,,,,
"3964","222",,,,,,,,,,,"0","10",,,,,,,"bulk soil",,,,,,"3500",,,,,,,"11",,,,,,,,
"3965","222",,,,,,,,,,,"0","10",,,,,,,"bulk soil",,,,,,"3000",,,,,,,"12",,,,,,,,
"3966","222",,,,,,,,,,,"0","10",,,,,,,"bulk soil",,,,,,"5000",,,,,,,"12",,,,,,,,
"3967","222",,,,,,,,,,,"0","10",,,,,,,"bulk soil",,,,,,"4000",,,,,,,"13",,,,,,,,
"3968","222",,,,,,,,,,,"0","10",,,,,,,"bulk soil",,,,,,"3000",,,,,,,"14",,,,,,,,
"3969","222",,,,,,,,,,,"0","10",,,,,,,"bulk soil",,,,,,"4500",,,,,,,"15",,,,,,,,
"3970","222",,,,,,,,,,,"0","10",,,,,,,"bulk soil",,,,,,"6000",,,,,,,"15",,,,,,,,
"3971","222",,,,,,,,,,,"0","10",,,,,,,"bulk soil",,,,,,"5000",,,,,,,"16",,,,,,,,
"3972","222",,,,,,,,,,,"0","10",,,,,,,"bulk soil",,,,,,"4000",,,,,,,"17",,,,,,,,
"3973","222",,,,,,,,,,,"0","10",,,,,,,"bulk soil",,,,,,"5500",,,,,,,"18",,,,,,,,
"3974","222",,,,,,,,,,,"0","10",,,,,,,"bulk soil",,,,,,"7000",,,,,,,"18",,,,,,,,
"3975","222",,,,,,,,,,,"0","10",,,,,,,"bulk soil",,,,,,"6000",,,,,,,"19",,,,,,,,
"3976","222",,,,,,,,,,,"0","10",,,,,,,"bulk soil",,,,,,"5000",,,,,,,"20",,,,,,,,
"3977","222",,,,,,,,,,,"0","10",,,,,,,"bulk soil",,,,,,"7500",,,,,,,"20",,,,,,,,
"3978","222",,,,,,,,,,,"0","10",,,,,,,"bulk soil",,,,,,"6000",,,,,,,"21",,,,,,,,
"3979","222",,,,,,,,,,,"0","10",,,,,,,"bulk soil",,,,,,"8000",,,,,,,"22",,,,,,,,
"3980","222",,,,,,,,,,,"0","10",,,,,,,"bulk soil",,,,,,"10000",,,,,,,"22",,,,,,,,
"3981","222",,,,,,,,,,,"0","10",,,,,,,"bulk soil",,,,,,"7000",,,,,,,"23",,,,,,,,
"3982","222",,,,,,,,,,,"0","10",,,,,,,"bulk soil",,,,,,"9000",,,,,,,"24",,,,,,,,
"3983","222",,,,,,,,,,,"0","10",,,,,,,"bulk soil",,,,,,"8000",,,,,,,"25",,,,,,,,
"3984","222",,,,,,,,,,,"0","10",,,,,,,"bulk soil",,,,,,"11000",,,,,,,"25",,,,,,,,
"3985","222",,,,,,,,,,,"0","10",,,,,,,"bulk soil",,,,,,"9500",,,,,,,"26",,,,,,,,
"3986","222",,,,,,,,,,,"0","10",,,,,,,"bulk soil",,,,,,"10000",,,,,,,"27",,,,,,,,
"3987","222",,,,,,,,,,,"0","10",,,,,,,"bulk soil",,,,,,"11000",,,,,,,"28",,,,,,,,
"3988","222",,,,,,,,,,,"0","10",,,,,,,"bulk soil",,,,,,"13000",,,,,,,"28",,,,,,,,
"3989","222",,,,,,,,,,,"0","10",,,,,,,"bulk soil",,,,,,"10000",,,,,,,"29",,,,,,,,
"3990","222",,,,,,,,,,,"0","10",,,,,,,"bulk soil",,,,,,"12000",,,,,,,"30",,,,,,,,
"3991","222",,,,,,,,,,,"0","10",,,,,,,"bulk soil",,,,,,"14000",,,,,,,"30",,,,,,,,
"3992","222",,,,,,,,,,,"0","10",,,,,,,"bulk soil",,,,,,"11000",,,,,,,"31",,,,,,,,
"3993","222",,,,,,,,,,,"0","10",,,,,,,"bulk soil",,,,,,"13000",,,,,,,"32",,,,,,,,
"3994","222",,,,,,,,,,,"0","10",,,,,,,"bulk soil",,,,,,"9000",,,,,,,"33",,,,,,,,
"3995","222",,,,,,,,,,,"0","10",,,,,,,"bulk soil",,,,,,"14000",,,,,,,"34",,,,,,,,
"3996","222",,,,,,,,,,,"0","10",,,,,,,"bulk soil",,,,,,"12000",,,,,,,"35",,,,,,,,
"3997","222",,,,,,,,,,,"0","10",,,,,,,"bulk soil",,,,,,"16000",,,,,,,"35",,,,,,,,
"3998","222",,,,,,,,,,,"0","10",,,,,,,"bulk soil",,,,,,"13000",,,,,,,"36",,,,,,,,
"3999","222",,,,,,,,,,,"0","10",,,,,,,"bulk soil",,,,,,"15000",,,,,,,"37",,,,,,,,
"4000","222",,,,,,,,,,,"0","10",,,,,,,"bulk soil",,,,,,"11000",,,,,,,"38",,,,,,,,
"4001","222",,,,,,,,,,,"0","10",,,,,,,"bulk soil",,,,,,"17000",,,,,,,"38",,,,,,,,
"4002","222",,,,,,,,,,,"0","10",,,,,,,"bulk soil",,,,,,"9000",,,,,,,"40",,,,,,,,
"4003","222",,,,,,,,,,,"0","10",,,,,,,"bulk soil",,,,,,"15000",,,,,,,"40",,,,,,,,
"4004","222",,,,,,,,,,,"0","10",,,,,,,"bulk soil",,,,,,"16000",,,,,,,"41",,,,,,,,
"4005","222",,,,,,,,,,,"0","10",,,,,,,"bulk soil",,,,,,"14000",,,,,,,"42",,,,,,,,
"4006","222",,,,,,,,,,,"0","10",,,,,,,"bulk soil",,,,,,"15000",,,,,,,"43",,,,,,,,
"4007","222",,,,,,,,,,,"0","10",,,,,,,"bulk soil",,,,,,"13000",,,,,,,"45",,,,,,,,
"4008","222",,,,,,,,,,,"0","10",,,,,,,"bulk soil",,,,,,"16000",,,,,,,"46",,,,,,,,
"4009","222",,,,,,,,,,,"0","10",,,,,,,"bulk soil",,,,,,"11000",,,,,,,"48",,,,,,,,
"4010","222",,,,,,,,,,,"0","10",,,,,,,"bulk soil",,,,,,"9000",,,,,,,"50",,,,,,,,
"4011","222",,,,,,,,,,,"0","10",,,,,,,"bulk soil",,,,,,"17000",,,,,,,"52",,,,,,,,
"4012","222",,,,,,,,,,,"0","10",,,,,,,"bulk soil",,,,,,"16000",,,,,,,"55",,,,,,,,
"4013","222",,,,,,,,,,,"0","10",,,,,,,"bulk soil",,,,,,"11000",,,,,,,"58",,,,,,,,
"4014","222",,,,,,,,,,,"0","10",,,,,,,"bulk soil",,,,,,"18000",,,,,,,"60",,,,,,,,
"4015","222",,,,,,,,,,,"0","10",,,,,,,"bulk soil",,,,,,"19000",,,,,,,"62",,,,,,,,
"4016","222",,,,,,,,,,,"0","10",,,,,,,"bulk soil",,,,,,"15000",,,,,,,"65",,,,,,,,
"4017","222",,,,,,,,,,,"0","10",,,,,,,"bulk soil",,,,,,"20000",,,,,,,"65",,,,,,,,
"4018","222",,,,,,,,,,,"0","10",,,,,,,"bulk soil",,,,,,"21000",,,,,,,"68",,,,,,,,
"4019","222",,,,,,,,,,,"0","10",,,,,,,"bulk soil",,,,,,"20000",,,,,,,"70",,,,,,,,
"4020","222",,,,,,,,,,,"0","10",,,,,,,"bulk soil",,,,,,"23000",,,,,,,"72",,,,,,,,
"4021","222",,,,,,,,,,,"0","10",,,,,,,"bulk soil",,,,,,"24000",,,,,,,"73",,,,,,,,
"4022","222",,,,,,,,,,,"0","10",,,,,,,"bulk soil",,,,,,"25000",,,,,,,"74",,,,,,,,
"4023","222",,,,,,,,,,,"0","10",,,,,,,"bulk soil",,,,,,"20000",,,,,,,"75",,,,,,,,
"4024","222",,,,,,,,,,,"0","10",,,,,,,"bulk soil",,,,,,"24000",,,,,,,"75",,,,,,,,
"4025","222",,,,,,,,,,,"0","10",,,,,,,"bulk soil",,,,,,"22000",,,,,,,"78",,,,,,,,
"4026","222",,,,,,,,,,,"0","10",,,,,,,"bulk soil",,,,,,"27000",,,,,,,"95",,,,,,,,
"4027","212",,"22.735","113.504",,,,"temperate","Tropical & Subtropical Moist Broadleaf Forests",,,"0","10",,,"wetland","coastal wetland","Kandelia obovata, Aegiceras corniculatum, and Sonneratia apetala ","2022","aggregate",">0.250mm",,,,,"5550","4600","950",,,"210","68.26","42",,"2.2",,,,,,
"4028","212",,"22.735","113.504",,,,"temperate","Tropical & Subtropical Moist Broadleaf Forests",,,"0","10",,,"wetland","coastal wetland","Kandelia obovata, Aegiceras corniculatum, and Sonneratia apetala ","2022","aggregate","0.250-0.053mm",,,,,"1900","1600","300",,,"40","14.29","8",,"0.4",,,,,,
"4029","212",,"22.735","113.504",,,,"temperate","Tropical & Subtropical Moist Broadleaf Forests",,,"0","10",,,"wetland","coastal wetland","Kandelia obovata, Aegiceras corniculatum, and Sonneratia apetala ","2022","aggregate","<0.053mm",,,,,"2200","1600","600",,,"150","74.74","10",,"0.5",,,,,,
"4030","212",,"22.735","113.504",,,,"temperate","Tropical & Subtropical Moist Broadleaf Forests",,,"10","20",,,"wetland","coastal wetland","Kandelia obovata, Aegiceras corniculatum, and Sonneratia apetala ","2022","aggregate",">0.250mm",,,,,"3400","2800","600",,,"90","49.45","20",,"1.1",,,,,,
"4031","212",,"22.735","113.504",,,,"temperate","Tropical & Subtropical Moist Broadleaf Forests",,,"10","20",,,"wetland","coastal wetland","Kandelia obovata, Aegiceras corniculatum, and Sonneratia apetala ","2022","aggregate","0.250-0.053mm",,,,,"2200","1800","400",,,"50","38.76","8",,"0.5",,,,,,
"4032","212",,"22.735","113.504",,,,"temperate","Tropical & Subtropical Moist Broadleaf Forests",,,"10","20",,,"wetland","coastal wetland","Kandelia obovata, Aegiceras corniculatum, and Sonneratia apetala ","2022","aggregate","<0.053mm",,,,,"2200","1700","500",,,"100","53.39","8",,"0.6",,,,,,
"4033","212",,"22.735","113.504",,,,"temperate","Tropical & Subtropical Moist Broadleaf Forests",,,"20","30",,,"wetland","coastal wetland","Kandelia obovata, Aegiceras corniculatum, and Sonneratia apetala ","2022","aggregate",">0.250mm",,,,,"2700","2200","500",,,"110","57.69","11",,"0.9",,,,,,
"4034","212",,"22.735","113.504",,,,"temperate","Tropical & Subtropical Moist Broadleaf Forests",,,"20","30",,,"wetland","coastal wetland","Kandelia obovata, Aegiceras corniculatum, and Sonneratia apetala ","2022","aggregate","0.250-0.053mm",,,,,"2250","1900","350",,,"50","27.92","11",,"0.8",,,,,,
"4035","212",,"22.735","113.504",,,,"temperate","Tropical & Subtropical Moist Broadleaf Forests",,,"20","30",,,"wetland","coastal wetland","Kandelia obovata, Aegiceras corniculatum, and Sonneratia apetala ","2022","aggregate","<0.053mm",,,,,"2250","1700","550",,,"60","24.44","9",,"0.6",,,,,,
"4036","212",,"22.735","113.504",,,,"temperate","Tropical & Subtropical Moist Broadleaf Forests",,,"0","10",,,"wetland","coastal wetland",,"2022","aggregate",">0.250mm",,,,,"4350","2900","1450",,,"310","13.48","13",,"1.2",,,,,,
"4037","212",,"22.735","113.504",,,,"temperate","Tropical & Subtropical Moist Broadleaf Forests",,,"0","10",,,"wetland","coastal wetland",,"2022","aggregate","0.250-0.053mm",,,,,"4650","3200","1450",,,"160","8.66","10",,"1.2",,,,,,
"4038","212",,"22.735","113.504",,,,"temperate","Tropical & Subtropical Moist Broadleaf Forests",,,"0","10",,,"wetland","coastal wetland",,"2022","aggregate","<0.053mm",,,,,"3950","2400","1550",,,"210","31.31","9",,"1.2",,,,,,
"4039","212",,"22.735","113.504",,,,"temperate","Tropical & Subtropical Moist Broadleaf Forests",,,"10","20",,,"wetland","coastal wetland",,"2022","aggregate",">0.250mm",,,,,"4350","2900","1450",,,"170","15.65","12",,"1",,,,,,
"4040","212",,"22.735","113.504",,,,"temperate","Tropical & Subtropical Moist Broadleaf Forests",,,"10","20",,,"wetland","coastal wetland",,"2022","aggregate","0.250-0.053mm",,,,,"4600","3100","1500",,,"110","22.11","9",,"1.2",,,,,,
"4041","212",,"22.735","113.504",,,,"temperate","Tropical & Subtropical Moist Broadleaf Forests",,,"10","20",,,"wetland","coastal wetland",,"2022","aggregate","<0.053mm",,,,,"3550","2200","1350",,,"180","27.35","8",,"1",,,,,,
"4042","212",,"22.735","113.504",,,,"temperate","Tropical & Subtropical Moist Broadleaf Forests",,,"20","30",,,"wetland","coastal wetland",,"2022","aggregate",">0.250mm",,,,,"3600","2200","1400",,,"130","26.28","10",,"0.9",,,,,,
"4043","212",,"22.735","113.504",,,,"temperate","Tropical & Subtropical Moist Broadleaf Forests",,,"20","30",,,"wetland","coastal wetland",,"2022","aggregate","0.250-0.053mm",,,,,"3950","2500","1450",,,"190","16.21","8",,"1",,,,,,
"4044","212",,"22.735","113.504",,,,"temperate","Tropical & Subtropical Moist Broadleaf Forests",,,"20","30",,,"wetland","coastal wetland",,"2022","aggregate","<0.053mm",,,,,"3400","2000","1400",,,"160","28.59","7",,"0.9",,,,,,
"4045","212",,"22.735","113.504",,,,"temperate","Tropical & Subtropical Moist Broadleaf Forests",,,"0","10",,,"wetland","coastal wetland",,"2022","aggregate",">0.250mm",,,,,"850","600","250",,,"35","47.27","3",,"0.4",,,,,,
"4046","212",,"22.735","113.504",,,,"temperate","Tropical & Subtropical Moist Broadleaf Forests",,,"0","10",,,"wetland","coastal wetland",,"2022","aggregate","0.250-0.053mm",,,,,"850","600","250",,,"40","26.9","3",,"0.4",,,,,,
"4047","212",,"22.735","113.504",,,,"temperate","Tropical & Subtropical Moist Broadleaf Forests",,,"0","10",,,"wetland","coastal wetland",,"2022","aggregate","<0.053mm",,,,,"800","500","300",,,"110","16.34","3",,"0.4",,,,,,
"4048","212",,"22.735","113.504",,,,"temperate","Tropical & Subtropical Moist Broadleaf Forests",,,"10","20",,,"wetland","coastal wetland",,"2022","aggregate",">0.250mm",,,,,"950","700","250",,,"80","26.23","2.5",,"0.4",,,,,,
"4049","212",,"22.735","113.504",,,,"temperate","Tropical & Subtropical Moist Broadleaf Forests",,,"10","20",,,"wetland","coastal wetland",,"2022","aggregate","0.250-0.053mm",,,,,"550","400","150",,,"70","42.6","2.5",,"0.4",,,,,,
"4050","212",,"22.735","113.504",,,,"temperate","Tropical & Subtropical Moist Broadleaf Forests",,,"10","20",,,"wetland","coastal wetland",,"2022","aggregate","<0.053mm",,,,,"800","500","300",,,"100","27.06","2.5",,"0.4",,,,,,
"4051","212",,"22.735","113.504",,,,"temperate","Tropical & Subtropical Moist Broadleaf Forests",,,"20","30",,,"wetland","coastal wetland",,"2022","aggregate",">0.250mm",,,,,"850","600","250",,,"10","10.02","2",,"0.5",,,,,,
"4052","212",,"22.735","113.504",,,,"temperate","Tropical & Subtropical Moist Broadleaf Forests",,,"20","30",,,"wetland","coastal wetland",,"2022","aggregate","0.250-0.053mm",,,,,"600","400","200",,,"80","30.58","2",,"0.5",,,,,,
"4053","212",,"22.735","113.504",,,,"temperate","Tropical & Subtropical Moist Broadleaf Forests",,,"20","30",,,"wetland","coastal wetland",,"2022","aggregate","<0.053mm",,,,,"600","400","200",,,"110","43.73","2",,"0.5",,,,,,
"4054","224",,"28.97","112",,"16.92","1468.33","temperate","Temperate Broadleaf & Mixed Forests",,,"0","5",,,"wetland",,,,"bulk soil",,,,,,"2700",,,,,,,"88.5",,,,,,,,
"4055","224",,"28.97","112",,"16.92","1468.33","temperate","Temperate Broadleaf & Mixed Forests",,,"5","10",,,"wetland",,,,"bulk soil",,,,,,"2400",,,,,,,"84.2",,,,,,,,
"4056","224",,"28.97","112",,"16.92","1468.33","temperate","Temperate Broadleaf & Mixed Forests",,,"10","15",,,"wetland",,,,"bulk soil",,,,,,"2350",,,,,,,"87",,,,,,,,
"4057","224",,"28.97","112",,"16.92","1468.33","temperate","Temperate Broadleaf & Mixed Forests",,,"15","20",,,"wetland",,,,"bulk soil",,,,,,"2400",,,,,,,"90.6",,,,,,,,
"4058","224",,"28.97","112",,"16.92","1468.33","temperate","Temperate Broadleaf & Mixed Forests",,,"20","25",,,"wetland",,,,"bulk soil",,,,,,"2500",,,,,,,"96.2",,,,,,,,
"4059","224",,"28.97","112",,"16.92","1468.33","temperate","Temperate Broadleaf & Mixed Forests",,,"25","30",,,"wetland",,,,"bulk soil",,,,,,"2900",,,,,,,"118.4",,,,,,,,
"4060","224",,"28.97","112",,"16.92","1468.33","temperate","Temperate Broadleaf & Mixed Forests",,,"30","35",,,"wetland",,,,"bulk soil",,,,,,"2400",,,,,,,"102.1",,,,,,,,
"4061","224",,"28.97","112",,"16.92","1468.33","temperate","Temperate Broadleaf & Mixed Forests",,,"35","40",,,"wetland",,,,"bulk soil",,,,,,"3100",,,,,,,"131.9",,,,,,,,
"4062","224",,"28.9","111.97",,"16.92","1468.33","temperate","Temperate Broadleaf & Mixed Forests",,,"0","5",,,"wetland",,,,"bulk soil",,,,,,"2650",,,,,,,"91.4",,,,,,,,
"4063","224",,"28.9","111.97",,"16.92","1468.33","temperate","Temperate Broadleaf & Mixed Forests",,,"5","10",,,"wetland",,,,"bulk soil",,,,,,"3700",,,,,,,"129.8",,,,,,,,
"4064","224",,"28.9","111.97",,"16.92","1468.33","temperate","Temperate Broadleaf & Mixed Forests",,,"10","15",,,"wetland",,,,"bulk soil",,,,,,"4000",,,,,,,"131.1",,,,,,,,
"4065","224",,"28.9","111.97",,"16.92","1468.33","temperate","Temperate Broadleaf & Mixed Forests",,,"15","20",,,"wetland",,,,"bulk soil",,,,,,"3800",,,,,,,"122.6",,,,,,,,
"4066","224",,"28.9","111.97",,"16.92","1468.33","temperate","Temperate Broadleaf & Mixed Forests",,,"20","25",,,"wetland",,,,"bulk soil",,,,,,"4200",,,,,,,"147.4",,,,,,,,
"4067","224",,"28.9","111.97",,"16.92","1468.33","temperate","Temperate Broadleaf & Mixed Forests",,,"25","30",,,"wetland",,,,"bulk soil",,,,,,"5500",,,,,,,"150.7",,,,,,,,
"4068","224",,"28.9","111.97",,"16.92","1468.33","temperate","Temperate Broadleaf & Mixed Forests",,,"30","35",,,"wetland",,,,"bulk soil",,,,,,"4900",,,,,,,"142",,,,,,,,
"4069","224",,"28.9","111.97",,"16.92","1468.33","temperate","Temperate Broadleaf & Mixed Forests",,,"35","40",,,"wetland",,,,"bulk soil",,,,,,"4300",,,,,,,"124.6",,,,,,,,
"4070","224",,"28.95","112.13",,"17.28","1404","temperate","Temperate Broadleaf & Mixed Forests",,,"0","5",,,"wetland",,,,"bulk soil",,,,,,"3000",,,,,,,"107.1",,,,,,,,
"4071","224",,"28.95","112.13",,"17.28","1404","temperate","Temperate Broadleaf & Mixed Forests",,,"5","10",,,"wetland",,,,"bulk soil",,,,,,"3300",,,,,,,"115.8",,,,,,,,
"4072","224",,"28.95","112.13",,"17.28","1404","temperate","Temperate Broadleaf & Mixed Forests",,,"10","15",,,"wetland",,,,"bulk soil",,,,,,"3600",,,,,,,"128.6",,,,,,,,
"4073","224",,"28.95","112.13",,"17.28","1404","temperate","Temperate Broadleaf & Mixed Forests",,,"15","20",,,"wetland",,,,"bulk soil",,,,,,"3400",,,,,,,"128.3",,,,,,,,
"4074","224",,"28.95","112.13",,"17.28","1404","temperate","Temperate Broadleaf & Mixed Forests",,,"20","25",,,"wetland",,,,"bulk soil",,,,,,"2500",,,,,,,"96.2",,,,,,,,
"4075","224",,"28.95","112.13",,"17.28","1404","temperate","Temperate Broadleaf & Mixed Forests",,,"25","30",,,"wetland",,,,"bulk soil",,,,,,"2150",,,,,,,"87.8",,,,,,,,
"4076","224",,"28.95","112.13",,"17.28","1404","temperate","Temperate Broadleaf & Mixed Forests",,,"30","35",,,"wetland",,,,"bulk soil",,,,,,"2200",,,,,,,"91.7",,,,,,,,
"4077","224",,"28.95","112.13",,"17.28","1404","temperate","Temperate Broadleaf & Mixed Forests",,,"35","40",,,"wetland",,,,"bulk soil",,,,,,"2100",,,,,,,"87.5",,,,,,,,
"4078","224",,"28.92","112.42",,"17.28","1404","temperate","Temperate Broadleaf & Mixed Forests",,,"0","5",,,"wetland",,,,"bulk soil",,,,,,"1800",,,,,,,"87.8",,,,,,,,
"4079","224",,"28.92","112.42",,"17.28","1404","temperate","Temperate Broadleaf & Mixed Forests",,,"5","10",,,"wetland",,,,"bulk soil",,,,,,"2300",,,,,,,"95.8",,,,,,,,
"4080","224",,"28.92","112.42",,"17.28","1404","temperate","Temperate Broadleaf & Mixed Forests",,,"10","15",,,"wetland",,,,"bulk soil",,,,,,"2050",,,,,,,"93.2",,,,,,,,
"4081","224",,"28.92","112.42",,"17.28","1404","temperate","Temperate Broadleaf & Mixed Forests",,,"15","20",,,"wetland",,,,"bulk soil",,,,,,"2350",,,,,,,"104.4",,,,,,,,
"4082","224",,"28.92","112.42",,"17.28","1404","temperate","Temperate Broadleaf & Mixed Forests",,,"20","25",,,"wetland",,,,"bulk soil",,,,,,"2150",,,,,,,"97.7",,,,,,,,
"4083","224",,"28.92","112.42",,"17.28","1404","temperate","Temperate Broadleaf & Mixed Forests",,,"25","30",,,"wetland",,,,"bulk soil",,,,,,"2700",,,,,,,"101.9",,,,,,,,
"4084","224",,"28.92","112.42",,"17.28","1404","temperate","Temperate Broadleaf & Mixed Forests",,,"30","35",,,"wetland",,,,"bulk soil",,,,,,"3050",,,,,,,"119.6",,,,,,,,
"4085","224",,"28.92","112.42",,"17.28","1404","temperate","Temperate Broadleaf & Mixed Forests",,,"35","40",,,"wetland",,,,"bulk soil",,,,,,"2350",,,,,,,"92.2",,,,,,,,
